1,1,1,1644655596
1,2,1,1642728832
1,3,1,1643625608
1,4,1,1644998869
1,5,1,1644664546
2,1,1,1642929902
2,6,1,1607175968
2,7,1,1643983604
2,8,1,1627178469
2,9,1,1615637370
3,1,1,1644896207
3,10,1,1644738835
3,11,1,1645401495
3,12,1,1645282568
3,13,1,1645089487
4,1,1,1643784872
4,14,1,1639889022
4,15,1,1639891840
4,16,1,1639891495
4,17,1,1640084006
5,1,1,1643433514
5,18,1,1642747176
5,19,1,1643033716
5,3,1,1643603158
5,20,1,1643442347
5,21,1,1643074649
5,22,1,1642988455
5,23,1,1642987609
5,24,1,1642988075
6,1,1,1643182380
6,25,1,1643611788
6,26,1,1638025305
6,22,1,1643209882
6,27,1,1643612088
7,1,1,1643116131
7,28,1,1643373569
7,29,1,1633525976
7,30,1,1633599380
7,31,1,1643270177
8,1,1,1643049536
8,32,1,1595076796
8,33,1,1635709996
8,34,1,1614013296
8,35,1,1598961167
8,36,1,1634607057
8,24,1,1642161040
9,1,1,1643040866
9,33,1,1635872255
9,37,1,1634564558
9,38,1,1638714996
9,39,1,1634038668
10,1,1,1642929090
10,40,1,1616389665
10,41,1,1636208573
10,39,1,1600075538
10,42,1,1615683295
11,1,1,1642909605
11,43,1,1621502702
11,44,1,1568462717
11,45,1,1578996457
11,46,1,1609471979
12,1,1,1642920881
12,47,1,1633658150
12,41,1,1648449387
12,48,1,1642929470
12,49,1,1640851541
12,13,1,1633056129
13,1,1,1642912115
13,50,1,1633503265
13,51,1,1647504195
13,52,1,1632151087
13,53,1,1632883268
14,1,1,1642952852
14,54,1,1589985165
14,55,1,1637078950
14,12,1,1582946319
14,56,1,1643292274
15,1,1,1642910533
15,57,1,1628247319
15,58,1,1634119180
15,23,1,1640927441
15,59,1,1642512514
16,1,1,1642910442
16,60,1,1620925832
16,39,1,1599992867
16,30,1,1626359353
16,13,1,1606995706
17,1,1,1642910057
17,61,1,1645085427
17,62,1,1642148164
17,63,1,1642497188
17,64,1,1642583602
18,1,1,1643614754
18,65,1,1622999371
18,66,1,1650213754
18,67,1,1622834009
18,51,1,1649176342
18,68,1,1636173701
19,69,1,1643189118
19,70,1,1632912777
19,71,1,1631838659
19,72,1,1643188261
19,73,1,1643360366
19,74,1,1632473260
20,69,1,1632734171
20,75,1,1630754295
20,65,1,1600605253
20,76,1,1633411992
20,67,1,1604568372
20,53,1,1631661548
20,77,1,1608950412
20,78,1,1630805801
21,69,1,1638097141
21,79,1,1634129956
21,80,1,1633926468
21,72,1,1638096443
21,81,1,1642220692
22,69,1,1642565014
22,82,1,1643703304
22,72,1,1641652353
22,83,1,1643626675
22,84,1,1643603339
23,69,1,1633239398
23,43,1,1627109141
23,85,1,1626442932
23,86,1,1627398841
23,87,1,1626248167
24,69,1,1630488924
24,88,1,1597916104
24,89,1,1614762305
24,90,1,1626441306
24,73,1,1642498682
25,69,1,1630497588
25,18,1,1642499211
25,91,1,1647790489
25,92,1,1642499797
25,93,1,1633872208
26,69,1,1632553097
26,94,1,1637110846
26,95,1,1605619696
26,96,1,1639276814
26,97,1,1582111775
27,69,1,1630617619
27,98,1,1635969741
27,99,1,1617113907
27,100,1,1630844906
27,101,1,1629411007
28,69,1,1630603048
28,102,1,1531820066
28,103,1,1563298029
28,104,1,1516700774
28,105,1,1604760591
28,106,1,1607959850
29,69,1,1630512114
29,107,1,1603698489
29,108,1,1580559654
29,109,1,1636516971
29,110,1,1627377015
29,111,1,1605778573
30,69,1,1630506875
30,112,1,1613830006
30,113,1,1615541138
30,114,1,1612924913
30,115,1,1628951842
31,69,1,1630492168
31,112,1,1613835157
31,116,1,1631164294
31,117,1,1583312686
31,118,1,1634435623
31,119,1,1643365082
32,69,1,1630491653
32,120,1,1606037795
32,121,1,1595929385
32,122,1,1582105040
32,123,1,1599818640
33,69,1,1630489310
33,124,1,1566039899
33,125,1,1561088760
33,126,1,1572347979
33,127,1,1573301360
33,128,1,1567765469
34,129,1,1628332681
34,130,1,1641060642
34,131,1,1638695963
34,132,1,1640684426
34,133,1,1636192534
34,134,1,1621594039
35,129,1,1628338846
35,135,1,1639730200
35,136,1,1597459382
35,130,1,1641042898
35,137,1,1605798312
36,129,1,1640440139
36,138,1,1584204071
36,139,1,1585721214
36,33,1,1635744369
36,140,1,1589253817
37,129,1,1630592878
37,141,1,1631350050
37,2,1,1630592299
37,142,1,1632499881
37,71,1,1633072572
37,133,1,1636213235
37,143,1,1634146523
38,129,1,1628350876
38,130,1,1641037833
38,131,1,1638703020
38,132,1,1640683252
38,133,1,1636209007
39,129,1,1628339377
39,144,1,1617205354
39,145,1,1643533638
39,146,1,1629598538
39,147,1,1628067243
39,133,1,1636191185
40,129,1,1628336516
40,148,1,1641528866
40,149,1,1596721172
40,150,1,1615119001
40,151,1,1575379751
41,152,1,1633954042
41,116,1,1631623249
41,153,1,1631884195
41,96,1,1620734570
41,154,1,1628771393
41,155,1,1639231152
41,156,1,1631883811
42,152,1,1633318289
42,157,1,1643885981
42,158,1,1634641175
42,159,1,1594817778
42,160,1,1587453268
43,152,1,1631886766
43,120,1,1608468832
43,161,1,1629295635
43,162,1,1634810920
43,163,1,1609074142
44,152,1,1631884528
44,164,1,1632715112
44,165,1,1631444098
44,166,1,1598800245
44,167,1,1638802848
45,152,1,1633242129
45,142,1,1630831875
45,168,1,1641990979
45,52,1,1632785655
45,169,1,1644204790
45,170,1,1635930343
45,171,1,1631462270
46,152,1,1632055130
46,172,1,1630535397
46,173,1,1620853874
46,174,1,1634219516
46,175,1,1618024659
47,152,1,1631889959
47,176,1,1619706348
47,177,1,1622033835
47,178,1,1623504300
47,144,1,1617192498
47,179,1,1617804111
47,50,1,1631938824
47,180,1,1616752957
48,152,1,1631896485
48,2,1,1631633972
48,40,1,1616601506
48,181,1,1629957751
48,182,1,1590895707
48,183,1,1643622083
48,184,1,1601116308
49,152,1,1633331774
49,185,1,1641499961
49,186,1,1641860581
49,156,1,1633550077
49,187,1,1632082467
50,152,1,1633330269
50,188,1,1642940013
50,189,1,1630115031
50,190,1,1644224373
50,38,1,1638670215
51,152,1,1633342017
51,191,1,1626952884
51,169,1,1642344668
51,192,1,1598725067
51,13,1,1607175775
52,152,1,1631984426
52,193,1,1635094338
52,194,1,1613755543
52,195,1,1637945803
52,196,1,1635264803
53,152,1,1631930753
53,197,1,1593672960
53,198,1,1634022396
53,199,1,1490789303
53,200,1,1581907470
53,201,1,1627524182
54,152,1,1631926024
54,202,1,1603258932
54,203,1,1606570629
54,204,1,1604892569
54,205,1,1643628821
54,206,1,1606034115
54,207,1,1606004043
55,152,1,1631890757
55,208,1,1558661598
55,148,1,1641555838
55,204,1,1604889635
55,11,1,1625374616
56,152,1,1631875368
56,10,1,1637884340
56,209,1,1636192276
56,210,1,1643207778
56,211,1,1636253990
56,212,1,1642829023
57,152,1,1631874577
57,213,1,1595169518
57,214,1,1632706408
57,215,1,1602503073
57,60,1,1620921065
58,152,1,1631872282
58,67,1,1604207522
58,216,1,1644663448
58,38,1,1638621378
58,184,1,1601198408
58,171,1,1631336955
58,13,1,1607079907
59,217,1,1589631140
59,218,1,1588430948
59,219,1,1588164275
59,220,1,1588495034
59,221,1,1588397661
60,217,1,1588939779
60,222,1,1607528300
60,189,1,1629871937
60,38,1,1638771392
60,137,1,1600498481
61,217,1,1586496612
61,223,1,1625400082
61,224,1,1640865994
61,225,1,1612638890
61,226,1,1621007929
62,217,1,1590024213
62,227,1,1585009451
62,228,1,1584928377
62,122,1,1585176142
62,229,1,1585819821
63,217,1,1581938704
63,230,1,1594990922
63,231,1,1619782439
63,232,1,1625305787
63,233,1,1600688764
63,234,1,1598654006
64,217,1,1581782823
64,235,1,1599910572
64,236,1,1606661564
64,237,1,1608810721
64,238,1,1601818595
65,217,1,1581676164
65,88,1,1597920539
65,239,1,1584959419
65,240,1,1589635290
65,241,1,1584961957
65,242,1,1595220414
66,217,1,1592505571
66,121,1,1596133550
66,243,1,1637561566
66,244,1,1626621975
66,245,1,1600284420
66,246,1,1600541539
67,217,1,1583328670
67,247,1,1582622886
67,228,1,1583209019
67,248,1,1582545115
67,249,1,1583209033
68,217,1,1582095402
68,250,1,1595595203
68,251,1,1599567502
68,252,1,1631104622
68,253,1,1592052557
68,254,1,1641472583
69,217,1,1581934308
69,255,1,1576816825
69,256,1,1644224342
69,257,1,1634905501
69,201,1,1627375589
70,217,1,1581824276
70,235,1,1599635987
70,197,1,1620123424
70,258,1,1599991974
70,259,1,1611315683
70,260,1,1621093905
71,217,1,1581815611
71,261,1,1581173445
71,239,1,1592928671
71,262,1,1616952216
71,263,1,1580576580
71,264,1,1617102314
72,217,1,1581770762
72,265,1,1593778798
72,266,1,1614520685
72,256,1,1643895820
72,267,1,1624196201
73,217,1,1581756799
73,268,1,1630857351
73,269,1,1584252643
73,270,1,1614313005
73,271,1,1644067786
73,272,1,1641872143
74,217,1,1581736776
74,117,1,1583328350
74,273,1,1577284046
74,274,1,1626096449
74,229,1,1586087168
75,217,1,1581703818
75,164,1,1632714656
75,32,1,1595085865
75,112,1,1613812912
75,275,1,1581338318
76,217,1,1581692327
76,276,1,1573135646
76,277,1,1556284229
76,278,1,1573388727
76,221,1,1579700910
77,217,1,1581679823
77,279,1,1588864173
77,280,1,1573644471
77,281,1,1566483715
77,282,1,1560084284
77,283,1,1619233461
78,217,1,1581676716
78,276,1,1573048640
78,284,1,1602063291
78,122,1,1582111355
78,285,1,1589464530
78,278,1,1573401073
78,286,1,1574859851
78,221,1,1579614797
79,217,1,1581675823
79,287,1,1612783849
79,288,1,1595647384
79,289,1,1614485839
79,290,1,1585372817
79,291,1,1612100633
80,292,1,1624089541
80,293,1,1625068260
80,191,1,1625939268
80,294,1,1624090148
80,295,1,1633190330
80,296,1,1628613393
81,292,1,1609724396
81,297,1,1623199188
81,166,1,1598837568
81,298,1,1610072863
81,115,1,1613702062
82,292,1,1609687470
82,299,1,1620837180
82,239,1,1585219151
82,300,1,1588833360
82,301,1,1577628842
82,302,1,1584706606
82,303,1,1598009144
82,214,1,1632841953
83,292,1,1610890092
83,255,1,1576338026
83,304,1,1623503037
83,305,1,1597476686
83,306,1,1612960626
84,292,1,1610430118
84,239,1,1585029694
84,307,1,1572356452
84,122,1,1582726406
84,308,1,1631511831
85,292,1,1625202769
85,309,1,1580912579
85,310,1,1620022073
85,311,1,1628571494
85,312,1,1596505046
86,292,1,1609412449
86,313,1,1631009425
86,314,1,1570876682
86,315,1,1643034675
86,184,1,1601218336
87,292,1,1609410710
87,316,1,1627386737
87,317,1,1601641567
87,318,1,1621571391
87,319,1,1620825271
88,292,1,1609415871
88,136,1,1570012679
88,233,1,1600686540
88,184,1,1601096960
88,282,1,1558792021
88,246,1,1600489688
89,292,1,1609412741
89,92,1,1642859384
89,320,1,1586352995
89,321,1,1562419837
89,246,1,1600523193
90,141,1,1645527307
90,322,1,1595934145
90,323,1,1565168867
90,324,1,1628270494
90,277,1,1567088616
91,141,1,1631355865
91,325,1,1612192396
91,314,1,1572140207
91,326,1,1630939120
91,243,1,1636211698
92,141,1,1631337708
92,327,1,1636821920
92,328,1,1547553101
92,36,1,1633239191
92,329,1,1629902011
93,141,1,1632999937
93,95,1,1617441038
93,310,1,1617287621
93,330,1,1616245194
93,246,1,1615693584
94,141,1,1631639350
94,168,1,1641992289
94,331,1,1643557388
94,294,1,1631639982
94,36,1,1635253826
94,243,1,1637265039
95,141,1,1631536980
95,61,1,1644994786
95,326,1,1630932132
95,332,1,1625564048
95,333,1,1645013372
96,141,1,1631329043
96,71,1,1631265122
96,334,1,1637748318
96,335,1,1631177644
96,306,1,1612868044
97,141,1,1631350769
97,265,1,1586314658
97,44,1,1568813000
97,136,1,1570029113
97,336,1,1564416873
98,141,1,1631438624
98,32,1,1595064010
98,95,1,1605523948
98,45,1,1578999049
98,221,1,1579661637
99,141,1,1631426678
99,337,1,1550676459
99,236,1,1606554027
99,275,1,1581326448
99,338,1,1552224587
99,110,1,1627376630
99,339,1,1570022442
100,141,1,1631407146
100,340,1,1615623708
100,341,1,1620757166
100,51,1,1647663136
100,342,1,1530710684
100,343,1,1633014668
101,141,1,1631343200
101,344,1,1562684214
101,345,1,1587270607
101,126,1,1572847417
101,128,1,1570607201
102,141,1,1631335873
102,121,1,1595935368
102,346,1,1592050267
102,347,1,1576406023
102,348,1,1574434123
102,349,1,1633280289
102,350,1,1588522917
103,141,1,1631329824
103,32,1,1595064317
103,112,1,1613814917
103,351,1,1596270705
103,352,1,1634462661
103,353,1,1632806470
104,354,1,1557160217
104,355,1,1576763367
104,356,1,1557159758
104,277,1,1557598906
104,357,1,1564759523
105,354,1,1589703557
105,247,1,1587554387
105,358,1,1585998577
105,359,1,1587739825
105,273,1,1585821695
106,354,1,1623401394
106,66,1,1628358237
106,360,1,1629862933
106,361,1,1629524771
106,362,1,1630568723
106,363,1,1625076140
107,354,1,1586413199
107,364,1,1583647588
107,323,1,1583649207
107,356,1,1583557675
107,365,1,1596185534
107,277,1,1587620222
108,354,1,1550592391
108,366,1,1622737298
108,367,1,1608917796
108,184,1,1622401327
108,368,1,1631893038
109,354,1,1550237398
109,369,1,1647614427
109,80,1,1631180852
109,370,1,1581091715
109,371,1,1586855360
110,354,1,1548867463
110,355,1,1569596684
110,219,1,1555770714
110,321,1,1560449195
110,338,1,1552319326
110,372,1,1590939643
110,373,1,1567865119
111,354,1,1548758006
111,374,1,1538622688
111,375,1,1605114311
111,356,1,1585151676
111,376,1,1574334621
112,354,1,1548756571
112,323,1,1561199811
112,377,1,1536056663
112,277,1,1556273331
112,282,1,1558778798
113,378,1,1614937647
113,379,1,1626863295
113,380,1,1636635087
113,381,1,1614946977
113,382,1,1616756827
113,97,1,1577111936
114,378,1,1640492955
114,383,1,1640485276
114,384,1,1640257184
114,385,1,1640437652
114,386,1,1640492190
115,378,1,1614932389
115,387,1,1631956227
115,388,1,1638975183
115,389,1,1619773639
115,390,1,1625660163
115,385,1,1631073927
115,391,1,1636623107
115,392,1,1611727732
115,386,1,1629952863
115,119,1,1643365369
115,393,1,1612777608
116,394,1,1626853512
116,235,1,1599661068
116,395,1,1612707205
116,396,1,1604590567
116,397,1,1629362656
117,394,1,1625416295
117,398,1,1621692530
117,399,1,1612972402
117,400,1,1618674225
117,401,1,1615741369
117,402,1,1622517796
117,403,1,1602432739
118,394,1,1625306566
118,404,1,1566579095
118,149,1,1596718318
118,126,1,1572349021
118,233,1,1600687563
119,394,1,1625302525
119,405,1,1569314921
119,406,1,1565862981
119,407,1,1641795061
119,149,1,1598684223
120,394,1,1625300947
120,408,1,1612951164
120,409,1,1593080062
120,410,1,1604233061
120,178,1,1623597846
121,394,1,1625397963
121,411,1,1624180996
121,412,1,1639321347
121,341,1,1622910248
121,413,1,1638192765
122,394,1,1626232231
122,414,1,1583300597
122,407,1,1641793538
122,149,1,1596723626
122,415,1,1599132766
123,394,1,1625318551
123,176,1,1620055987
123,178,1,1623506400
123,416,1,1633766168
123,368,1,1630327695
124,394,1,1625302215
124,388,1,1639265842
124,417,1,1624638846
124,418,1,1629461925
124,419,1,1646126957
125,420,1,1611571230
125,421,1,1644225834
125,422,1,1643875448
125,53,1,1635091298
125,415,1,1611984648
126,420,1,1629821751
126,423,1,1608270479
126,424,1,1635500143
126,425,1,1634082490
126,149,1,1623601691
126,426,1,1637321807
126,274,1,1635466657
126,427,1,1645684374
126,415,1,1636265723
127,420,1,1556071036
127,414,1,1583376343
127,404,1,1566615034
127,428,1,1562555969
127,429,1,1564110324
127,430,1,1576219294
128,420,1,1586870888
128,197,1,1593608349
128,408,1,1612971139
128,431,1,1614767194
128,251,1,1599578443
129,420,1,1584346060
129,404,1,1594312521
129,432,1,1569983388
129,184,1,1601398706
129,433,1,1607436059
130,420,1,1591780304
130,434,1,1596621698
130,88,1,1597917200
130,32,1,1595062561
130,371,1,1587339153
130,234,1,1598660203
130,285,1,1589638567
130,229,1,1587427841
131,420,1,1585309935
131,197,1,1595326181
131,435,1,1594010127
131,436,1,1642863863
131,213,1,1594816649
132,420,1,1546101056
132,404,1,1566574471
132,342,1,1530746297
132,437,1,1620902698
132,42,1,1615116160
133,420,1,1546078883
133,414,1,1583314068
133,438,1,1616510201
133,37,1,1634730354
133,439,1,1638759981
134,420,1,1643394504
134,440,1,1628793095
134,441,1,1607181037
134,442,1,1629747863
134,368,1,1630232380
135,443,1,1613463319
135,19,1,1621830300
135,204,1,1604823229
135,12,1,1591095277
135,39,1,1599990408
136,443,1,1643542280
136,19,1,1638354315
136,10,1,1636546203
136,444,1,1637492080
136,38,1,1638613995
137,443,1,1642755695
137,62,1,1642385670
137,214,1,1642405973
137,60,1,1642758032
137,445,1,1642899172
138,443,1,1613706643
138,446,1,1619311924
138,12,1,1585814258
138,447,1,1644210389
138,137,1,1610375409
139,443,1,1613544718
139,88,1,1598100045
139,165,1,1631605026
139,448,1,1605955394
139,204,1,1604831173
140,443,1,1613381289
140,449,1,1604820830
140,396,1,1598026997
140,242,1,1595368661
140,77,1,1607719347
140,450,1,1587222088
141,443,1,1616854579
141,451,1,1647959548
141,438,1,1616423069
141,452,1,1621955865
141,257,1,1634743943
141,17,1,1640157828
141,453,1,1615992241
142,443,1,1628682937
142,454,1,1622206412
142,188,1,1644255320
142,242,1,1599321109
142,455,1,1624972212
143,443,1,1613519436
143,224,1,1640892514
143,456,1,1641752987
143,100,1,1644617621
143,60,1,1620922289
144,443,1,1613396315
144,451,1,1619855267
144,147,1,1628252868
144,294,1,1623676579
144,457,1,1623066775
144,60,1,1620910927
145,443,1,1613384471
145,458,1,1652963117
145,12,1,1582288164
145,459,1,1632223679
145,106,1,1612068137
146,443,1,1613440520
146,10,1,1637753299
146,264,1,1617120168
146,460,1,1623429424
146,461,1,1628943881
147,443,1,1642306127
147,462,1,1640821310
147,463,1,1642250795
147,464,1,1642483748
147,24,1,1642251096
148,443,1,1613384316
148,18,1,1642610532
148,465,1,1623766699
148,334,1,1637856435
148,39,1,1599998869
149,443,1,1613377962
149,227,1,1650200666
149,466,1,1613721158
149,467,1,1638807513
149,291,1,1612064608
150,468,1,1637071370
150,387,1,1632189598
150,469,1,1639227551
150,22,1,1636452739
150,58,1,1635586283
150,470,1,1624200494
151,468,1,1642654628
151,79,1,1642569579
151,471,1,1642164606
151,22,1,1642517183
151,24,1,1642565374
152,468,1,1637381730
152,19,1,1634720803
152,472,1,1634556967
152,58,1,1634880393
152,473,1,1634814841
152,27,1,1635157004
153,468,1,1636281543
153,411,1,1624176480
153,474,1,1630483084
153,475,1,1592099404
153,476,1,1630484556
153,477,1,1644030438
154,468,1,1637498870
154,33,1,1635721056
154,12,1,1618998668
154,289,1,1643347650
154,27,1,1631046718
155,468,1,1636567042
155,449,1,1591244911
155,395,1,1581787287
155,478,1,1598445015
155,359,1,1586254197
155,450,1,1587209751
155,479,1,1582280157
156,468,1,1636458777
156,480,1,1639543247
156,82,1,1633167500
156,481,1,1621330484
156,445,1,1638360072
156,453,1,1606556470
156,482,1,1626319112
157,468,1,1636122106
157,483,1,1641290817
157,225,1,1616555341
157,484,1,1644142445
157,485,1,1609583042
158,468,1,1636288276
158,486,1,1637837038
158,76,1,1632999521
158,487,1,1637382577
158,488,1,1609304434
159,468,1,1650204834
159,6,1,1636976336
159,107,1,1603799272
159,489,1,1595905310
159,226,1,1619791131
159,143,1,1634221308
160,468,1,1644429908
160,423,1,1614101073
160,490,1,1649716250
160,92,1,1649630808
160,491,1,1614107917
160,492,1,1585520554
161,468,1,1636141704
161,493,1,1646410629
161,494,1,1636133559
161,211,1,1638508238
161,58,1,1634835150
162,468,1,1636117507
162,495,1,1618248313
162,300,1,1600957559
162,418,1,1629783659
162,349,1,1633956216
162,453,1,1646151616
163,468,1,1635844487
163,496,1,1588753246
163,120,1,1606090991
163,497,1,1572646895
163,209,1,1636188007
163,109,1,1636450280
163,111,1,1605833142
164,468,1,1635865936
164,498,1,1632581185
164,499,1,1629905719
164,500,1,1635090705
164,501,1,1643989798
164,502,1,1642304090
164,503,1,1634657362
165,468,1,1645275064
165,299,1,1644249648
165,493,1,1645107750
165,348,1,1575694168
165,3,1,1644252071
166,468,1,1636015575
166,79,1,1638581368
166,504,1,1647346517
166,505,1,1636109184
166,506,1,1636108917
166,473,1,1636109457
167,468,1,1635846707
167,507,1,1635826645
167,452,1,1621936661
167,508,1,1620987163
167,115,1,1613122046
167,254,1,1640167541
168,468,1,1635846589
168,490,1,1637413934
168,327,1,1636807051
168,68,1,1635772246
168,509,1,1635771029
169,468,1,1635844974
169,2,1,1630320624
169,52,1,1631442938
169,28,1,1635065667
169,510,1,1630928028
170,468,1,1646459145
170,287,1,1652277039
170,511,1,1646743983
170,462,1,1644134769
170,512,1,1643896839
171,513,1,1609838472
171,514,1,1606572105
171,44,1,1649514105
171,515,1,1616940139
171,516,1,1640161345
172,517,1,1632976309
172,518,1,1601211566
172,309,1,1601204401
172,519,1,1601210590
172,520,1,1601201396
173,517,1,1632556428
173,446,1,1619307863
173,76,1,1633170163
173,98,1,1635910799
173,116,1,1631095805
173,457,1,1622977329
173,170,1,1635910035
173,272,1,1641926313
173,335,1,1631263868
173,521,1,1639626906
173,132,1,1640763502
174,517,1,1632488298
174,297,1,1623165572
174,314,1,1571243055
174,522,1,1643806576
174,523,1,1617812999
175,517,1,1632486589
175,309,1,1589801699
175,524,1,1622055209
175,308,1,1630367314
175,376,1,1602594958
176,517,1,1632495207
176,525,1,1620472300
176,309,1,1645185221
176,262,1,1617017988
176,324,1,1613381917
177,517,1,1632667625
177,2,1,1631186151
177,120,1,1631669031
177,211,1,1636365314
177,526,1,1630821662
178,517,1,1632506359
178,55,1,1637048631
178,68,1,1635772555
178,527,1,1638088182
178,234,1,1598960071
178,528,1,1640425877
179,517,1,1632494530
179,529,1,1605864471
179,530,1,1619863444
179,55,1,1637036798
179,302,1,1584523908
179,324,1,1613633745
179,4,1,1608114662
180,517,1,1633397761
180,507,1,1635825827
180,529,1,1629781289
180,190,1,1629786415
180,17,1,1641558528
181,517,1,1632494540
181,90,1,1629683605
181,531,1,1632392340
181,123,1,1630933032
181,278,1,1599974961
181,296,1,1630681198
182,517,1,1643451263
182,103,1,1595397906
182,532,1,1594795517
182,533,1,1595505279
182,534,1,1595476096
182,535,1,1595483574
182,363,1,1644896641
183,517,1,1632542570
183,259,1,1611324658
183,472,1,1625330862
183,536,1,1615999233
183,467,1,1638504753
184,517,1,1632483613
184,112,1,1613816501
184,537,1,1601956571
184,65,1,1600260244
184,352,1,1634554151
184,171,1,1631335323
184,13,1,1615030058
185,538,1,1635572641
185,539,1,1620210389
185,135,1,1639788747
185,264,1,1617289788
185,296,1,1627907427
185,291,1,1613479929
186,538,1,1636846002
186,95,1,1634322402
186,33,1,1635700357
186,334,1,1638129031
186,540,1,1638938940
186,160,1,1627074751
187,538,1,1635172565
187,316,1,1629372051
187,541,1,1643506856
187,116,1,1631281569
187,353,1,1633172231
187,474,1,1629296849
187,542,1,1633171293
188,538,1,1635178721
188,543,1,1645891052
188,544,1,1619955322
188,541,1,1643292349
188,545,1,1624349153
189,538,1,1635221956
189,546,1,1639240034
189,130,1,1641050396
189,547,1,1630593164
189,131,1,1638709628
190,538,1,1635160132
190,548,1,1595167458
190,549,1,1636458444
190,462,1,1635252883
190,14,1,1635155255
190,58,1,1634042881
190,109,1,1636454922
190,133,1,1636191564
191,538,1,1635353765
191,550,1,1618668050
191,411,1,1628083928
191,120,1,1609855664
191,369,1,1648729615
191,551,1,1619248934
191,249,1,1601204757
191,552,1,1612607553
192,538,1,1635179865
192,553,1,1627428084
192,268,1,1630838319
192,131,1,1638715090
192,133,1,1636261258
193,449,1,1591608161
193,554,1,1617619440
193,478,1,1598439077
193,555,1,1640951803
193,556,1,1644232457
193,143,1,1635514545
193,557,1,1623578320
193,479,1,1583409088
194,449,1,1591197489
194,558,1,1589021342
194,160,1,1587144047
194,559,1,1645970361
194,450,1,1587289714
195,449,1,1591182457
195,560,1,1617533259
195,555,1,1640956883
195,206,1,1606652230
195,557,1,1623580143
196,449,1,1591192602
196,561,1,1614871855
196,450,1,1590857267
196,433,1,1607425660
196,30,1,1634445486
197,449,1,1594948653
197,395,1,1581841694
197,359,1,1586354559
197,562,1,1596512172
197,563,1,1602124506
197,245,1,1598674223
198,449,1,1593223091
198,564,1,1613834971
198,490,1,1637405990
198,478,1,1598440191
198,565,1,1588842402
198,189,1,1629864551
198,206,1,1605976316
198,566,1,1603197001
199,449,1,1591409546
199,247,1,1588739931
199,395,1,1588345496
199,567,1,1591430524
199,510,1,1633754562
200,449,1,1591191895
200,2,1,1630323583
200,568,1,1601719726
200,146,1,1630931188
200,307,1,1572745271
200,505,1,1629113654
201,247,1,1595850890
201,569,1,1639158847
201,539,1,1620243482
201,570,1,1641211268
201,502,1,1642318662
201,571,1,1599966434
202,247,1,1585816301
202,121,1,1596010852
202,572,1,1595993087
202,45,1,1584347860
202,367,1,1596006276
203,247,1,1634530092
203,98,1,1636139272
203,573,1,1636129859
203,559,1,1646142354
203,574,1,1642453905
203,575,1,1643060130
204,247,1,1596376818
204,576,1,1596246639
204,577,1,1598846625
204,578,1,1599482415
204,455,1,1597969946
205,247,1,1617593109
205,579,1,1619761866
205,490,1,1637478801
205,360,1,1629868725
205,206,1,1615175014
205,289,1,1614863334
206,247,1,1630642902
206,580,1,1630843902
206,551,1,1619269515
206,515,1,1618410800
206,581,1,1618410337
207,247,1,1598084926
207,112,1,1613957225
207,347,1,1576409867
207,582,1,1646282784
207,376,1,1574222611
208,247,1,1582638505
208,583,1,1573309631
208,584,1,1581600471
208,410,1,1579357362
208,320,1,1586404389
208,248,1,1582639130
208,122,1,1582115718
208,585,1,1585834413
209,586,1,1620559067
209,493,1,1645118642
209,321,1,1572793585
209,587,1,1640960289
209,312,1,1589983814
210,564,1,1612517825
210,299,1,1619173793
210,554,1,1617615410
210,588,1,1627459664
210,589,1,1641983560
211,564,1,1625038156
211,590,1,1628938587
211,554,1,1625038455
211,324,1,1624641716
211,376,1,1626952182
212,564,1,1614063351
212,120,1,1606225023
212,591,1,1621650415
212,583,1,1607141993
212,592,1,1618563667
212,593,1,1563124895
212,298,1,1611522517
212,594,1,1617281972
212,134,1,1621650453
213,595,1,1644239570
213,596,1,1644239239
213,597,1,1644239490
213,598,1,1644239050
213,118,1,1644238628
214,595,1,1632019815
214,379,1,1635255267
214,597,1,1632020054
214,599,1,1632019405
214,392,1,1632019906
215,595,1,1635423046
215,596,1,1635423863
215,597,1,1635423141
215,118,1,1635423533
215,392,1,1635422930
216,595,1,1632155022
216,597,1,1632155293
216,599,1,1632155823
216,392,1,1632158006
216,386,1,1632156386
217,595,1,1633262738
217,387,1,1633263440
217,596,1,1633260563
217,597,1,1633262012
217,392,1,1633262600
217,386,1,1633261076
218,595,1,1643274888
218,379,1,1628611929
218,387,1,1632009226
218,600,1,1650011548
218,118,1,1634619279
219,379,1,1642732694
219,601,1,1642582346
219,83,1,1644295916
219,84,1,1643356135
219,385,1,1642574244
220,379,1,1636032579
220,387,1,1636032398
220,597,1,1636032601
220,599,1,1636032455
220,392,1,1636033300
221,379,1,1643470122
221,387,1,1643468183
221,597,1,1643470783
221,599,1,1643468656
221,118,1,1643467608
221,386,1,1643468929
222,379,1,1626853939
222,389,1,1626545031
222,386,1,1629954313
222,201,1,1627372279
222,602,1,1626340743
223,379,1,1642776688
223,388,1,1642691402
223,603,1,1602932423
223,68,1,1636267059
223,198,1,1641827352
223,118,1,1643121951
223,384,1,1642086697
223,604,1,1642431785
223,119,1,1643641617
224,379,1,1642256755
224,605,1,1635170300
224,597,1,1642303058
224,100,1,1632923557
224,606,1,1644732872
224,386,1,1642594219
224,119,1,1644417079
225,379,1,1627487264
225,607,1,1631040300
225,170,1,1635772504
225,608,1,1635753555
225,609,1,1637589953
226,379,1,1626855087
226,436,1,1642843998
226,597,1,1625968130
226,604,1,1624963823
226,252,1,1631281773
227,379,1,1626854013
227,390,1,1625680099
227,597,1,1626074276
227,385,1,1631083577
227,386,1,1629956064
228,379,1,1626873693
228,389,1,1619797078
228,610,1,1636541619
228,611,1,1617705844
228,597,1,1625976438
229,379,1,1626855595
229,597,1,1625968238
229,391,1,1636621591
229,392,1,1612087834
229,386,1,1629959437
230,379,1,1644647009
230,537,1,1592574351
230,135,1,1639489193
230,250,1,1595667607
230,46,1,1609502427
230,612,1,1587298759
230,613,1,1620649770
231,387,1,1643044912
231,597,1,1650909267
231,598,1,1642792020
231,118,1,1643044698
231,392,1,1611730051
232,387,1,1635481817
232,507,1,1636366813
232,209,1,1636891851
232,599,1,1632822706
232,476,1,1633426248
232,382,1,1632824934
232,386,1,1632823058
233,387,1,1632463629
233,614,1,1632094382
233,135,1,1639567781
233,474,1,1628845644
233,615,1,1636178757
234,387,1,1631958690
234,230,1,1595127549
234,616,1,1617452461
234,617,1,1617624699
234,349,1,1633175331
235,387,1,1631983791
235,389,1,1623763122
235,611,1,1617599707
235,374,1,1605888963
235,118,1,1634467278
235,4,1,1608224009
235,214,1,1632767148
235,391,1,1637002066
235,171,1,1631987448
235,386,1,1629953127
235,119,1,1643512020
235,267,1,1625364363
236,387,1,1643955671
236,469,1,1644409524
236,610,1,1643954677
236,490,1,1637840608
236,568,1,1643106523
236,209,1,1636549440
236,618,1,1641634940
236,391,1,1643940895
236,143,1,1634215984
237,387,1,1633090565
237,596,1,1615514220
237,597,1,1626266171
237,598,1,1638595089
237,118,1,1637649144
237,392,1,1615516353
238,387,1,1632836196
238,610,1,1636541865
238,390,1,1632836995
238,619,1,1637748377
238,391,1,1636628999
239,387,1,1643539273
239,598,1,1643538312
239,599,1,1643539467
239,118,1,1643538823
239,386,1,1643539721
240,387,1,1631964716
240,388,1,1639908453
240,390,1,1625661828
240,599,1,1631964601
240,386,1,1630268245
241,387,1,1632411215
241,620,1,1595933305
241,270,1,1614255911
241,146,1,1629538357
241,621,1,1615813490
241,542,1,1632916429
242,387,1,1632130504
242,388,1,1639008039
242,384,1,1636424233
242,385,1,1631193879
242,391,1,1637491777
243,387,1,1632020181
243,388,1,1638977932
243,610,1,1636547538
243,622,1,1625319486
243,118,1,1634386827
243,391,1,1636624433
244,387,1,1645457013
244,223,1,1625391797
244,623,1,1584792446
244,624,1,1637643567
244,625,1,1592358356
245,596,1,1649031507
245,611,1,1650345706
245,454,1,1643704342
245,626,1,1644850224
245,113,1,1641984687
245,524,1,1643101943
245,627,1,1642863316
245,628,1,1643634209
245,190,1,1643782992
245,362,1,1644757271
246,596,1,1608658045
246,239,1,1585622355
246,441,1,1607137503
246,298,1,1610023659
246,629,1,1590581049
247,255,1,1649589416
247,550,1,1641446706
247,630,1,1641379797
247,324,1,1642577102
247,109,1,1642293607
247,111,1,1641446450
247,552,1,1646541585
247,134,1,1642297388
248,255,1,1612013559
248,351,1,1597135054
248,631,1,1603637503
248,324,1,1615111757
248,455,1,1599454754
249,255,1,1635345992
249,580,1,1637841896
249,211,1,1638066030
249,22,1,1638066257
249,526,1,1638085915
250,255,1,1629208093
250,280,1,1589085423
250,220,1,1587532210
250,108,1,1585995413
250,274,1,1628930630
251,255,1,1576315915
251,583,1,1573303016
251,225,1,1612595576
251,629,1,1590596792
251,286,1,1574847119
252,255,1,1589760415
252,548,1,1595168839
252,230,1,1594979898
252,631,1,1603621597
252,285,1,1589536845
253,255,1,1639896602
253,550,1,1641642064
253,632,1,1639305174
253,633,1,1641822497
253,594,1,1641985731
254,255,1,1577880789
254,634,1,1637423473
254,635,1,1625233520
254,370,1,1582335494
254,226,1,1621082518
255,255,1,1576337693
255,276,1,1573141518
255,636,1,1570900728
255,637,1,1568772584
255,638,1,1567608132
255,286,1,1574865452
256,255,1,1576317446
256,45,1,1578995860
256,122,1,1582105840
256,263,1,1580654752
256,221,1,1579601835
257,255,1,1576316784
257,276,1,1573033479
257,223,1,1625391069
257,120,1,1606365771
257,623,1,1584774769
257,639,1,1570197261
257,45,1,1578997589
257,640,1,1570277647
257,221,1,1579603659
258,255,1,1576316102
258,208,1,1556880058
258,309,1,1556024367
258,558,1,1587721422
258,363,1,1562320930
259,255,1,1625035245
259,434,1,1605330532
259,88,1,1623474026
259,641,1,1612089276
259,642,1,1643890891
259,643,1,1624086276
259,644,1,1612950278
259,645,1,1611901452
259,646,1,1613045391
260,255,1,1600576408
260,647,1,1586753491
260,182,1,1590895965
260,648,1,1604576195
260,649,1,1595497676
261,255,1,1599316183
261,650,1,1551867126
261,518,1,1561630228
261,219,1,1555817709
261,651,1,1561351858
262,255,1,1580233275
262,652,1,1587663123
262,229,1,1587706230
262,437,1,1620905007
262,482,1,1597929517
263,255,1,1576514327
263,177,1,1626105142
263,116,1,1631508034
263,474,1,1628712356
263,146,1,1631530878
263,653,1,1638988166
264,255,1,1576496290
264,120,1,1606039226
264,558,1,1587739702
264,654,1,1567388589
264,285,1,1589544735
265,255,1,1576424561
265,276,1,1573129385
265,136,1,1570014486
265,626,1,1605701184
265,335,1,1631178067
265,285,1,1590842041
266,255,1,1576339324
266,219,1,1555774565
266,640,1,1570291454
266,236,1,1606641944
266,376,1,1574266236
267,255,1,1576337373
267,276,1,1573305032
267,45,1,1579017249
267,263,1,1580562180
267,321,1,1560438990
268,255,1,1576336535
268,655,1,1574436966
268,593,1,1562682647
268,370,1,1580994188
268,150,1,1615031391
268,339,1,1569924165
269,255,1,1576329542
269,656,1,1578136547
269,657,1,1559040652
269,629,1,1590763693
269,221,1,1579599410
270,255,1,1576325553
270,45,1,1578995715
270,284,1,1603599161
270,324,1,1613400473
270,233,1,1601382102
270,160,1,1589264631
270,234,1,1598745985
270,658,1,1591281897
270,659,1,1601383194
271,255,1,1576325147
271,223,1,1625413583
271,655,1,1574425684
271,640,1,1570275478
271,286,1,1574867941
272,255,1,1576322437
272,314,1,1570890672
272,488,1,1609231271
272,660,1,1638152414
272,151,1,1575461768
273,255,1,1576321030
273,279,1,1588848214
273,105,1,1604320071
273,287,1,1612698074
273,552,1,1612616157
273,286,1,1574854462
274,255,1,1576317833
274,414,1,1583320521
274,108,1,1580606277
274,403,1,1562412615
274,661,1,1585146629
275,255,1,1576317797
275,276,1,1573039918
275,655,1,1574426788
275,263,1,1580556226
275,662,1,1586189017
275,286,1,1574849419
276,255,1,1576316044
276,43,1,1621506483
276,525,1,1620470154
276,630,1,1611235272
276,263,1,1580552290
276,324,1,1613382174
276,134,1,1621772186
277,255,1,1576315969
277,663,1,1620986836
277,640,1,1570274112
277,664,1,1594187409
277,665,1,1624467110
277,278,1,1573381724
278,276,1,1623118515
278,666,1,1614760361
278,667,1,1609135055
278,668,1,1610335047
278,26,1,1627217024
278,285,1,1626754279
279,276,1,1595473395
279,139,1,1586393291
279,669,1,1595524490
279,348,1,1586237147
279,278,1,1586446087
280,276,1,1627537831
280,670,1,1588953510
280,583,1,1631063353
280,260,1,1635126529
280,635,1,1625460943
280,86,1,1625579406
280,594,1,1625467684
280,671,1,1638110173
280,672,1,1625629387
281,276,1,1573033872
281,673,1,1575715376
281,655,1,1574415879
281,674,1,1575714691
281,376,1,1574222275
281,286,1,1574848683
282,276,1,1573130097
282,218,1,1565984207
282,583,1,1573358574
282,639,1,1570209353
282,348,1,1574660221
283,276,1,1573032858
283,218,1,1565010702
283,278,1,1573378521
283,16,1,1638604269
283,675,1,1636513593
284,276,1,1581237914
284,496,1,1588407077
284,558,1,1587739323
284,285,1,1589517794
284,229,1,1585871075
285,276,1,1573186130
285,655,1,1575034520
285,249,1,1572686614
285,278,1,1573714407
285,286,1,1575032942
286,276,1,1573055916
286,227,1,1575954296
286,45,1,1578997099
286,278,1,1573545333
286,286,1,1574910402
287,276,1,1573045519
287,676,1,1578379995
287,677,1,1653800790
287,678,1,1565965649
287,370,1,1581083375
287,249,1,1570350660
288,276,1,1573041081
288,583,1,1573301008
288,655,1,1574416488
288,280,1,1573649662
288,641,1,1570968652
288,278,1,1573388560
289,276,1,1573039268
289,117,1,1583335596
289,639,1,1570187575
289,122,1,1582133908
289,338,1,1584723246
290,276,1,1573037524
290,591,1,1584441756
290,263,1,1580648821
290,612,1,1587389970
290,559,1,1644662232
291,276,1,1573034329
291,576,1,1555071450
291,112,1,1613823052
291,352,1,1634476567
291,428,1,1562354301
292,276,1,1573033046
292,279,1,1588845928
292,55,1,1637047194
292,658,1,1594614134
292,662,1,1586183968
293,548,1,1597825566
293,623,1,1595856873
293,121,1,1597847835
293,230,1,1597821277
293,632,1,1597847327
294,548,1,1643533283
294,641,1,1639577489
294,33,1,1636037763
294,114,1,1641283939
294,81,1,1643022797
294,59,1,1645805400
295,548,1,1598149302
295,75,1,1629361571
295,632,1,1598149061
295,679,1,1586841013
295,680,1,1580564409
295,324,1,1613381459
296,548,1,1596896809
296,681,1,1597064060
296,337,1,1584512775
296,230,1,1597927081
296,632,1,1598186080
296,682,1,1584587136
297,548,1,1639961113
297,40,1,1638823579
297,544,1,1648870415
297,627,1,1626734727
297,683,1,1644560662
298,548,1,1608438369
298,88,1,1612498868
298,631,1,1606620252
298,684,1,1626178471
298,685,1,1616252083
299,548,1,1595205004
299,121,1,1595930744
299,230,1,1595029316
299,346,1,1592128856
299,184,1,1601094534
300,548,1,1595210830
300,164,1,1632716893
300,686,1,1611990171
300,30,1,1626356600
300,509,1,1635824811
301,548,1,1595411582
301,88,1,1597998743
301,684,1,1625550612
301,594,1,1615028875
301,285,1,1589477390
301,687,1,1596969665
302,548,1,1595310630
302,584,1,1581589043
302,287,1,1612715641
302,688,1,1628679016
302,662,1,1586167122
303,548,1,1595229441
303,434,1,1596620010
303,88,1,1597916299
303,689,1,1595471482
303,90,1,1626487764
303,284,1,1602118647
303,594,1,1615024227
303,459,1,1632564923
303,662,1,1586163364
303,672,1,1606558760
304,548,1,1595203926
304,681,1,1588243575
304,279,1,1588846642
304,54,1,1589981121
304,632,1,1595667201
304,234,1,1598611888
305,548,1,1595172488
305,32,1,1595063032
305,121,1,1595929414
305,558,1,1587721694
305,690,1,1581337385
305,680,1,1579513958
306,548,1,1595171296
306,525,1,1620655606
306,230,1,1594982435
306,691,1,1533317933
306,234,1,1598608538
307,548,1,1595168642
307,121,1,1595928875
307,230,1,1594985871
307,234,1,1598632154
307,659,1,1601114933
307,672,1,1606552987
308,548,1,1595168308
308,88,1,1597931539
308,494,1,1645002232
308,692,1,1609587458
308,73,1,1643011022
309,548,1,1595168131
309,121,1,1595928677
309,558,1,1587726296
309,123,1,1599818495
309,234,1,1598608288
310,548,1,1595167918
310,681,1,1588235772
310,121,1,1595941334
310,279,1,1588847082
310,558,1,1587730211
311,548,1,1595167798
311,480,1,1569816305
311,263,1,1580552236
311,305,1,1578031391
311,312,1,1589992368
312,548,1,1595167351
312,121,1,1595928711
312,402,1,1589194684
312,285,1,1589445106
312,312,1,1589970355
313,548,1,1595167361
313,88,1,1597916206
313,490,1,1637401605
313,460,1,1623673476
313,643,1,1618833095
314,548,1,1595431043
314,228,1,1581440787
314,113,1,1615551545
314,234,1,1598673987
314,692,1,1609587443
314,286,1,1578147151
315,548,1,1595394555
315,681,1,1588349283
315,248,1,1582541887
315,632,1,1595857763
315,659,1,1602002105
316,548,1,1595371833
316,230,1,1594999385
316,33,1,1635661211
316,693,1,1603730760
316,416,1,1633872495
317,548,1,1595304706
317,694,1,1641602114
317,695,1,1641193670
317,340,1,1616193719
317,483,1,1641212587
317,17,1,1640150812
318,548,1,1595220188
318,120,1,1606044319
318,558,1,1587784518
318,146,1,1629541400
318,696,1,1642167188
318,646,1,1608651494
319,548,1,1595219992
319,623,1,1587663900
319,317,1,1585879573
319,121,1,1595928939
319,558,1,1587725329
320,548,1,1595208579
320,550,1,1604835709
320,359,1,1586268015
320,697,1,1583244239
320,698,1,1588761680
321,548,1,1595207428
321,550,1,1604872697
321,223,1,1625408053
321,594,1,1615039746
321,699,1,1634385754
321,349,1,1633164165
322,548,1,1595200187
322,307,1,1572343431
322,122,1,1582104723
322,281,1,1566466252
322,278,1,1573378622
323,548,1,1595197765
323,650,1,1551867592
323,640,1,1570290384
323,593,1,1562670946
323,651,1,1561286097
323,263,1,1580576887
323,221,1,1579604126
324,548,1,1595175651
324,630,1,1611051186
324,476,1,1627294265
324,249,1,1611063362
324,308,1,1632072099
325,548,1,1595175626
325,681,1,1594093214
325,240,1,1590229808
325,700,1,1648623089
325,270,1,1614328842
326,548,1,1595170663
326,500,1,1635066419
326,631,1,1603618794
326,45,1,1581656874
326,643,1,1618825677
326,692,1,1609580847
327,548,1,1595170228
327,500,1,1635069947
327,623,1,1617696231
327,643,1,1618837214
327,234,1,1598632035
327,73,1,1642502090
328,548,1,1595169689
328,550,1,1604839674
328,399,1,1612416793
328,346,1,1592066786
328,689,1,1595431896
328,234,1,1598618090
328,372,1,1590935676
329,548,1,1595167741
329,75,1,1630847865
329,681,1,1588237151
329,381,1,1597245846
329,612,1,1587314117
330,548,1,1595167364
330,230,1,1594978342
330,346,1,1592049050
330,320,1,1586338703
330,234,1,1598608450
331,550,1,1617460336
331,120,1,1617441631
331,701,1,1617534320
331,230,1,1618987034
331,219,1,1625152369
332,550,1,1611302657
332,434,1,1611304746
332,88,1,1611322971
332,230,1,1611357219
332,702,1,1611491403
332,278,1,1611822508
332,552,1,1630049525
333,550,1,1606273735
333,434,1,1606923841
333,630,1,1611051538
333,593,1,1585365644
333,651,1,1607251004
334,550,1,1649151900
334,120,1,1645203344
334,230,1,1647867135
334,14,1,1649165292
334,234,1,1645203690
335,550,1,1605924331
335,689,1,1595651456
335,703,1,1590470795
335,672,1,1606919865
335,704,1,1605004334
336,550,1,1604982080
336,88,1,1598412686
336,632,1,1595681889
336,234,1,1598712617
336,73,1,1643044407
337,550,1,1604859033
337,351,1,1596554404
337,705,1,1651072560
337,683,1,1644504458
337,115,1,1613136649
338,550,1,1604837320
338,88,1,1597922313
338,701,1,1602496415
338,107,1,1603716791
338,234,1,1598624013
338,692,1,1609984994
338,134,1,1621864094
339,550,1,1604828149
339,632,1,1595740910
339,234,1,1598608705
339,644,1,1611125876
339,646,1,1608627944
340,550,1,1604829005
340,706,1,1593250535
340,707,1,1595840075
340,284,1,1602063183
340,632,1,1595670646
340,645,1,1592730002
341,550,1,1604828447
341,434,1,1596623394
341,681,1,1588244967
341,121,1,1595928839
341,558,1,1587726533
342,550,1,1604827938
342,287,1,1612834979
342,466,1,1613482745
342,289,1,1614521202
342,290,1,1612835419
343,550,1,1605416832
343,223,1,1625409686
343,120,1,1606146443
343,701,1,1602607676
343,631,1,1603642271
343,672,1,1606580404
343,111,1,1605802055
344,550,1,1605054546
344,630,1,1611308939
344,370,1,1606471495
344,708,1,1645170962
344,552,1,1612604525
345,550,1,1604900368
345,223,1,1625924660
345,709,1,1645602407
345,631,1,1603631365
345,522,1,1643895288
346,550,1,1604896197
346,88,1,1603525412
346,655,1,1597555969
346,710,1,1633612808
346,711,1,1611165733
346,336,1,1603024846
347,550,1,1604846459
347,701,1,1602596888
347,121,1,1595933033
347,284,1,1602082196
347,643,1,1618847730
347,662,1,1586176303
348,550,1,1604838382
348,88,1,1598075942
348,701,1,1602500089
348,89,1,1614770768
348,506,1,1614164285
349,550,1,1604837941
349,500,1,1635066515
349,14,1,1635158664
349,643,1,1618825215
349,111,1,1605788375
350,550,1,1604835241
350,701,1,1602503548
350,284,1,1602064465
350,692,1,1609585555
350,111,1,1605781180
350,552,1,1612634665
351,550,1,1604834644
351,369,1,1647534174
351,90,1,1626458910
351,324,1,1613599723
351,109,1,1636455759
352,550,1,1604834512
352,712,1,1618659936
352,173,1,1620701094
352,285,1,1589612391
352,521,1,1639499186
353,550,1,1604833610
353,434,1,1596625220
353,500,1,1635068965
353,230,1,1594978273
353,109,1,1636454916
354,550,1,1604828782
354,107,1,1603732265
354,630,1,1611108015
354,631,1,1603619802
354,284,1,1602081838
354,594,1,1615037370
354,643,1,1618858318
354,659,1,1601226509
354,552,1,1612607105
355,550,1,1604828835
355,317,1,1585824417
355,630,1,1611050685
355,644,1,1611137077
355,372,1,1590966468
355,646,1,1608631287
356,550,1,1604828555
356,496,1,1588468138
356,631,1,1603624244
356,655,1,1601816088
356,594,1,1615049786
356,672,1,1606581101
356,713,1,1604714708
357,550,1,1604828116
357,495,1,1618048422
357,701,1,1602498268
357,284,1,1602065656
357,324,1,1613381585
357,594,1,1615023814
357,111,1,1605779238
358,550,1,1604828134
358,370,1,1581060273
358,562,1,1596553990
358,234,1,1598608479
358,229,1,1586789125
359,138,1,1592299235
359,472,1,1631030545
359,689,1,1596022694
359,588,1,1630731551
359,329,1,1630749951
360,714,1,1594669913
360,340,1,1616263417
360,236,1,1607793435
360,356,1,1617616928
360,311,1,1619286609
361,714,1,1596991617
361,434,1,1596642331
361,234,1,1598615051
361,683,1,1644590102
361,111,1,1605778912
362,714,1,1614747683
362,715,1,1583762538
362,67,1,1604324876
362,68,1,1636631068
362,716,1,1617510021
363,714,1,1594678693
363,717,1,1591544519
363,236,1,1606667640
363,690,1,1606465866
363,664,1,1595628824
364,714,1,1601696123
364,514,1,1605769357
364,718,1,1606502686
364,262,1,1631901382
364,25,1,1603486094
364,460,1,1641976719
365,714,1,1594812037
365,406,1,1567271008
365,719,1,1618580880
365,720,1,1629091632
365,625,1,1594565193
365,42,1,1615120187
365,207,1,1605775866
366,714,1,1594646851
366,166,1,1598790898
366,68,1,1635817384
366,71,1,1631717826
366,39,1,1599979816
367,721,1,1632231084
367,399,1,1613970265
367,105,1,1614241275
367,722,1,1622363304
367,723,1,1643950794
367,724,1,1614051469
367,627,1,1631977474
367,637,1,1581421651
367,725,1,1586497377
368,721,1,1620997431
368,726,1,1620519138
368,727,1,1620486366
368,728,1,1621000111
368,260,1,1628681146
368,729,1,1620484950
369,721,1,1634964615
369,235,1,1634447984
369,730,1,1634990437
369,46,1,1633841054
369,238,1,1634448331
370,721,1,1590053102
370,235,1,1599560954
370,726,1,1614940041
370,729,1,1598672405
370,44,1,1568461959
370,731,1,1603510339
371,721,1,1590053022
371,258,1,1599897737
371,728,1,1600491162
371,729,1,1598670728
371,732,1,1550502433
372,721,1,1597464177
372,88,1,1597915910
372,591,1,1583592975
372,320,1,1586338686
372,672,1,1609495721
373,721,1,1590057797
373,250,1,1595587701
373,46,1,1609473552
373,238,1,1601628458
373,349,1,1633152101
373,252,1,1631106841
374,721,1,1590054116
374,569,1,1639296106
374,733,1,1645793783
374,426,1,1643084966
374,97,1,1576901025
375,721,1,1590053495
375,734,1,1593557841
375,643,1,1620147828
375,637,1,1572060742
375,735,1,1587222020
376,721,1,1590053430
376,681,1,1588232674
376,623,1,1584798917
376,248,1,1582542497
376,122,1,1582116558
377,721,1,1595896926
377,275,1,1595477941
377,659,1,1601286747
377,312,1,1593470846
377,151,1,1594766994
378,721,1,1590723047
378,408,1,1612967744
378,736,1,1642327618
378,113,1,1615556937
378,46,1,1609511247
378,238,1,1601628389
379,721,1,1590296349
379,438,1,1616338615
379,166,1,1598861279
379,594,1,1615023213
379,508,1,1621005973
380,721,1,1590232354
380,32,1,1595665120
380,712,1,1618678752
380,395,1,1582719456
380,451,1,1619786004
380,46,1,1609477382
381,721,1,1590202634
381,47,1,1588081003
381,285,1,1589599480
381,278,1,1574437521
381,253,1,1592021615
382,721,1,1590199913
382,355,1,1569580176
382,676,1,1581347020
382,518,1,1561482172
382,591,1,1583922265
382,309,1,1556146010
382,262,1,1616932441
382,46,1,1609527477
382,110,1,1627405626
383,721,1,1590192116
383,737,1,1617966823
383,347,1,1576413555
383,738,1,1585048073
383,739,1,1622630686
384,235,1,1602116988
384,727,1,1602134844
384,258,1,1602116543
384,728,1,1602027907
384,260,1,1622347608
384,238,1,1601968856
385,235,1,1599649215
385,726,1,1615026486
385,258,1,1599978025
385,259,1,1611323797
385,740,1,1609767383
386,235,1,1599582829
386,259,1,1611309950
386,729,1,1598866072
386,46,1,1609506212
386,150,1,1615025073
386,602,1,1616236494
387,235,1,1599921257
387,91,1,1648046120
387,741,1,1597230368
387,628,1,1614441435
387,308,1,1630593247
388,235,1,1599905368
388,258,1,1599904896
388,728,1,1600608756
388,46,1,1609477633
388,238,1,1601638848
388,731,1,1603560648
389,235,1,1599732128
389,425,1,1633869986
389,720,1,1628870716
389,742,1,1619150530
389,743,1,1608793380
389,744,1,1557749760
390,235,1,1599721450
390,259,1,1611321939
390,728,1,1600536274
390,237,1,1608807632
390,742,1,1619098377
390,114,1,1613033572
390,101,1,1629363359
391,235,1,1600412069
391,144,1,1617195095
391,345,1,1590660162
391,720,1,1641392077
391,184,1,1601802378
392,235,1,1599906650
392,258,1,1599907962
392,351,1,1610274484
392,480,1,1596716578
392,238,1,1610539848
392,731,1,1610536451
393,235,1,1599713689
393,727,1,1598526136
393,610,1,1636541785
393,352,1,1634462987
393,742,1,1619185427
393,745,1,1636344584
394,235,1,1599559474
394,496,1,1588412356
394,230,1,1594979787
394,320,1,1586338357
394,377,1,1536054917
394,637,1,1568713562
395,235,1,1599781408
395,726,1,1614991830
395,746,1,1573731230
395,46,1,1609502469
395,430,1,1564757373
395,128,1,1567770127
396,235,1,1599605420
396,454,1,1609040838
396,729,1,1599267037
396,747,1,1597749954
396,238,1,1601646748
397,18,1,1642662284
397,93,1,1632544496
397,748,1,1632645111
397,22,1,1634291877
397,171,1,1632124135
397,329,1,1631670210
398,18,1,1642504354
398,50,1,1631944696
398,749,1,1636259447
398,688,1,1628673213
398,618,1,1634962453
398,74,1,1631419828
399,18,1,1643005567
399,469,1,1642999638
399,380,1,1636854603
399,316,1,1628907710
399,76,1,1633422928
399,352,1,1635594109
400,18,1,1642764785
400,750,1,1642651463
400,480,1,1633600501
400,749,1,1639284128
400,751,1,1633584966
400,36,1,1633613382
400,505,1,1639884223
401,18,1,1642647602
401,444,1,1634348585
401,618,1,1635040078
401,74,1,1631423375
401,128,1,1618915748
402,18,1,1642687864
402,752,1,1642733819
402,753,1,1643819628
402,754,1,1638503267
402,212,1,1642732634
403,18,1,1643953266
403,755,1,1644150007
403,705,1,1651144832
403,756,1,1643691825
403,757,1,1644398816
404,18,1,1642661223
404,749,1,1636265966
404,758,1,1642384461
404,463,1,1642694853
404,24,1,1641729647
405,18,1,1643107269
405,752,1,1643108095
405,33,1,1643175463
405,456,1,1643173898
405,169,1,1643173502
406,18,1,1642846006
406,759,1,1649523056
406,760,1,1641218521
406,612,1,1625385253
406,643,1,1625471680
407,18,1,1642683154
407,440,1,1630501549
407,26,1,1629350084
407,430,1,1626416094
407,761,1,1630235993
408,18,1,1642577525
408,762,1,1637992839
408,751,1,1629452443
408,319,1,1620819425
408,763,1,1626860953
408,74,1,1631421557
409,18,1,1642829795
409,752,1,1642837414
409,762,1,1640309005
409,618,1,1640948963
409,74,1,1640470031
410,18,1,1642571002
410,496,1,1588404677
410,764,1,1569313384
410,45,1,1579024276
410,765,1,1643041410
411,18,1,1642505085
411,766,1,1640092577
411,22,1,1640061919
411,109,1,1638281472
411,350,1,1640094723
412,767,1,1644767210
412,768,1,1644589664
412,769,1,1647699982
412,484,1,1644150947
412,770,1,1644649098
413,767,1,1643824636
413,771,1,1645097198
413,444,1,1634280364
413,123,1,1630768297
413,296,1,1633804315
413,772,1,1645636976
413,13,1,1634473331
414,299,1,1643803837
414,773,1,1645360698
414,493,1,1646451794
414,642,1,1643530233
414,77,1,1643596667
414,5,1,1646137250
414,290,1,1646138112
415,299,1,1643355233
415,2,1,1639217928
415,685,1,1614850046
415,580,1,1637716526
415,4,1,1646215399
416,299,1,1642925746
416,50,1,1642926495
416,774,1,1643883779
416,72,1,1642507387
416,319,1,1643284687
416,510,1,1645527058
417,299,1,1629801267
417,462,1,1643192617
417,211,1,1642750356
417,4,1,1643432024
417,109,1,1643078803
418,299,1,1629279250
418,630,1,1629107150
418,530,1,1620127039
418,77,1,1608634145
418,775,1,1616908149
419,299,1,1629220661
419,50,1,1631956144
419,776,1,1617102255
419,427,1,1647062472
419,777,1,1640359944
420,299,1,1646477779
420,778,1,1598531575
420,3,1,1643607364
420,58,1,1643172065
420,455,1,1597496955
420,206,1,1605935260
420,24,1,1642868742
420,675,1,1646563956
420,779,1,1587877421
421,299,1,1645647130
421,142,1,1645468413
421,493,1,1645645174
421,473,1,1645554390
421,23,1,1646363162
421,589,1,1645468965
422,299,1,1643375729
422,780,1,1641731838
422,462,1,1643376029
422,710,1,1638777226
422,781,1,1643863861
422,506,1,1642808275
423,299,1,1619272405
423,782,1,1647696172
423,530,1,1620273798
423,783,1,1630251351
423,109,1,1636453852
423,349,1,1633179209
424,299,1,1643975015
424,780,1,1644759349
424,494,1,1643973954
424,22,1,1643974264
424,506,1,1643971838
425,299,1,1631289323
425,142,1,1631290501
425,19,1,1630558956
425,626,1,1630485150
425,30,1,1630462501
426,299,1,1619774648
426,225,1,1614249659
426,77,1,1607774549
426,362,1,1612693720
426,296,1,1627445621
427,299,1,1619171995
427,580,1,1629367664
427,506,1,1614163554
427,27,1,1618829076
427,589,1,1641981980
428,299,1,1619950903
428,784,1,1612798605
428,79,1,1614932318
428,785,1,1612663888
428,786,1,1620572756
429,299,1,1619175363
429,107,1,1604920935
429,45,1,1602927392
429,291,1,1612179624
429,27,1,1618829947
430,299,1,1630189979
430,2,1,1630360885
430,181,1,1630488892
430,52,1,1631496225
430,685,1,1630194478
430,25,1,1630187637
430,506,1,1630489075
430,473,1,1630187520
430,27,1,1630131921
431,299,1,1619838042
431,341,1,1621083934
431,787,1,1641377311
431,685,1,1619930688
431,580,1,1629371080
431,167,1,1637410392
432,299,1,1619264553
432,218,1,1593665054
432,32,1,1599194383
432,788,1,1624371155
432,732,1,1595078836
433,299,1,1619174098
433,2,1,1630318499
433,50,1,1631935371
433,580,1,1629368901
433,473,1,1629626980
434,752,1,1642777789
434,762,1,1642774962
434,789,1,1642847433
434,790,1,1642774545
434,763,1,1642848967
435,752,1,1641861345
435,388,1,1639861221
435,791,1,1627476283
435,599,1,1633187522
435,792,1,1634301416
436,752,1,1641562455
436,2,1,1639661371
436,780,1,1642258644
436,50,1,1641472139
436,751,1,1639398580
436,27,1,1639661936
437,752,1,1641778515
437,493,1,1648481353
437,452,1,1627472979
437,793,1,1641174265
437,183,1,1643723055
438,752,1,1641709159
438,3,1,1643769385
438,26,1,1640611021
438,58,1,1642299521
438,23,1,1643077926
438,24,1,1641811504
438,765,1,1643075991
439,469,1,1649169186
439,514,1,1642076714
439,794,1,1649850671
439,795,1,1637409559
439,310,1,1638531528
440,469,1,1640487919
440,611,1,1622230061
440,327,1,1637053856
440,158,1,1638858378
440,384,1,1636039702
441,469,1,1639238334
441,62,1,1642188558
441,796,1,1642762406
441,559,1,1644656636
441,133,1,1636216007
442,469,1,1639231242
442,762,1,1638187827
442,28,1,1634996445
442,793,1,1639918791
442,211,1,1636983295
443,388,1,1639144675
443,88,1,1633533838
443,797,1,1636254725
443,209,1,1636762279
443,598,1,1638694930
444,388,1,1639009489
444,610,1,1637046344
444,798,1,1643978539
444,799,1,1644059150
444,384,1,1636113838
444,391,1,1637047812
445,388,1,1642669423
445,389,1,1642751883
445,619,1,1642508245
445,599,1,1642752390
445,392,1,1642668381
446,388,1,1640496749
446,628,1,1640172952
446,329,1,1639015352
446,427,1,1641996213
446,675,1,1641447718
447,388,1,1639184732
447,598,1,1638603668
447,384,1,1636788526
447,391,1,1636788300
447,386,1,1631319456
448,388,1,1639117090
448,389,1,1625652393
448,800,1,1607959210
448,460,1,1623425765
448,719,1,1619281093
448,384,1,1636294103
449,388,1,1639648487
449,298,1,1610010223
449,109,1,1636451032
449,296,1,1627286717
449,306,1,1612869382
450,388,1,1639137371
450,610,1,1636546645
450,619,1,1637929988
450,118,1,1634449745
450,391,1,1636627943
450,119,1,1643366422
451,388,1,1639127112
451,261,1,1635331980
451,801,1,1634643391
451,802,1,1638191199
451,803,1,1638191085
452,388,1,1638973289
452,610,1,1636541971
452,70,1,1630753083
452,385,1,1631088728
452,119,1,1643366378
453,388,1,1638972286
453,390,1,1644227022
453,619,1,1637839192
453,804,1,1625150040
453,805,1,1625128646
454,43,1,1621502866
454,317,1,1585823872
454,44,1,1578746827
454,643,1,1618830046
454,234,1,1598632823
455,43,1,1621503144
455,88,1,1597924620
455,500,1,1635069518
455,121,1,1595932704
455,632,1,1595672485
455,324,1,1613389992
456,43,1,1621570242
456,701,1,1603190109
456,806,1,1602716389
456,807,1,1600231036
456,808,1,1586133587
457,43,1,1621531299
457,75,1,1629360617
457,695,1,1641187654
457,298,1,1610011983
457,644,1,1611125812
458,43,1,1621513965
458,89,1,1614767841
458,90,1,1626445802
458,324,1,1613382518
458,594,1,1615023154
458,643,1,1618830436
459,43,1,1621510610
459,75,1,1629361236
459,90,1,1626486927
459,284,1,1602067199
459,111,1,1605789145
459,296,1,1627290884
460,43,1,1621504529
460,500,1,1635069963
460,28,1,1634992840
460,14,1,1635156783
460,134,1,1621600097
461,43,1,1621533488
461,202,1,1620669884
461,594,1,1615030822
461,134,1,1621615682
461,646,1,1615834164
462,43,1,1622809534
462,809,1,1631117276
462,100,1,1632026606
462,21,1,1640247797
462,22,1,1634356964
463,43,1,1621688838
463,300,1,1588781209
463,332,1,1602683440
463,310,1,1599045704
463,115,1,1614094123
464,43,1,1621569444
464,28,1,1634994382
464,14,1,1635173825
464,324,1,1613390316
464,134,1,1621651343
465,43,1,1621521519
465,90,1,1626449945
465,594,1,1615035344
465,73,1,1642526955
465,552,1,1612606921
466,43,1,1621519821
466,102,1,1529427201
466,558,1,1588048975
466,14,1,1635167349
466,594,1,1615263702
466,810,1,1528652389
467,43,1,1621517751
467,811,1,1615721572
467,285,1,1589633197
467,81,1,1642264414
467,552,1,1612605027
468,43,1,1621514594
468,2,1,1630318247
468,495,1,1618192144
468,77,1,1607515426
468,24,1,1641826260
469,43,1,1621514634
469,341,1,1620724026
469,14,1,1635165620
469,73,1,1642503729
469,552,1,1612605440
470,43,1,1621509771
470,223,1,1625394006
470,518,1,1561492245
470,280,1,1573664250
470,111,1,1606194170
471,43,1,1621504670
471,223,1,1625392139
471,500,1,1635078845
471,705,1,1651097915
471,109,1,1636473665
472,43,1,1621504514
472,223,1,1625397365
472,341,1,1620833653
472,90,1,1626446207
472,348,1,1583752850
472,134,1,1621596533
473,43,1,1621502436
473,98,1,1635757259
473,812,1,1635320337
473,68,1,1635757285
473,484,1,1644159835
473,64,1,1643530096
473,521,1,1639579964
474,525,1,1620540983
474,530,1,1620044584
474,534,1,1640698960
474,813,1,1640263920
474,528,1,1642490780
475,525,1,1623065101
475,705,1,1653019549
475,263,1,1625148050
475,460,1,1623426465
475,471,1,1623341638
475,594,1,1623010798
476,525,1,1620619594
476,539,1,1620304710
476,262,1,1616988503
476,264,1,1617180917
476,460,1,1623471895
476,158,1,1634642860
477,525,1,1620546072
477,800,1,1608468155
477,814,1,1611898349
477,599,1,1632987015
477,418,1,1629101623
478,525,1,1620528788
478,814,1,1611233415
478,536,1,1615641704
478,304,1,1623489286
478,233,1,1605714098
479,525,1,1620527372
479,105,1,1606670952
479,815,1,1606672061
479,778,1,1606671562
479,402,1,1589652674
480,525,1,1624274515
480,816,1,1616672674
480,266,1,1629212346
480,817,1,1617543413
480,818,1,1624274626
480,819,1,1624444711
480,629,1,1627873935
481,525,1,1633448853
481,105,1,1633445132
481,320,1,1633438463
481,89,1,1633447006
481,326,1,1633266387
482,525,1,1620575573
482,591,1,1621953887
482,454,1,1620230392
482,662,1,1586585939
482,155,1,1617613187
483,525,1,1620557888
483,54,1,1591947106
483,532,1,1636538680
483,567,1,1631979092
483,820,1,1615892294
483,329,1,1634560267
484,525,1,1620479606
484,736,1,1642404576
484,821,1,1640244654
484,684,1,1625557516
484,353,1,1632647777
484,52,1,1631443666
484,23,1,1640772546
485,525,1,1620470991
485,223,1,1625391089
485,109,1,1636450861
485,508,1,1620987863
485,306,1,1612868246
486,525,1,1620467532
486,164,1,1632715246
486,352,1,1634473129
486,51,1,1647509576
486,822,1,1639365936
487,75,1,1648789509
487,19,1,1624456356
487,823,1,1616645959
487,66,1,1616050112
487,824,1,1587110871
488,75,1,1629519481
488,825,1,1551017964
488,261,1,1616645223
488,493,1,1646191967
488,826,1,1632824796
489,75,1,1636633396
489,800,1,1635520305
489,262,1,1636127811
489,573,1,1635427232
489,460,1,1636375221
490,75,1,1629433616
490,2,1,1630411728
490,458,1,1647268761
490,501,1,1643953388
490,827,1,1637038196
491,75,1,1630826354
491,828,1,1618223589
491,829,1,1626709086
491,460,1,1626578989
491,742,1,1619843569
492,75,1,1629368404
492,800,1,1606339081
492,568,1,1601727287
492,539,1,1620115837
492,537,1,1592601481
492,264,1,1617091375
492,296,1,1627289198
492,777,1,1640249681
493,75,1,1629371938
493,539,1,1620155846
493,830,1,1631714919
493,418,1,1629134798
493,559,1,1644658930
494,75,1,1629475371
494,239,1,1586007529
494,568,1,1602255676
494,539,1,1621345347
494,508,1,1622124862
495,75,1,1629469178
495,831,1,1623595396
495,636,1,1624874672
495,559,1,1644693103
495,445,1,1633719935
495,134,1,1622696573
496,75,1,1629384138
496,832,1,1641738708
496,302,1,1618498143
496,805,1,1639149153
496,306,1,1639296173
497,75,1,1629383560
497,539,1,1620122673
497,298,1,1610030444
497,833,1,1619961865
497,296,1,1627299182
498,75,1,1629380285
498,812,1,1635321196
498,834,1,1586264193
498,835,1,1575542408
498,836,1,1643793332
499,75,1,1629373720
499,369,1,1647577131
499,264,1,1617091785
499,699,1,1634456684
499,296,1,1627290346
500,75,1,1629366027
500,837,1,1605957812
500,568,1,1601715408
500,381,1,1597220736
500,166,1,1598775201
500,241,1,1584962530
501,75,1,1629361678
501,279,1,1627695200
501,710,1,1633137125
501,307,1,1627782633
501,838,1,1627694784
502,75,1,1629360396
502,568,1,1601721220
502,537,1,1592630499
502,630,1,1611048841
502,332,1,1602736753
502,559,1,1644653342
503,227,1,1597826551
503,639,1,1598523636
503,280,1,1597924699
503,593,1,1597918671
503,286,1,1597917526
504,227,1,1586335038
504,839,1,1586417172
504,108,1,1586484207
504,651,1,1586507064
504,703,1,1586397013
505,227,1,1642065517
505,709,1,1644917029
505,396,1,1642065215
505,119,1,1643379630
505,840,1,1643450990
505,646,1,1642064677
506,227,1,1609476941
506,396,1,1609477480
506,377,1,1609477684
506,594,1,1616236249
506,123,1,1628860256
507,227,1,1589620236
507,396,1,1603345828
507,220,1,1588155087
507,841,1,1588156401
507,430,1,1588932868
508,227,1,1572973283
508,44,1,1576248977
508,797,1,1635482797
508,14,1,1635180400
508,731,1,1623386221
509,227,1,1641487895
509,369,1,1649755579
509,113,1,1640761648
509,642,1,1641486971
509,644,1,1641487535
510,227,1,1573275609
510,320,1,1587470980
510,788,1,1624008921
510,842,1,1643541804
510,843,1,1624187922
510,134,1,1621660040
511,227,1,1570369073
511,844,1,1614646725
511,845,1,1626011613
511,488,1,1609208841
511,308,1,1630081344
512,227,1,1569338398
512,239,1,1585409226
512,846,1,1633487696
512,300,1,1588770713
512,302,1,1585409658
513,227,1,1636971623
513,530,1,1621161760
513,505,1,1640578982
513,847,1,1633169144
513,848,1,1613867958
514,227,1,1607829813
514,583,1,1594181849
514,396,1,1595750436
514,248,1,1597392541
514,849,1,1595910799
514,704,1,1605001148
515,227,1,1569320864
515,584,1,1581658209
515,220,1,1562842805
515,751,1,1629462381
515,658,1,1565962564
516,227,1,1569412604
516,826,1,1631961522
516,532,1,1572600783
516,783,1,1630018024
516,248,1,1582542692
516,273,1,1577274715
516,793,1,1639839640
516,827,1,1576593241
517,227,1,1569405804
517,168,1,1641987094
517,396,1,1570378786
517,108,1,1580575901
517,850,1,1583979841
517,242,1,1595254579
518,227,1,1569339737
518,355,1,1569583139
518,351,1,1596279645
518,851,1,1619262571
518,703,1,1564316989
518,852,1,1570023060
518,853,1,1575696251
519,227,1,1569336856
519,218,1,1565010817
519,396,1,1570358808
519,852,1,1570017486
519,841,1,1564063767
519,645,1,1568173394
520,227,1,1569319137
520,854,1,1577614185
520,674,1,1575883863
520,59,1,1605985335
520,155,1,1563896464
521,855,1,1643534841
521,856,1,1640942363
521,857,1,1644926038
521,330,1,1616843221
521,467,1,1638521080
521,858,1,1598102259
521,859,1,1589976896
522,139,1,1590301569
522,650,1,1568337006
522,860,1,1593842488
522,519,1,1588566002
522,520,1,1565862532
523,139,1,1584067660
523,474,1,1628740742
523,860,1,1587048681
523,531,1,1587530854
523,743,1,1608804398
523,850,1,1583988406
524,139,1,1644134305
524,79,1,1646131109
524,861,1,1646398092
524,847,1,1639827506
524,618,1,1640580079
525,139,1,1642852361
525,860,1,1642850947
525,850,1,1642851790
525,862,1,1642847259
525,847,1,1642851915
526,139,1,1588520643
526,669,1,1589033263
526,860,1,1588067947
526,850,1,1588376212
526,863,1,1589112927
527,139,1,1643261758
527,694,1,1642343590
527,456,1,1643209026
527,757,1,1643220082
527,256,1,1644135000
528,139,1,1594195255
528,258,1,1599993685
528,864,1,1580668862
528,743,1,1622208301
528,86,1,1621610172
528,339,1,1638286677
528,865,1,1583041745
529,139,1,1648361081
529,866,1,1639883406
529,867,1,1640413439
529,868,1,1642385630
529,847,1,1639884482
529,22,1,1641177014
530,139,1,1584060220
530,669,1,1589034278
530,869,1,1592560732
530,850,1,1583978499
530,863,1,1589097571
531,139,1,1584060919
531,870,1,1584175704
531,531,1,1587551305
531,850,1,1584957131
531,687,1,1596861802
532,139,1,1586354391
532,871,1,1572081684
532,872,1,1564654087
532,873,1,1641370144
532,874,1,1566554124
533,139,1,1584066101
533,875,1,1627584683
533,847,1,1585985800
533,830,1,1631701341
533,196,1,1632217508
534,139,1,1584055115
534,876,1,1600089652
534,620,1,1595836377
534,877,1,1646558191
534,847,1,1585754897
535,726,1,1614993854
535,878,1,1593475735
535,728,1,1600496330
535,305,1,1577274582
535,683,1,1644589378
536,726,1,1628251396
536,729,1,1628254652
536,113,1,1627815394
536,720,1,1628861993
536,879,1,1628573906
536,880,1,1633401301
536,339,1,1628774264
537,726,1,1615010704
537,543,1,1645780568
537,259,1,1611384122
537,46,1,1609493625
537,150,1,1615246044
538,726,1,1614940364
538,728,1,1600490852
538,706,1,1558012415
538,881,1,1625375892
538,882,1,1597252803
539,726,1,1614984535
539,729,1,1599486901
539,99,1,1615388679
539,720,1,1628955749
539,731,1,1603633635
540,726,1,1615030936
540,414,1,1583308904
540,176,1,1619694602
540,883,1,1561816424
540,884,1,1590378525
541,726,1,1614939649
541,727,1,1592045822
541,258,1,1599984722
541,885,1,1592045948
541,46,1,1609471947
542,726,1,1614939068
542,32,1,1595063122
542,112,1,1613812978
542,258,1,1599896872
542,728,1,1600498211
543,726,1,1614944624
543,112,1,1613821144
543,259,1,1611307656
543,91,1,1647776039
543,458,1,1645794959
543,401,1,1590149723
543,46,1,1609478039
543,416,1,1633785015
544,727,1,1592310743
544,728,1,1600514526
544,399,1,1612587161
544,341,1,1622782380
544,731,1,1603982906
545,727,1,1596698836
545,886,1,1597764253
545,728,1,1600591249
545,251,1,1599671335
545,482,1,1597250686
546,727,1,1594123157
546,887,1,1615204689
546,122,1,1582124225
546,263,1,1582882814
546,804,1,1603812344
547,727,1,1619949800
547,258,1,1619868745
547,742,1,1619947876
547,238,1,1619948530
547,731,1,1619867899
548,727,1,1594791024
548,33,1,1635830563
548,11,1,1635837683
548,540,1,1633659872
548,171,1,1635503758
549,727,1,1597715635
549,259,1,1611421271
549,729,1,1598845647
549,46,1,1609495688
549,731,1,1603510340
550,727,1,1597134549
550,258,1,1599921204
550,800,1,1614594690
550,351,1,1597116963
550,729,1,1599550995
551,727,1,1594547718
551,729,1,1600495167
551,742,1,1619268224
551,46,1,1609486285
551,238,1,1601635703
551,5,1,1644911605
552,727,1,1592048776
552,358,1,1567350601
552,888,1,1587475686
552,889,1,1571824104
552,253,1,1591972270
553,727,1,1592043058
553,258,1,1599899334
553,313,1,1631011471
553,232,1,1625220386
553,890,1,1552997112
554,891,1,1645330048
554,892,1,1649332233
554,893,1,1649332291
554,751,1,1629713221
554,761,1,1630192268
555,894,1,1639397668
555,895,1,1644287464
555,511,1,1644990030
555,896,1,1639785611
555,897,1,1641360249
556,894,1,1612696770
556,837,1,1613213474
556,202,1,1611756201
556,344,1,1625137043
556,766,1,1611578291
556,704,1,1611911134
557,894,1,1643082261
557,202,1,1627809434
557,722,1,1642745640
557,805,1,1642674968
557,719,1,1627809788
557,898,1,1642744940
558,894,1,1642851493
558,895,1,1642992465
558,719,1,1642853178
558,766,1,1642852821
558,896,1,1642853517
558,704,1,1642904940
559,894,1,1634397098
559,895,1,1625755994
559,899,1,1634995443
559,730,1,1636821919
559,719,1,1626621651
560,894,1,1617508800
560,655,1,1605372799
560,639,1,1605371982
560,220,1,1605290060
560,288,1,1603792054
560,838,1,1604157984
560,281,1,1604074527
560,896,1,1617202302
560,282,1,1604074948
561,894,1,1615288759
561,895,1,1615198240
561,804,1,1615980818
561,896,1,1615635226
561,704,1,1615635538
562,894,1,1609415179
562,837,1,1605956615
562,900,1,1630248748
562,901,1,1632652035
562,899,1,1619431323
562,898,1,1627122833
563,894,1,1619651725
563,899,1,1620381250
563,766,1,1620429893
563,902,1,1620195199
563,896,1,1620291070
564,894,1,1609462221
564,650,1,1605156230
564,903,1,1606031736
564,839,1,1603773720
564,396,1,1592140583
564,633,1,1602926398
564,889,1,1607827489
565,894,1,1642495467
565,900,1,1642398764
565,730,1,1642656022
565,719,1,1642491340
565,897,1,1642566001
566,894,1,1613631916
566,860,1,1612859084
566,869,1,1612855082
566,847,1,1612855376
566,704,1,1613883063
567,894,1,1609680038
567,202,1,1603291800
567,670,1,1566313826
567,546,1,1638964574
567,904,1,1633267241
567,704,1,1605183733
568,894,1,1644411192
568,837,1,1633961742
568,722,1,1644412852
568,805,1,1630769477
568,905,1,1633849633
569,894,1,1642652473
569,837,1,1642740104
569,756,1,1643684604
569,898,1,1635073640
569,896,1,1629343651
570,894,1,1629360624
570,722,1,1643444679
570,805,1,1643612305
570,730,1,1643617007
570,898,1,1628427727
570,896,1,1629191592
570,704,1,1628326334
570,897,1,1642230697
571,894,1,1627462666
571,906,1,1623546065
571,907,1,1627271907
571,898,1,1627270067
571,253,1,1601717473
571,645,1,1601864928
572,894,1,1609407930
572,804,1,1603795031
572,805,1,1615477090
572,908,1,1636714793
572,897,1,1627992802
573,223,1,1650600378
573,705,1,1651052790
573,28,1,1651636918
573,909,1,1638089767
573,111,1,1636763450
574,223,1,1629031852
574,656,1,1596723203
574,910,1,1593078532
574,643,1,1619352482
574,884,1,1592385680
575,223,1,1629748470
575,500,1,1635077096
575,911,1,1631048499
575,912,1,1628797395
575,913,1,1629277343
576,223,1,1649939267
576,25,1,1645072164
576,477,1,1643901558
576,636,1,1645185256
576,559,1,1645004924
577,223,1,1625464621
577,218,1,1565011557
577,317,1,1585824339
577,121,1,1595944669
577,591,1,1583580418
577,558,1,1587721468
578,223,1,1625391663
578,465,1,1623837541
578,573,1,1635555399
578,664,1,1594214250
578,646,1,1608643717
579,223,1,1625545591
579,496,1,1588433272
579,914,1,1581326842
579,788,1,1624016034
579,632,1,1596108986
580,223,1,1625460241
580,411,1,1623925256
580,63,1,1642244505
580,915,1,1630901526
580,594,1,1615046137
580,335,1,1631179923
581,223,1,1625399879
581,466,1,1613291977
581,284,1,1602063174
581,234,1,1598636631
581,289,1,1614512467
581,111,1,1605785726
582,223,1,1625394963
582,434,1,1624690134
582,623,1,1624012160
582,655,1,1624687822
582,396,1,1633173238
582,702,1,1624614299
582,233,1,1628320901
583,223,1,1625391628
583,623,1,1584774310
583,631,1,1626329178
583,558,1,1587721582
583,122,1,1582126092
583,885,1,1595569420
583,125,1,1620537995
584,223,1,1625391565
584,434,1,1596676377
584,88,1,1598158975
584,121,1,1596010287
584,632,1,1595670443
585,223,1,1625391459
585,287,1,1613224213
585,916,1,1616145969
585,552,1,1612604497
585,306,1,1612885684
586,223,1,1625391054
586,630,1,1611245547
586,558,1,1587726868
586,90,1,1626442090
586,324,1,1613386799
586,552,1,1612604730
587,223,1,1625549699
587,500,1,1635066303
587,198,1,1632355174
587,594,1,1615023942
587,643,1,1619044997
588,223,1,1625543675
588,829,1,1626691201
588,144,1,1628726741
588,849,1,1625245669
588,229,1,1628856602
589,223,1,1625492012
589,500,1,1635066552
589,90,1,1626449075
589,748,1,1637414649
589,644,1,1611146822
589,552,1,1612614861
590,223,1,1625463169
590,623,1,1584856119
590,655,1,1574424390
590,211,1,1636261349
590,31,1,1643010594
591,223,1,1625400601
591,434,1,1596636115
591,121,1,1595945013
591,472,1,1625303671
591,234,1,1598608416
591,552,1,1612605752
592,223,1,1625394246
592,549,1,1636604898
592,158,1,1636986544
592,917,1,1635427513
592,660,1,1639301152
593,223,1,1625393691
593,684,1,1627133667
593,28,1,1635053241
593,73,1,1642499021
593,134,1,1621615901
594,223,1,1625391496
594,695,1,1641203644
594,549,1,1636471813
594,284,1,1602063122
594,551,1,1593163849
595,164,1,1632759351
595,507,1,1635868477
595,918,1,1642739335
595,38,1,1638690077
595,467,1,1638587690
596,164,1,1632761387
596,701,1,1603018701
596,795,1,1612762951
596,919,1,1605706846
596,654,1,1610766104
596,920,1,1611453058
597,164,1,1632731725
597,921,1,1591836529
597,32,1,1596519033
597,314,1,1572132026
597,922,1,1552569642
597,115,1,1615382760
598,164,1,1632729990
598,701,1,1602648351
598,923,1,1597285307
598,304,1,1625104622
598,298,1,1610174457
599,164,1,1634034954
599,173,1,1620904733
599,446,1,1620908226
599,168,1,1642138959
599,457,1,1622995013
599,243,1,1636283286
599,23,1,1642484668
600,164,1,1632746688
600,856,1,1641094967
600,924,1,1640517501
600,507,1,1636345333
600,186,1,1641386072
601,164,1,1632738510
601,259,1,1611310085
601,728,1,1600516296
601,507,1,1635842267
601,628,1,1617662146
602,164,1,1632716260
602,480,1,1598444981
602,826,1,1632069370
602,77,1,1607617636
602,916,1,1616260174
602,31,1,1643015724
602,27,1,1641054239
603,164,1,1632736684
603,261,1,1612014871
603,925,1,1613222813
603,711,1,1611586207
603,775,1,1616901329
604,164,1,1642685901
604,926,1,1642775607
604,3,1,1643700603
604,211,1,1643470876
604,22,1,1643702737
605,164,1,1632718348
605,533,1,1566469214
605,264,1,1617268655
605,214,1,1633598879
605,508,1,1620987623
606,164,1,1632714011
606,856,1,1640923295
606,924,1,1640403396
606,148,1,1641528342
606,507,1,1635825164
606,186,1,1641267095
607,164,1,1632714998
607,924,1,1640404532
607,148,1,1641533381
607,186,1,1641269184
607,31,1,1642999486
608,926,1,1642534121
608,193,1,1642514930
608,62,1,1642137873
608,927,1,1643143648
608,928,1,1642513897
609,926,1,1638891304
609,492,1,1594882837
609,11,1,1627095278
609,929,1,1644063492
609,132,1,1640749688
610,926,1,1639817566
610,762,1,1637574034
610,924,1,1640429246
610,930,1,1649047760
610,536,1,1646748223
610,923,1,1625061734
610,62,1,1642260216
610,502,1,1642322550
610,156,1,1631874058
611,926,1,1629179397
611,507,1,1635852051
611,168,1,1642004258
611,607,1,1630668332
611,335,1,1631181598
612,926,1,1629178672
612,301,1,1577550688
612,248,1,1582548401
612,657,1,1559054051
612,552,1,1612614493
613,926,1,1629240253
613,930,1,1649066067
613,232,1,1626577612
613,845,1,1625998114
613,931,1,1643027125
614,926,1,1629176792
614,189,1,1629883502
614,15,1,1629638993
614,932,1,1628847212
614,283,1,1619181946
615,197,1,1629377701
615,933,1,1617646411
615,55,1,1638509480
615,298,1,1621964789
615,833,1,1619956898
615,368,1,1630599937
615,101,1,1630735431
615,115,1,1619950753
616,197,1,1593692195
616,410,1,1594127892
616,934,1,1601137046
616,251,1,1599579989
616,368,1,1630171521
617,197,1,1595126307
617,592,1,1583595793
617,935,1,1593622308
617,936,1,1600148522
617,285,1,1589474727
618,197,1,1593857267
618,173,1,1620823600
618,137,1,1600513780
618,295,1,1631716873
618,16,1,1638711270
619,197,1,1593683778
619,515,1,1589370967
619,937,1,1644134992
619,913,1,1624718039
619,482,1,1597245189
620,197,1,1629438909
620,436,1,1642899072
620,40,1,1614860785
620,581,1,1625315641
620,426,1,1637381990
621,197,1,1633366390
621,826,1,1633426854
621,938,1,1617527651
621,99,1,1630721764
621,763,1,1630762402
621,368,1,1633364897
622,197,1,1616679185
622,176,1,1619757972
622,178,1,1623526469
622,709,1,1645212192
622,335,1,1633483357
622,252,1,1642882654
622,521,1,1641320733
622,939,1,1623769171
623,197,1,1596894494
623,940,1,1618464507
623,178,1,1625410106
623,742,1,1619851549
623,413,1,1612442630
623,373,1,1569164617
624,197,1,1596463347
624,408,1,1612946676
624,941,1,1578150497
624,231,1,1620480042
624,180,1,1616771808
625,197,1,1593605050
625,436,1,1642844652
625,408,1,1612942439
625,410,1,1579266202
625,178,1,1623504933
625,251,1,1599569426
625,426,1,1637326879
625,252,1,1631105175
626,197,1,1593607493
626,440,1,1628779008
626,410,1,1582181734
626,176,1,1620557970
626,178,1,1623755778
626,934,1,1582181471
626,251,1,1599893515
626,252,1,1631196283
627,197,1,1593616995
627,440,1,1629526033
627,410,1,1579314032
627,178,1,1623509003
627,251,1,1599579962
628,197,1,1593970428
628,408,1,1613658739
628,410,1,1579323062
628,176,1,1619881753
628,126,1,1572449935
628,251,1,1599579155
629,197,1,1593606800
629,436,1,1642859790
629,440,1,1628769464
629,431,1,1615537243
629,368,1,1630151079
630,197,1,1615507758
630,325,1,1610955008
630,474,1,1628677316
630,329,1,1629768878
630,180,1,1618046718
631,197,1,1594014869
631,369,1,1647793196
631,440,1,1628820093
631,431,1,1614828599
631,274,1,1626096374
632,197,1,1593964527
632,408,1,1612949706
632,251,1,1599610934
632,274,1,1625970230
632,252,1,1631113051
633,197,1,1593665901
633,408,1,1612968860
633,410,1,1579267751
633,934,1,1578931153
633,251,1,1599610669
634,197,1,1593662842
634,325,1,1610761992
634,408,1,1614179296
634,410,1,1579269247
634,431,1,1614934702
634,934,1,1578920549
635,197,1,1593618196
635,173,1,1620659344
635,857,1,1644396261
635,348,1,1587615016
635,401,1,1590151787
635,251,1,1599578302
635,252,1,1631410967
636,197,1,1593617779
636,736,1,1642338273
636,178,1,1623516629
636,431,1,1614768079
636,368,1,1630252986
637,197,1,1593617623
637,408,1,1612944762
637,440,1,1628995977
637,251,1,1599644161
637,368,1,1630152575
638,197,1,1593617205
638,911,1,1621180152
638,431,1,1614770065
638,934,1,1578915647
638,252,1,1631115485
639,197,1,1593606542
639,408,1,1612958684
639,942,1,1583971750
639,431,1,1615033592
639,934,1,1578929774
640,197,1,1593605174
640,943,1,1583340275
640,436,1,1642867751
640,736,1,1642336786
640,251,1,1599569159
640,274,1,1625922822
641,197,1,1593602555
641,410,1,1579262143
641,431,1,1614767452
641,934,1,1578912615
641,251,1,1599566494
642,197,1,1593602282
642,436,1,1642843215
642,178,1,1623503150
642,251,1,1599567764
642,274,1,1625913043
643,944,1,1628694223
643,325,1,1638958165
643,844,1,1629462184
643,302,1,1629341191
643,303,1,1629331924
644,944,1,1546266685
644,945,1,1539936238
644,946,1,1621349890
644,45,1,1580733231
644,922,1,1551109424
644,370,1,1581085009
644,947,1,1605796995
645,944,1,1648009205
645,544,1,1646179188
645,451,1,1651386265
645,458,1,1653026330
645,948,1,1647304573
645,665,1,1646099155
645,155,1,1646956612
646,944,1,1643721959
646,466,1,1613378721
646,567,1,1583645449
646,949,1,1631178314
646,288,1,1595647785
646,289,1,1614481969
646,290,1,1585407838
646,291,1,1612063654
647,435,1,1595341532
647,351,1,1597765195
647,130,1,1641121508
647,950,1,1643509147
647,242,1,1595341771
647,951,1,1598533652
647,858,1,1598709693
648,435,1,1593866433
648,952,1,1586093705
648,558,1,1587722174
648,953,1,1587733522
648,285,1,1589454697
649,943,1,1583338796
649,553,1,1576684114
649,673,1,1575738214
649,877,1,1581261308
649,954,1,1576352188
650,943,1,1583864963
650,261,1,1580661992
650,914,1,1579956775
650,518,1,1561567806
650,553,1,1576694918
650,717,1,1591699006
650,853,1,1565583231
651,943,1,1583381958
651,409,1,1593094294
651,553,1,1576658295
651,954,1,1576332272
651,955,1,1610788606
652,355,1,1627707948
652,518,1,1619971772
652,286,1,1609635073
652,115,1,1619970818
652,646,1,1612405881
653,355,1,1593137553
653,518,1,1593082045
653,839,1,1596780693
653,533,1,1593083723
653,263,1,1582519011
653,520,1,1592923102
654,355,1,1619258142
654,177,1,1622254684
654,179,1,1620341157
654,352,1,1634462888
654,465,1,1623573492
654,294,1,1622938774
654,594,1,1620016871
654,200,1,1620657707
655,355,1,1609145515
655,208,1,1592678251
655,956,1,1634805636
655,518,1,1605877598
655,260,1,1621085547
655,519,1,1632720195
656,355,1,1582386246
656,374,1,1581486274
656,532,1,1582533377
656,651,1,1582264111
656,520,1,1582532749
656,637,1,1581663898
656,508,1,1620986665
657,355,1,1609326433
657,262,1,1618236225
657,250,1,1627127174
657,77,1,1609082611
657,833,1,1620046751
658,355,1,1584617263
658,558,1,1587726823
658,662,1,1586178827
658,111,1,1605779297
658,372,1,1590919370
659,355,1,1596379070
659,307,1,1599919351
659,519,1,1599119763
659,535,1,1591809944
659,16,1,1638859107
660,355,1,1588963951
660,347,1,1588011725
660,593,1,1583947240
660,519,1,1588962751
660,278,1,1584473926
661,355,1,1585736717
661,565,1,1584374785
661,12,1,1582346764
661,679,1,1585567512
661,520,1,1581186881
661,312,1,1595909843
662,355,1,1576334681
662,539,1,1634093819
662,28,1,1634996888
662,882,1,1631094210
662,818,1,1626412500
663,355,1,1569583471
663,952,1,1581084526
663,103,1,1563271450
663,518,1,1561457696
663,533,1,1566469522
663,46,1,1609498968
664,355,1,1569582276
664,406,1,1565861834
664,640,1,1570268534
664,957,1,1569329074
664,281,1,1566467260
665,355,1,1571199188
665,958,1,1575383615
665,692,1,1611374825
665,171,1,1633226257
665,373,1,1571497422
666,355,1,1570400602
666,518,1,1561475404
666,673,1,1575783525
666,198,1,1632329725
666,312,1,1591552052
666,376,1,1640959916
667,355,1,1569675864
667,518,1,1561472211
667,224,1,1640915748
667,77,1,1607609404
667,249,1,1570162668
668,355,1,1569599148
668,496,1,1591972973
668,411,1,1624001684
668,663,1,1620987037
668,309,1,1556180933
669,355,1,1569594444
669,491,1,1584268275
669,839,1,1553261856
669,655,1,1574436232
669,234,1,1598621141
669,638,1,1567591346
669,286,1,1574853392
670,355,1,1569591585
670,959,1,1620753970
670,958,1,1575401256
670,960,1,1606830408
670,314,1,1570879245
671,355,1,1569580743
671,279,1,1588847114
671,45,1,1579009309
671,307,1,1572344429
671,662,1,1586164956
672,355,1,1569579276
672,103,1,1563271502
672,577,1,1597482175
672,263,1,1580552303
672,363,1,1562323417
673,355,1,1569578535
673,103,1,1563274990
673,518,1,1561457254
673,533,1,1566475577
673,307,1,1572344431
674,961,1,1639276917
674,544,1,1650152781
674,962,1,1630282302
674,268,1,1640573936
674,542,1,1640569669
675,961,1,1638600865
675,268,1,1630833138
675,948,1,1633601696
675,146,1,1629545599
675,542,1,1632923477
676,961,1,1638583255
676,623,1,1584781724
676,544,1,1620182847
676,963,1,1640078581
676,964,1,1635655721
676,965,1,1640179408
677,218,1,1589259621
677,532,1,1587793737
677,679,1,1587794309
677,682,1,1587962708
677,428,1,1587813145
678,218,1,1588077761
678,466,1,1617981543
678,662,1,1588577988
678,289,1,1617981257
678,291,1,1617981890
679,218,1,1583556768
679,492,1,1581918049
679,307,1,1576148348
679,679,1,1575002197
679,520,1,1578200785
679,889,1,1583135840
679,638,1,1580697044
680,218,1,1635075374
680,105,1,1636031585
680,98,1,1636283070
680,89,1,1636034465
680,551,1,1632495037
680,966,1,1638013720
681,218,1,1651068059
681,967,1,1639403142
681,701,1,1645609461
681,341,1,1650420953
681,740,1,1636733801
681,137,1,1637326697
681,692,1,1645534442
681,521,1,1639573508
682,218,1,1597208850
682,280,1,1597049622
682,108,1,1596966896
682,248,1,1596941232
682,632,1,1597585178
682,968,1,1598017188
683,218,1,1600781773
683,121,1,1597904122
683,11,1,1626772460
683,662,1,1587964348
683,672,1,1606580796
684,218,1,1597061021
684,88,1,1597915963
684,631,1,1603618582
684,841,1,1597051086
684,645,1,1597135551
685,218,1,1587654769
685,230,1,1596368664
685,107,1,1603728125
685,220,1,1605334687
685,332,1,1602756570
685,969,1,1610199851
686,218,1,1583928328
686,136,1,1584003064
686,122,1,1584442299
686,263,1,1584010794
686,970,1,1586610248
686,357,1,1587216614
687,218,1,1565021154
687,44,1,1568462405
687,370,1,1580982321
687,971,1,1587622301
687,357,1,1564895584
688,218,1,1565011194
688,44,1,1568463304
688,678,1,1565951887
688,658,1,1565953083
688,638,1,1567590043
689,218,1,1565010775
689,624,1,1564662430
689,263,1,1580552234
689,662,1,1586162917
689,841,1,1564052207
690,218,1,1569818374
690,396,1,1572139827
690,654,1,1568379591
690,841,1,1564130690
690,645,1,1568807861
691,218,1,1565843379
691,583,1,1574997520
691,658,1,1565964079
691,372,1,1590919343
691,357,1,1564471313
692,218,1,1565067309
692,533,1,1566481633
692,281,1,1566482624
692,972,1,1561715111
692,363,1,1562476718
693,218,1,1565059956
693,689,1,1595482970
693,678,1,1566055480
693,815,1,1596878648
693,26,1,1628679063
694,218,1,1565051618
694,647,1,1567268814
694,374,1,1538637670
694,533,1,1566492523
694,336,1,1564227809
694,155,1,1563897033
694,357,1,1564414152
695,218,1,1565022636
695,532,1,1572610561
695,396,1,1570431577
695,852,1,1570034967
695,281,1,1566472358
695,249,1,1570034624
695,637,1,1568716124
695,278,1,1573380442
695,645,1,1568134500
696,218,1,1565012459
696,103,1,1563271414
696,584,1,1581588192
696,841,1,1564052947
696,644,1,1611125484
697,218,1,1565010996
697,591,1,1583578593
697,583,1,1573300061
697,45,1,1578995660
697,122,1,1582104686
698,694,1,1642262665
698,948,1,1634954712
698,130,1,1641030291
698,131,1,1640168702
698,132,1,1641030858
699,694,1,1641556352
699,740,1,1639911225
699,483,1,1641207602
699,64,1,1642692431
699,163,1,1639909600
699,973,1,1641985123
700,694,1,1641652944
700,491,1,1616212940
700,958,1,1600085784
700,960,1,1605502446
700,483,1,1641354303
701,694,1,1641810023
701,974,1,1613726545
701,546,1,1639836986
701,975,1,1629796990
701,243,1,1636280658
702,694,1,1641563182
702,579,1,1619861598
702,491,1,1584629062
702,28,1,1635048938
702,198,1,1634566514
702,976,1,1643975950
703,124,1,1625671414
703,411,1,1623924384
703,933,1,1619786071
703,177,1,1623319234
703,268,1,1631874170
703,497,1,1623990991
703,775,1,1616839261
704,124,1,1612269660
704,594,1,1615024760
704,275,1,1601210030
704,585,1,1585820845
704,865,1,1615010986
705,124,1,1592660744
705,500,1,1635066587
705,857,1,1644311758
705,98,1,1635757309
705,116,1,1631095874
705,14,1,1635154535
705,109,1,1636450331
706,124,1,1622903387
706,374,1,1617376531
706,236,1,1606732243
706,225,1,1612687394
706,128,1,1621866275
707,124,1,1622140136
707,451,1,1620232367
707,520,1,1583357974
707,977,1,1643207893
707,362,1,1634024599
708,124,1,1566049306
708,657,1,1559041367
708,281,1,1566466546
708,336,1,1564220879
708,357,1,1564395518
709,124,1,1566040331
709,678,1,1565965922
709,321,1,1560421033
709,865,1,1567597181
709,286,1,1574848629
710,124,1,1566186253
710,103,1,1563289597
710,54,1,1592750391
710,841,1,1564052284
710,865,1,1567660284
711,124,1,1566064978
711,297,1,1623165395
711,707,1,1563025265
711,703,1,1585893927
711,571,1,1599927820
712,124,1,1566062792
712,518,1,1562066675
712,107,1,1603713374
712,345,1,1587214099
712,636,1,1571056803
712,978,1,1622814813
712,349,1,1633171762
713,124,1,1566053604
713,497,1,1572607400
713,309,1,1556017337
713,126,1,1572349995
713,865,1,1567601103
714,124,1,1566041846
714,494,1,1635935565
714,146,1,1631774848
714,542,1,1632907665
714,155,1,1631684119
715,921,1,1592528390
715,650,1,1564671411
715,518,1,1592665955
715,573,1,1635565459
715,668,1,1591798613
715,150,1,1616337845
716,921,1,1593229527
716,979,1,1580187901
716,371,1,1586517245
716,368,1,1630231439
716,980,1,1582803071
716,78,1,1595339393
717,921,1,1616544366
717,936,1,1610114863
717,126,1,1609332970
717,418,1,1629093665
717,981,1,1635812270
718,695,1,1648740256
718,135,1,1641637374
718,982,1,1640918659
718,84,1,1640332054
718,983,1,1633423735
719,695,1,1641195839
719,984,1,1488301285
719,985,1,1488301315
719,199,1,1488301310
719,291,1,1612090123
720,695,1,1642481438
720,144,1,1617866229
720,270,1,1627200297
720,147,1,1629366987
720,659,1,1601532090
721,695,1,1641191732
721,986,1,1628077269
721,769,1,1647683847
721,594,1,1615023268
721,243,1,1636300574
721,101,1,1629977071
722,695,1,1641187887
722,914,1,1602060883
722,323,1,1592273936
722,643,1,1635735642
722,127,1,1573324115
722,73,1,1642499043
722,883,1,1629146560
723,695,1,1641269970
723,501,1,1643937343
723,987,1,1642065161
723,439,1,1638846645
723,131,1,1638856849
724,695,1,1641197378
724,814,1,1610853490
724,539,1,1620306261
724,844,1,1614257260
724,273,1,1577550766
724,988,1,1627472701
724,302,1,1584549546
724,658,1,1565952672
724,363,1,1562338311
724,296,1,1627480053
724,989,1,1624758756
725,695,1,1641187549
725,562,1,1597640647
725,86,1,1623821393
725,990,1,1612941048
725,73,1,1642498818
726,695,1,1641894063
726,900,1,1631716569
726,991,1,1640697936
726,73,1,1642499490
726,908,1,1636719089
727,695,1,1641189241
727,369,1,1647520123
727,558,1,1587742531
727,90,1,1626509164
727,594,1,1615023252
728,992,1,1580846872
728,631,1,1604993511
728,55,1,1638519743
728,484,1,1644151351
728,679,1,1582575566
729,992,1,1578648809
729,993,1,1643713217
729,243,1,1637904839
729,455,1,1614869871
729,312,1,1590031898
729,296,1,1629893022
730,992,1,1578644611
730,579,1,1619757023
730,700,1,1646467202
730,273,1,1577270079
730,16,1,1638604843
731,992,1,1581570876
731,103,1,1563291025
731,396,1,1570362414
731,281,1,1566492202
731,363,1,1562583091
731,638,1,1567630482
732,579,1,1619789960
732,994,1,1586776476
732,712,1,1618979231
732,159,1,1594824579
732,160,1,1586269868
733,579,1,1620537156
733,493,1,1645845236
733,787,1,1641384194
733,860,1,1614560234
733,534,1,1597235201
733,3,1,1643773068
734,579,1,1619759693
734,239,1,1645194745
734,301,1,1645190302
734,746,1,1586959001
734,995,1,1639832079
735,579,1,1619772679
735,298,1,1610019989
735,996,1,1590396266
735,571,1,1599930735
735,989,1,1623891974
736,579,1,1642379999
736,997,1,1624929766
736,62,1,1642205581
736,51,1,1649154209
736,4,1,1644343102
737,579,1,1619857009
737,539,1,1620130693
737,530,1,1620289278
737,844,1,1614307115
737,833,1,1620026058
738,579,1,1619783182
738,998,1,1618653667
738,999,1,1638540275
738,782,1,1647532835
738,78,1,1612805752
739,434,1,1613134459
739,960,1,1629907567
739,1000,1,1613386414
739,363,1,1615642228
739,552,1,1613133729
740,434,1,1596693242
740,32,1,1595062207
740,351,1,1596347586
740,632,1,1595662898
740,234,1,1598608471
741,434,1,1596639907
741,496,1,1588406635
741,639,1,1570321758
741,640,1,1570321617
741,593,1,1562682127
741,643,1,1618828130
741,372,1,1590919747
742,434,1,1596634657
742,120,1,1606051307
742,701,1,1602503162
742,121,1,1595937829
742,230,1,1594991435
742,111,1,1605783047
742,207,1,1605715090
743,434,1,1596625657
743,88,1,1597929974
743,651,1,1590669423
743,632,1,1595681792
743,324,1,1613383396
744,434,1,1596625588
744,230,1,1594978271
744,279,1,1588847316
744,54,1,1589970529
744,632,1,1595684689
745,434,1,1596622953
745,88,1,1597916369
745,701,1,1602495242
745,643,1,1618825045
745,692,1,1610086518
745,111,1,1605778877
746,434,1,1596622847
746,1001,1,1612772513
746,338,1,1579409884
746,312,1,1589970866
746,552,1,1612604026
747,434,1,1596620855
747,88,1,1597916231
747,121,1,1595932026
747,632,1,1595669424
747,659,1,1601112846
748,434,1,1596620476
748,120,1,1606038176
748,1002,1,1629542710
748,279,1,1588985252
748,552,1,1612605599
749,434,1,1596620301
749,121,1,1595928750
749,515,1,1589430448
749,234,1,1598608284
749,150,1,1615023656
749,1003,1,1591496489
750,434,1,1596620285
750,88,1,1597915860
750,337,1,1564829869
750,1004,1,1578786259
750,44,1,1568466335
751,434,1,1596619868
751,496,1,1588408416
751,121,1,1595930895
751,230,1,1594980659
751,558,1,1587721941
751,632,1,1595663461
751,818,1,1585965588
752,434,1,1623333049
752,240,1,1623209621
752,219,1,1623331596
752,1005,1,1629335617
752,643,1,1623330211
753,434,1,1606046072
753,651,1,1606827970
753,664,1,1627534114
753,234,1,1609240531
753,889,1,1629597424
753,339,1,1629597715
754,434,1,1597040538
754,681,1,1593104026
754,230,1,1596783314
754,558,1,1593102880
754,285,1,1593105629
755,434,1,1596728568
755,32,1,1595309908
755,500,1,1635066277
755,14,1,1635154318
755,150,1,1615023648
756,434,1,1596684686
756,681,1,1588396249
756,558,1,1587737288
756,234,1,1598766528
756,285,1,1589641962
756,672,1,1606620405
756,552,1,1612781353
757,434,1,1596644552
757,500,1,1635067548
757,28,1,1636356684
757,14,1,1635221968
757,643,1,1618844795
758,434,1,1596643056
758,500,1,1635067564
758,643,1,1618834266
758,150,1,1615477220
758,552,1,1612622639
759,434,1,1596635118
759,941,1,1589197026
759,369,1,1647534893
759,705,1,1651054018
759,332,1,1602583135
759,234,1,1598608963
759,413,1,1610875248
760,434,1,1596630858
760,230,1,1594994684
760,370,1,1581222195
760,122,1,1583550816
760,290,1,1594995209
761,434,1,1596622697
761,121,1,1596016592
761,108,1,1580649844
761,284,1,1602063404
761,632,1,1595740293
761,285,1,1589539290
761,111,1,1605949387
762,434,1,1596622131
762,230,1,1594978744
762,284,1,1602067878
762,113,1,1615540352
762,426,1,1637920813
763,434,1,1596620308
763,681,1,1588240297
763,800,1,1606291482
763,122,1,1582104716
763,207,1,1605702788
764,1006,1,1627381091
764,1007,1,1628744743
764,79,1,1626846963
764,1008,1,1628744926
764,1009,1,1626838348
765,1006,1,1642697695
765,511,1,1642490474
765,25,1,1642860304
765,20,1,1642490297
765,868,1,1642572352
765,505,1,1642794316
765,23,1,1642351295
765,430,1,1642652612
765,1010,1,1642869481
766,1006,1,1630850662
766,809,1,1629379058
766,1011,1,1627478161
766,1009,1,1628851193
766,618,1,1641384184
766,450,1,1626480012
767,1006,1,1601554732
767,1012,1,1616236835
767,173,1,1620832524
767,359,1,1586412990
767,746,1,1558552287
768,1006,1,1632740167
768,789,1,1632483486
768,1013,1,1632569064
768,763,1,1632651101
768,1014,1,1633862987
768,1015,1,1633003897
768,510,1,1632482955
769,1016,1,1631537510
769,90,1,1632458339
769,818,1,1640523667
769,26,1,1637837417
769,22,1,1638069280
770,1016,1,1643297767
770,494,1,1642254861
770,396,1,1642338884
770,462,1,1641995724
770,22,1,1642254163
771,1016,1,1624372439
771,785,1,1612809933
771,1017,1,1628011068
771,1018,1,1588784730
771,802,1,1627985525
772,1016,1,1611197745
772,395,1,1638424111
772,241,1,1634942709
772,751,1,1629590253
772,319,1,1628429259
772,285,1,1629097039
772,1019,1,1633328192
773,1016,1,1645080076
773,762,1,1639797652
773,867,1,1639905984
773,785,1,1648034334
773,761,1,1640166978
774,1016,1,1633518976
774,1020,1,1633167773
774,20,1,1633167871
774,46,1,1633524428
774,1018,1,1633162706
774,510,1,1633243363
775,2,1,1642497301
775,142,1,1642497112
775,52,1,1642497442
775,462,1,1642501557
775,25,1,1642500732
775,211,1,1642499902
775,589,1,1642495050
776,2,1,1631248569
776,105,1,1605587823
776,624,1,1571917283
776,209,1,1638074053
776,475,1,1592198000
776,211,1,1636346474
777,2,1,1638700892
777,762,1,1638879691
777,204,1,1638187655
777,25,1,1644243259
777,211,1,1644739988
777,22,1,1639920646
778,2,1,1636540080
778,462,1,1636538610
778,113,1,1636635560
778,1021,1,1636636493
778,473,1,1636539646
779,2,1,1632406657
779,622,1,1636605977
779,749,1,1636604350
779,360,1,1629896577
779,1022,1,1644326663
779,58,1,1634297623
779,989,1,1634043776
780,2,1,1631071396
780,181,1,1631423249
780,783,1,1631422680
780,25,1,1631071822
780,27,1,1631072034
781,2,1,1645428227
781,685,1,1645190399
781,506,1,1644113410
781,427,1,1644913517
781,589,1,1642866477
782,2,1,1630406101
782,142,1,1632924632
782,181,1,1629958517
782,783,1,1630040848
782,211,1,1636292519
782,455,1,1630628472
783,2,1,1645168945
783,52,1,1645169209
783,226,1,1645576302
783,24,1,1645683331
783,27,1,1645778739
784,2,1,1631751504
784,228,1,1640182013
784,999,1,1640183014
784,163,1,1639999955
784,473,1,1631753090
785,2,1,1630580353
785,67,1,1607171785
785,68,1,1635768943
785,456,1,1641734993
785,27,1,1619064743
786,2,1,1630420618
786,369,1,1649468685
786,240,1,1589658321
786,50,1,1631935420
786,687,1,1596819984
787,2,1,1642678345
787,780,1,1642420508
787,211,1,1642488577
787,594,1,1642487110
787,692,1,1642507291
788,2,1,1631709553
788,580,1,1630209274
788,751,1,1630129554
788,319,1,1629800207
788,473,1,1631098995
788,450,1,1629806812
789,2,1,1630330574
789,142,1,1630688782
789,441,1,1607078923
789,50,1,1631979461
789,298,1,1610006662
789,211,1,1636193724
790,2,1,1630318157
790,50,1,1632043971
790,280,1,1584351653
790,282,1,1584072318
790,557,1,1623574948
791,2,1,1630465056
791,809,1,1629274832
791,68,1,1635760115
791,505,1,1629251365
791,38,1,1638621085
792,2,1,1630331034
792,478,1,1598438038
792,25,1,1602338528
792,580,1,1629368854
792,505,1,1629180022
792,473,1,1629628015
793,2,1,1630326883
793,268,1,1630843576
793,144,1,1617288728
793,52,1,1631457176
793,788,1,1624077279
793,665,1,1612962583
793,24,1,1642406974
794,2,1,1630318706
794,458,1,1645792761
794,50,1,1631938219
794,181,1,1629884732
794,506,1,1614170502
794,295,1,1631439729
794,15,1,1629678195
795,142,1,1643405394
795,181,1,1643405067
795,505,1,1643406160
795,58,1,1643404001
795,1023,1,1503434449
796,142,1,1642246690
796,52,1,1642466645
796,462,1,1642483899
796,769,1,1647687099
796,473,1,1642409132
796,24,1,1642231832
797,142,1,1640331108
797,740,1,1612348337
797,364,1,1587965399
797,1024,1,1651229037
797,620,1,1597459811
797,1018,1,1612710062
797,1023,1,1500887148
798,142,1,1639315051
798,462,1,1639115451
798,1025,1,1642749264
798,22,1,1638608792
798,58,1,1638608911
799,142,1,1633060821
799,76,1,1634395383
799,11,1,1630664776
799,1026,1,1634396364
799,13,1,1630662670
800,142,1,1632233572
800,6,1,1631479071
800,214,1,1633265677
800,171,1,1631783438
800,373,1,1623865258
801,142,1,1631360649
801,490,1,1637462403
801,462,1,1636118909
801,209,1,1638596930
801,211,1,1636249803
802,142,1,1631350777
802,462,1,1635651085
802,25,1,1631578664
802,211,1,1636777159
802,24,1,1641803295
802,27,1,1631578423
803,142,1,1630918652
803,318,1,1630308520
803,25,1,1630572440
803,210,1,1630242845
803,58,1,1636169559
803,74,1,1633145638
804,142,1,1630904355
804,66,1,1609478366
804,50,1,1634189868
804,844,1,1614394538
804,456,1,1641826995
804,169,1,1642306987
805,142,1,1630813830
805,50,1,1631938853
805,181,1,1630038841
805,334,1,1639459459
805,521,1,1639546466
806,142,1,1630810061
806,50,1,1633337841
806,62,1,1642146228
806,181,1,1631320235
806,995,1,1639798527
806,211,1,1636265136
807,142,1,1630751817
807,144,1,1637917041
807,857,1,1644310849
807,98,1,1635758281
807,145,1,1643518792
807,270,1,1636615179
807,948,1,1633601598
807,665,1,1636615110
808,142,1,1630680233
808,80,1,1631325168
808,1027,1,1620057035
808,580,1,1629382863
808,473,1,1629653840
809,142,1,1630663985
809,911,1,1621165738
809,462,1,1635242541
809,324,1,1613382544
809,27,1,1618835529
810,142,1,1630841156
810,958,1,1626684808
810,631,1,1605183269
810,483,1,1641379442
810,966,1,1635481959
810,211,1,1636639162
810,672,1,1607092765
811,142,1,1630670382
811,50,1,1631955680
811,685,1,1614090099
811,580,1,1629369393
811,505,1,1629124001
812,142,1,1630664331
812,580,1,1629367717
812,14,1,1635155623
812,473,1,1629627549
812,391,1,1636626788
813,1028,1,1617036720
813,304,1,1623497284
813,597,1,1625974950
813,616,1,1617567072
813,1029,1,1623197823
814,1028,1,1609146416
814,906,1,1623561839
814,446,1,1619262456
814,10,1,1638110952
814,274,1,1636553575
815,1028,1,1636331039
815,974,1,1616296942
815,797,1,1635914746
815,67,1,1630225760
815,68,1,1635761515
816,1030,1,1614385117
816,551,1,1614253944
816,123,1,1644303307
816,73,1,1643543317
816,372,1,1642588751
817,1030,1,1638804720
817,317,1,1586051413
817,1002,1,1629624689
817,438,1,1616335151
817,51,1,1649148402
818,1030,1,1613993863
818,960,1,1605223636
818,400,1,1613135949
818,1031,1,1604140388
818,1032,1,1611662162
819,1030,1,1614006145
819,366,1,1599316217
819,65,1,1600259110
819,1033,1,1608001863
819,407,1,1641795446
819,957,1,1569331468
819,1034,1,1644161572
819,1032,1,1611671966
820,1030,1,1613991995
820,366,1,1609081917
820,213,1,1608431638
820,400,1,1613404497
820,1032,1,1611664657
820,1035,1,1621339020
820,602,1,1615872484
821,1030,1,1616084982
821,1036,1,1637146520
821,518,1,1630932542
821,953,1,1566139169
821,1037,1,1584980513
821,190,1,1626451201
822,1030,1,1614139139
822,398,1,1621680794
822,366,1,1599316080
822,935,1,1593663518
822,1031,1,1602246874
822,890,1,1553167270
822,1032,1,1611664459
823,1030,1,1613997105
823,213,1,1594812244
823,400,1,1613124912
823,1038,1,1597151513
823,1039,1,1617365644
824,825,1,1551004092
824,374,1,1538623169
824,834,1,1586352384
824,835,1,1575549975
824,106,1,1607934903
825,825,1,1551004708
825,190,1,1615732457
825,916,1,1616146618
825,1040,1,1615202347
825,1041,1,1608635622
826,809,1,1630908898
826,580,1,1630730846
826,1042,1,1630731697
826,473,1,1630757916
826,267,1,1631877851
827,809,1,1643380364
827,856,1,1641386564
827,265,1,1588418506
827,1037,1,1602603323
827,192,1,1613144755
827,1043,1,1629210059
828,809,1,1629618143
828,686,1,1613799323
828,222,1,1613799747
828,173,1,1621431762
828,557,1,1623584383
829,809,1,1633262382
829,780,1,1642154918
829,580,1,1629892516
829,23,1,1642652343
829,589,1,1642154153
830,809,1,1629271806
830,490,1,1637595250
830,494,1,1636075493
830,826,1,1632151453
830,1044,1,1631799663
830,27,1,1619727730
831,325,1,1628861260
831,700,1,1648303398
831,876,1,1600866601
831,1045,1,1613023125
831,256,1,1642772808
832,325,1,1610977518
832,144,1,1617198896
832,146,1,1630926424
832,667,1,1616227662
832,621,1,1615810646
833,325,1,1610723018
833,1046,1,1610458662
833,452,1,1621937018
833,85,1,1613496519
833,685,1,1612776586
833,621,1,1615813094
833,523,1,1614176891
834,325,1,1610715483
834,1047,1,1603347411
834,960,1,1605445464
834,181,1,1631339069
834,199,1,1488276399
835,325,1,1610712883
835,318,1,1621945873
835,516,1,1640002335
835,100,1,1630664198
835,291,1,1624286307
836,325,1,1610711259
836,408,1,1613025239
836,176,1,1619694955
836,178,1,1623506150
836,431,1,1614778109
837,325,1,1610707132
837,259,1,1611341174
837,260,1,1620988368
837,353,1,1632648028
837,672,1,1606559129
837,437,1,1620901306
838,325,1,1610711833
838,40,1,1614858304
838,940,1,1614418767
838,1048,1,1606369774
838,113,1,1615549684
839,1049,1,1532770686
839,287,1,1612698364
839,466,1,1613391852
839,1050,1,1628392573
839,308,1,1630077267
840,172,1,1630535828
840,264,1,1617206709
840,444,1,1627349851
840,38,1,1639216518
840,39,1,1627351268
841,172,1,1630745066
841,98,1,1637980875
841,457,1,1624437050
841,15,1,1637898766
841,416,1,1643267226
842,172,1,1632038273
842,851,1,1619455208
842,1051,1,1631941666
842,465,1,1623575235
842,277,1,1567607857
842,1052,1,1583242517
843,172,1,1630576113
843,347,1,1581259632
843,988,1,1627563601
843,1053,1,1581259443
843,1054,1,1605754635
844,172,1,1640916413
844,967,1,1640914178
844,497,1,1624796568
844,130,1,1641206108
844,15,1,1640918372
844,131,1,1639443771
845,172,1,1630933772
845,514,1,1606666153
845,597,1,1626091653
845,361,1,1616822287
845,951,1,1645263989
846,172,1,1630550556
846,1055,1,1647789413
846,463,1,1641729715
846,653,1,1639067287
846,291,1,1614005324
847,172,1,1636627959
847,268,1,1632077717
847,857,1,1645896744
847,797,1,1636735870
847,699,1,1634587068
847,618,1,1635573841
848,172,1,1630509104
848,248,1,1583895167
848,324,1,1613532445
848,594,1,1615045564
848,976,1,1641300937
849,172,1,1630487998
849,145,1,1643519240
849,353,1,1632650898
849,295,1,1631440755
849,15,1,1629626084
850,172,1,1630486955
850,408,1,1612942728
850,61,1,1644653389
850,458,1,1645778313
850,295,1,1631439531
850,251,1,1599566522
850,368,1,1633432926
851,172,1,1630642143
851,543,1,1645798271
851,1046,1,1610457013
851,458,1,1645782834
851,551,1,1614953188
852,172,1,1630507132
852,967,1,1639148874
852,61,1,1644681158
852,63,1,1642924054
852,15,1,1629634138
852,932,1,1628859644
852,16,1,1638633421
853,172,1,1630498228
853,268,1,1630849281
853,85,1,1613472927
853,821,1,1630153881
853,353,1,1632655236
853,146,1,1629547196
853,147,1,1628230401
853,542,1,1632915840
853,87,1,1614169650
854,172,1,1630492164
854,268,1,1630832858
854,549,1,1636451538
854,753,1,1643738050
854,1056,1,1644155624
854,547,1,1630592904
855,172,1,1630489013
855,15,1,1629629777
855,416,1,1633766689
855,16,1,1638606740
855,134,1,1621591527
856,172,1,1630488786
856,57,1,1630506167
856,539,1,1620207490
856,262,1,1616926653
856,198,1,1632316863
856,115,1,1613136881
857,172,1,1630488217
857,959,1,1618880261
857,1057,1,1624669534
857,15,1,1629680621
857,336,1,1564297996
857,357,1,1564481721
858,498,1,1632724363
858,623,1,1620216865
858,231,1,1621700822
858,93,1,1632730024
858,742,1,1619974521
859,498,1,1632715890
859,446,1,1619255407
859,381,1,1597404990
859,71,1,1632197505
859,115,1,1613117653
860,1058,1,1643124603
860,1059,1,1633175096
860,1060,1,1641984057
860,305,1,1587466576
860,951,1,1598791473
861,1058,1,1622539814
861,728,1,1611725363
861,341,1,1621155414
861,294,1,1611741948
861,920,1,1610284999
861,184,1,1611741610
862,1058,1,1603286994
862,1061,1,1612955978
862,1048,1,1611218531
862,1062,1,1603286256
862,802,1,1609651772
863,1058,1,1592562488
863,543,1,1646206968
863,620,1,1595779462
863,64,1,1642606419
863,242,1,1595242801
863,131,1,1638707957
864,88,1,1644641986
864,369,1,1649141554
864,794,1,1645187495
864,464,1,1645244416
864,109,1,1644642801
864,1063,1,1645187029
865,88,1,1623110670
865,524,1,1623464511
865,882,1,1624260813
865,46,1,1624113344
865,643,1,1623479886
865,234,1,1623663340
865,508,1,1622943035
865,289,1,1624006963
866,88,1,1646650577
866,1007,1,1643004077
866,79,1,1641470267
866,857,1,1647504318
866,511,1,1641471258
866,817,1,1594008955
866,1019,1,1585903124
867,88,1,1597919494
867,630,1,1611069006
867,631,1,1603618412
867,370,1,1580990072
867,263,1,1580552959
868,88,1,1597990858
868,122,1,1584501128
868,818,1,1585973491
868,321,1,1586521204
868,234,1,1598616621
869,88,1,1597935964
869,623,1,1584787355
869,632,1,1595671917
869,234,1,1598625352
869,692,1,1609678479
870,88,1,1598024598
870,496,1,1588418280
870,681,1,1588249619
870,558,1,1587730498
870,632,1,1595663691
870,285,1,1589445224
870,372,1,1590977195
871,88,1,1597975182
871,472,1,1625302951
871,268,1,1630832522
871,857,1,1644310943
871,668,1,1612509436
872,88,1,1597970473
872,219,1,1598414300
872,839,1,1598414663
872,593,1,1597809393
872,278,1,1598176036
873,88,1,1597929133
873,12,1,1582792441
873,285,1,1589454795
873,672,1,1606555467
873,552,1,1612702262
874,88,1,1597928556
874,530,1,1619861226
874,198,1,1632217593
874,747,1,1598709562
874,290,1,1597315626
875,88,1,1597923428
875,495,1,1618052446
875,701,1,1602495346
875,230,1,1594998228
875,234,1,1598610655
875,372,1,1590919988
876,88,1,1597918688
876,500,1,1635074301
876,121,1,1595943345
876,662,1,1586171767
876,552,1,1612605908
877,88,1,1597917809
877,480,1,1586019029
877,968,1,1594992273
877,594,1,1615023381
877,692,1,1609580525
878,88,1,1597916587
878,818,1,1585725045
878,643,1,1618826314
878,662,1,1586163950
878,659,1,1601113317
879,88,1,1597916246
879,279,1,1588851845
879,347,1,1583823742
879,1053,1,1583823326
879,372,1,1590938032
880,88,1,1600949115
880,346,1,1601190541
880,347,1,1601199423
880,89,1,1614774376
880,1064,1,1601191580
880,126,1,1601602937
880,1065,1,1598192511
881,88,1,1599147698
881,514,1,1605285843
881,452,1,1624171225
881,234,1,1599149310
881,134,1,1621757607
882,88,1,1598415109
882,546,1,1638974574
882,33,1,1635739686
882,929,1,1643391140
882,668,1,1600912660
883,88,1,1598186423
883,423,1,1577633662
883,623,1,1587087084
883,491,1,1584331324
883,989,1,1624145455
884,88,1,1598114468
884,287,1,1612784326
884,466,1,1613571931
884,288,1,1595771914
884,291,1,1612487780
885,88,1,1598104035
885,120,1,1606051023
885,500,1,1635066829
885,121,1,1595928666
885,122,1,1582106417
885,643,1,1618848989
886,88,1,1598068075
886,496,1,1588587795
886,630,1,1611476248
886,284,1,1602149895
886,644,1,1611571952
886,552,1,1612687126
887,496,1,1626847831
887,500,1,1650631549
887,399,1,1612606204
887,396,1,1627544314
887,111,1,1627543284
888,496,1,1613815329
888,491,1,1598782339
888,105,1,1607752023
888,332,1,1607751703
888,284,1,1602065232
888,657,1,1567833142
888,336,1,1569301502
889,496,1,1621685253
889,591,1,1621770281
889,321,1,1622206181
889,111,1,1622263425
889,372,1,1621772415
890,496,1,1611930754
890,1066,1,1648550957
890,1067,1,1648581565
890,216,1,1644366670
890,150,1,1630950164
891,496,1,1629176777
891,280,1,1628246726
891,89,1,1626257220
891,593,1,1632216148
891,372,1,1628057278
892,496,1,1590291700
892,622,1,1583235177
892,230,1,1596344944
892,688,1,1630132837
892,618,1,1635243174
892,74,1,1632332498
892,510,1,1630405975
893,496,1,1588579516
893,630,1,1611934920
893,1068,1,1595073909
893,703,1,1585898138
893,594,1,1616250808
893,643,1,1619870900
894,496,1,1588490296
894,632,1,1595665042
894,23,1,1641490233
894,73,1,1642512928
894,156,1,1632704256
895,496,1,1588413438
895,681,1,1588246059
895,369,1,1647516145
895,831,1,1623507381
895,662,1,1586341277
896,496,1,1588410755
896,681,1,1588233076
896,478,1,1598434550
896,370,1,1585198494
896,505,1,1629113981
897,496,1,1588407951
897,773,1,1645528557
897,1069,1,1589551781
897,829,1,1643445132
897,346,1,1592050797
897,455,1,1592112731
898,496,1,1588407586
898,681,1,1588233589
898,54,1,1589972015
898,632,1,1595663288
898,285,1,1589449967
899,496,1,1588405341
899,681,1,1588234668
899,622,1,1583411087
899,558,1,1587725809
899,285,1,1589446244
900,496,1,1588405405
900,681,1,1588237369
900,650,1,1588666681
900,1070,1,1596098975
900,971,1,1588668831
901,496,1,1588405247
901,623,1,1584783338
901,121,1,1595929500
901,230,1,1594979682
901,122,1,1582107453
901,242,1,1595243264
901,664,1,1594203487
902,496,1,1588405074
902,655,1,1574415950
902,248,1,1582542396
902,285,1,1589444816
902,229,1,1585821087
903,496,1,1588436420
903,681,1,1588436536
903,623,1,1585240621
903,285,1,1590122964
903,692,1,1611634531
904,496,1,1588432704
904,352,1,1635037037
904,304,1,1623506398
904,688,1,1628685842
904,24,1,1642155639
904,1071,1,1641740698
905,496,1,1588424587
905,222,1,1608369213
905,317,1,1585920671
905,1064,1,1571289727
905,662,1,1586269607
906,496,1,1588422405
906,591,1,1583592852
906,370,1,1580998989
906,233,1,1600686522
906,156,1,1632203967
907,496,1,1588412027
907,47,1,1588072846
907,558,1,1587808416
907,662,1,1586180805
907,73,1,1642502144
908,436,1,1643134071
908,380,1,1637039126
908,507,1,1635864330
908,1072,1,1642782274
908,1073,1,1632737696
908,274,1,1629395294
909,436,1,1643035068
909,258,1,1599907682
909,728,1,1600507236
909,176,1,1620047273
909,431,1,1614811508
909,742,1,1619098006
909,251,1,1599608550
910,436,1,1642845024
910,736,1,1642327174
910,410,1,1641016490
910,431,1,1642690301
910,526,1,1642424262
910,426,1,1642572064
910,368,1,1642490281
911,436,1,1642844549
911,176,1,1619751930
911,178,1,1623526430
911,431,1,1614836933
911,251,1,1599973362
911,368,1,1630290403
912,436,1,1642914721
912,408,1,1612951047
912,176,1,1619697662
912,178,1,1623553653
912,431,1,1614772752
912,147,1,1629336622
912,368,1,1630384039
913,436,1,1644319508
913,440,1,1630038258
913,1026,1,1638700177
913,882,1,1631167401
913,426,1,1637412676
913,368,1,1630322345
913,306,1,1621040423
914,436,1,1642862223
914,736,1,1642595717
914,176,1,1619708952
914,426,1,1637367892
914,252,1,1631109713
915,436,1,1643689803
915,176,1,1619779114
915,178,1,1623752573
915,431,1,1614844731
915,180,1,1616818028
916,436,1,1643288120
916,701,1,1603284831
916,736,1,1644503847
916,431,1,1615713691
916,426,1,1637383402
917,436,1,1643025516
917,408,1,1612959678
917,178,1,1623506241
917,431,1,1614936607
917,251,1,1599567063
917,252,1,1631289624
918,436,1,1642943720
918,431,1,1630735196
918,1074,1,1644672695
918,853,1,1631977168
918,251,1,1630734946
919,436,1,1642861038
919,408,1,1612962079
919,176,1,1619692739
919,431,1,1614767418
919,1056,1,1644154266
920,436,1,1642852191
920,1075,1,1630029403
920,118,1,1634788737
920,386,1,1629952484
920,1076,1,1631599953
921,436,1,1642849101
921,414,1,1637502669
921,440,1,1628936599
921,431,1,1624448289
921,426,1,1637393253
921,252,1,1631175324
921,368,1,1630222646
922,436,1,1642846629
922,408,1,1612945434
922,736,1,1642416382
922,176,1,1619703458
922,178,1,1623504941
922,431,1,1614781738
922,252,1,1631103924
923,436,1,1642845782
923,736,1,1642345636
923,440,1,1628769320
923,934,1,1580875032
923,110,1,1627400272
924,436,1,1642844180
924,408,1,1613115622
924,814,1,1611075514
924,176,1,1619758713
924,178,1,1623570577
924,851,1,1619339610
924,1077,1,1644229368
924,252,1,1631441840
925,436,1,1642843868
925,240,1,1590204292
925,1078,1,1590233857
925,410,1,1593267817
925,365,1,1596113637
925,368,1,1630375882
926,436,1,1642843548
926,408,1,1612954305
926,553,1,1576676399
926,410,1,1579269615
926,251,1,1599570544
927,436,1,1642843291
927,736,1,1642326570
927,440,1,1628761341
927,176,1,1619709250
927,178,1,1623503292
927,274,1,1625913620
927,368,1,1630159197
928,436,1,1642843270
928,408,1,1612945129
928,410,1,1580316811
928,176,1,1619692344
928,178,1,1623504855
928,431,1,1614787036
928,274,1,1625913642
929,436,1,1642862846
929,178,1,1623505388
929,251,1,1599568127
929,274,1,1625919672
929,252,1,1631114209
930,436,1,1642862803
930,411,1,1623925507
930,736,1,1642325786
930,147,1,1628069540
930,521,1,1639481235
931,436,1,1642849480
931,408,1,1612950550
931,440,1,1628777358
931,178,1,1623582000
931,431,1,1614865207
931,274,1,1625924004
931,252,1,1631106108
931,368,1,1630198424
932,436,1,1642844386
932,736,1,1642329914
932,440,1,1628771218
932,274,1,1625921217
932,252,1,1631115383
933,408,1,1613397320
933,736,1,1642328066
933,176,1,1619696207
933,431,1,1614779960
933,251,1,1599570295
933,368,1,1630238095
934,408,1,1612951436
934,888,1,1617797369
934,251,1,1603370336
934,252,1,1631124532
934,42,1,1615110046
935,408,1,1612945540
935,942,1,1583988899
935,440,1,1628762108
935,251,1,1601146178
935,252,1,1631145597
935,368,1,1630165208
936,408,1,1612970159
936,736,1,1642325976
936,176,1,1619693905
936,252,1,1631105049
936,368,1,1630165571
937,408,1,1612949901
937,178,1,1623631324
937,431,1,1614768653
937,251,1,1599629302
937,368,1,1630155537
938,408,1,1612944661
938,176,1,1619709974
938,178,1,1623509594
938,251,1,1599572972
938,274,1,1625913408
938,252,1,1631105880
939,408,1,1619620154
939,178,1,1629507734
939,431,1,1634809686
939,934,1,1620225998
939,426,1,1637378527
940,408,1,1612952373
940,930,1,1648872623
940,673,1,1597315022
940,178,1,1624858263
940,417,1,1642429949
941,408,1,1612948476
941,178,1,1623645157
941,857,1,1644312468
941,877,1,1581297038
941,353,1,1632747961
941,84,1,1638018741
942,408,1,1612944064
942,410,1,1579273719
942,176,1,1619717999
942,431,1,1614768596
942,1079,1,1630150351
943,408,1,1612943393
943,1080,1,1579692022
943,428,1,1563986274
943,251,1,1626859950
943,426,1,1637383827
943,731,1,1603525692
943,368,1,1630150994
944,408,1,1612971343
944,176,1,1619695437
944,1081,1,1620729151
944,1082,1,1599112406
944,368,1,1630731113
944,101,1,1629501608
945,408,1,1612945026
945,176,1,1619709258
945,178,1,1623503342
945,251,1,1599567977
945,252,1,1631113250
945,368,1,1630163343
946,408,1,1613367453
946,178,1,1623509419
946,431,1,1614790234
946,251,1,1599577852
946,252,1,1631121427
947,408,1,1612960335
947,176,1,1619701389
947,178,1,1623504078
947,452,1,1621983342
947,672,1,1606553218
948,408,1,1612944376
948,178,1,1623503581
948,401,1,1590149157
948,274,1,1625913852
948,368,1,1630151559
949,408,1,1612968581
949,440,1,1629685712
949,410,1,1579264593
949,176,1,1619710794
949,431,1,1614906818
949,251,1,1599650797
949,274,1,1626456017
950,408,1,1612943646
950,800,1,1606295246
950,441,1,1607142985
950,938,1,1615210299
950,252,1,1631162296
951,408,1,1612943044
951,410,1,1579264176
951,176,1,1619696169
951,431,1,1614770204
951,251,1,1599567448
952,408,1,1612942964
952,583,1,1573367755
952,474,1,1628678025
952,248,1,1582624425
952,646,1,1608627729
953,871,1,1572081290
953,1083,1,1584416482
953,269,1,1584153932
953,205,1,1643608634
953,132,1,1643107362
954,871,1,1572096333
954,712,1,1618769467
954,872,1,1564670345
954,497,1,1572615928
954,130,1,1641179075
955,837,1,1614256574
955,895,1,1614163075
955,730,1,1619793305
955,766,1,1614156036
955,339,1,1612838928
956,837,1,1641800346
956,25,1,1641380155
956,756,1,1643623005
956,22,1,1640956698
956,254,1,1642061722
956,27,1,1641379521
957,837,1,1629121450
957,1007,1,1629867603
957,511,1,1631360959
957,785,1,1634217754
957,719,1,1629120251
957,20,1,1629867435
957,747,1,1630472681
958,837,1,1609678150
958,202,1,1609681275
958,804,1,1609835920
958,766,1,1609682076
958,628,1,1619393835
959,837,1,1629808680
959,1008,1,1629812592
959,722,1,1651296664
959,804,1,1629810762
959,730,1,1629810992
959,1009,1,1629948479
959,20,1,1629811873
959,704,1,1629978709
960,837,1,1635643065
960,901,1,1633009118
960,730,1,1634477756
960,719,1,1635055308
960,896,1,1633259179
961,837,1,1637405570
961,804,1,1626594552
961,817,1,1608978864
961,719,1,1627371578
961,898,1,1637411882
961,704,1,1625486067
962,837,1,1629305471
962,202,1,1632458946
962,722,1,1627723756
962,901,1,1632652393
962,897,1,1627990433
963,1084,1,1629807054
963,202,1,1629721357
963,887,1,1629813850
963,766,1,1629376006
963,896,1,1629873669
963,897,1,1629376180
964,952,1,1639355342
964,729,1,1628824008
964,29,1,1644142427
964,627,1,1643970766
964,253,1,1619956871
964,306,1,1620206469
965,952,1,1589966864
965,622,1,1607492230
965,454,1,1617542077
965,198,1,1635663749
965,790,1,1636781370
965,233,1,1641900043
965,510,1,1636783897
966,952,1,1619838779
966,795,1,1616290759
966,730,1,1621087407
966,719,1,1621084021
966,114,1,1645320251
967,952,1,1582043878
967,941,1,1573811966
967,230,1,1595126719
967,631,1,1603639689
967,134,1,1621592696
968,952,1,1581360742
968,529,1,1606922565
968,146,1,1629539481
968,4,1,1608619637
968,373,1,1569457148
969,952,1,1581098485
969,622,1,1583178359
969,454,1,1609056005
969,113,1,1615598921
969,250,1,1595643115
969,114,1,1612909020
970,952,1,1581092750
970,715,1,1568551445
970,622,1,1583259683
970,250,1,1595588053
970,528,1,1640423573
970,339,1,1569923573
971,543,1,1646147501
971,541,1,1643647716
971,1085,1,1612975994
971,280,1,1583775673
971,370,1,1612949595
972,543,1,1645943922
972,1046,1,1610806868
972,92,1,1642509303
972,823,1,1625645501
972,516,1,1639997282
973,543,1,1645777057
973,1086,1,1594618628
973,98,1,1635778054
973,1087,1,1592922086
973,229,1,1585820878
974,543,1,1645776896
974,967,1,1638967194
974,425,1,1633874046
974,1073,1,1632744375
974,416,1,1633791012
975,1059,1,1632489777
975,583,1,1629646094
975,783,1,1630138789
975,25,1,1633423500
975,74,1,1631539052
976,1059,1,1630406216
976,346,1,1592481105
976,766,1,1615616068
976,932,1,1630145801
976,13,1,1607232998
977,1059,1,1632410478
977,50,1,1632590547
977,847,1,1632409936
977,58,1,1635031391
977,660,1,1640185701
978,202,1,1634556861
978,900,1,1634995966
978,730,1,1634737324
978,766,1,1634554828
978,898,1,1634470586
978,21,1,1645003982
979,202,1,1627295987
979,900,1,1630242891
979,899,1,1619440778
979,719,1,1619523374
979,896,1,1627295619
980,202,1,1618223897
980,784,1,1613737264
980,79,1,1614935989
980,899,1,1619430037
980,1005,1,1615541127
981,202,1,1603205257
981,240,1,1590069258
981,269,1,1584268559
981,704,1,1605018044
981,1088,1,1578389320
982,202,1,1645677967
982,1089,1,1646974093
982,756,1,1644112939
982,766,1,1644113448
982,897,1,1646974729
983,202,1,1626791108
983,895,1,1626705944
983,805,1,1626696066
983,1042,1,1626875706
983,896,1,1628042858
983,704,1,1626704724
984,202,1,1613572129
984,749,1,1636799004
984,1090,1,1633076403
984,817,1,1598591819
984,766,1,1613550129
985,202,1,1603461535
985,352,1,1635043882
985,851,1,1621445328
985,86,1,1615705413
985,233,1,1600692414
985,385,1,1638014691
985,115,1,1613125820
986,974,1,1614190033
986,203,1,1606436087
986,177,1,1622043744
986,549,1,1636452059
986,877,1,1581345714
986,375,1,1604935120
986,64,1,1642588732
986,87,1,1614160948
986,775,1,1616994555
987,974,1,1629359248
987,967,1,1639235319
987,1046,1,1610470567
987,85,1,1614851047
987,663,1,1620990298
987,936,1,1634984709
987,137,1,1600873698
988,974,1,1613481785
988,203,1,1606445652
988,1091,1,1611446818
988,458,1,1645789733
988,132,1,1640734713
988,133,1,1636200020
988,87,1,1614273244
989,203,1,1638889983
989,982,1,1637994666
989,126,1,1640958817
989,155,1,1639935037
989,283,1,1638445687
990,203,1,1639856908
990,344,1,1562977158
990,593,1,1562793918
990,624,1,1564585918
990,336,1,1564227768
991,203,1,1626320693
991,261,1,1617719830
991,70,1,1630840250
991,801,1,1617787443
991,771,1,1624249943
991,401,1,1621851746
991,1092,1,1630382793
991,925,1,1619015039
991,819,1,1619154100
991,711,1,1617719502
991,1041,1,1618741031
992,203,1,1606456776
992,264,1,1617092190
992,295,1,1633817237
992,833,1,1619943935
992,296,1,1627292971
993,203,1,1611083030
993,1001,1,1612776742
993,454,1,1609165104
993,497,1,1607004660
993,4,1,1612459359
993,692,1,1610039541
994,203,1,1606489860
994,239,1,1584958288
994,623,1,1584780057
994,370,1,1581069583
994,302,1,1584545331
994,308,1,1630248938
995,203,1,1606480546
995,112,1,1613812498
995,297,1,1623210528
995,1057,1,1630039326
995,1093,1,1577706210
995,585,1,1587652309
995,413,1,1611460322
995,207,1,1605714584
996,203,1,1606476428
996,729,1,1599965686
996,401,1,1598091412
996,150,1,1615039213
996,253,1,1595602885
997,203,1,1606454434
997,94,1,1595048825
997,122,1,1582117011
997,149,1,1596742289
997,233,1,1601520168
997,659,1,1601147986
998,203,1,1606405210
998,120,1,1606300087
998,105,1,1604307694
998,876,1,1600225476
998,631,1,1603635912
998,808,1,1603704723
998,659,1,1601184886
999,203,1,1606403190
999,623,1,1584944232
999,707,1,1553309311
999,659,1,1604999546
999,111,1,1605830923
1000,203,1,1606400393
1000,623,1,1584787522
1000,121,1,1595937564
1000,230,1,1594992921
1000,250,1,1595597595
1001,603,1,1580532165
1001,57,1,1629376861
1001,879,1,1625410753
1001,1032,1,1611745880
1001,602,1,1615724406
1002,603,1,1580525367
1002,676,1,1582967844
1002,1094,1,1583925792
1002,1053,1,1581129514
1002,980,1,1582968328
1003,603,1,1580574913
1003,68,1,1635856052
1003,475,1,1592239240
1003,170,1,1635772020
1003,184,1,1619104578
1003,245,1,1625152892
1004,603,1,1580487655
1004,530,1,1620747377
1004,977,1,1638373729
1004,195,1,1630251256
1004,932,1,1629042332
1004,143,1,1635500314
1005,603,1,1580467667
1005,591,1,1583590122
1005,584,1,1581592976
1005,424,1,1581784391
1005,78,1,1595342213
1006,878,1,1593963102
1006,740,1,1608643211
1006,831,1,1625053572
1006,971,1,1587740109
1006,306,1,1612868314
1007,878,1,1593487760
1007,431,1,1614768365
1007,742,1,1619104083
1007,971,1,1587629645
1007,234,1,1598612637
1007,659,1,1601210589
1008,380,1,1642229668
1008,1095,1,1604110129
1008,1096,1,1636871732
1008,48,1,1642229492
1008,902,1,1597986978
1009,380,1,1637492654
1009,381,1,1629692424
1009,441,1,1630076797
1009,1025,1,1636197876
1009,26,1,1629391322
1009,688,1,1629389832
1009,1097,1,1635684774
1010,380,1,1637207543
1010,598,1,1638532468
1010,599,1,1632223292
1010,212,1,1643792499
1010,392,1,1631361269
1010,386,1,1633487001
1011,423,1,1612284529
1011,1086,1,1629553330
1011,537,1,1622018760
1011,15,1,1630646400
1011,283,1,1623039325
1012,423,1,1641312544
1012,358,1,1603519481
1012,1002,1,1631376458
1012,1057,1,1631264809
1012,136,1,1603721521
1012,483,1,1641225594
1013,423,1,1627739688
1013,491,1,1626951125
1013,297,1,1623983785
1013,678,1,1627050571
1013,485,1,1614094457
1014,423,1,1626008812
1014,789,1,1632145270
1014,1098,1,1638525750
1014,847,1,1638006294
1014,74,1,1636544220
1015,423,1,1581091147
1015,1002,1,1629567879
1015,173,1,1620649325
1015,150,1,1644048059
1015,453,1,1638335568
1016,423,1,1577532648
1016,103,1,1563271498
1016,491,1,1584273585
1016,301,1,1577528149
1016,988,1,1627884066
1016,303,1,1597836510
1017,423,1,1577540619
1017,265,1,1586452719
1017,307,1,1572368991
1017,629,1,1591122411
1017,5,1,1641995150
1018,423,1,1577531684
1018,458,1,1645834253
1018,678,1,1565951500
1018,277,1,1556273862
1018,1099,1,1637670104
1019,423,1,1577530294
1019,45,1,1578995695
1019,108,1,1580566275
1019,263,1,1580552774
1019,127,1,1573302096
1020,959,1,1618855541
1020,411,1,1624133715
1020,1100,1,1614968813
1020,465,1,1623573634
1020,416,1,1633772448
1021,959,1,1620650752
1021,454,1,1609214218
1021,968,1,1633317896
1021,660,1,1638012195
1021,283,1,1646539718
1022,959,1,1620222631
1022,851,1,1621343539
1022,168,1,1643035578
1022,163,1,1609164200
1022,335,1,1631693663
1023,959,1,1620186261
1023,762,1,1638761869
1023,851,1,1619359996
1023,483,1,1641297807
1023,1101,1,1642947644
1023,1102,1,1620631202
1024,959,1,1619086073
1024,50,1,1631935621
1024,89,1,1614768782
1024,58,1,1634037421
1024,827,1,1576592903
1025,40,1,1615562665
1025,351,1,1629644150
1025,626,1,1629904852
1025,1103,1,1588947499
1025,29,1,1647964181
1026,40,1,1616583190
1026,297,1,1623223076
1026,788,1,1626325598
1026,1103,1,1621844109
1026,256,1,1642774998
1027,40,1,1614933577
1027,958,1,1587596576
1027,297,1,1623219028
1027,314,1,1587179037
1027,475,1,1592231197
1028,40,1,1614722777
1028,344,1,1562323619
1028,967,1,1638952933
1028,700,1,1646467268
1028,347,1,1576415661
1029,656,1,1617711892
1029,112,1,1616239576
1029,35,1,1616764143
1029,275,1,1615979029
1029,339,1,1616761393
1030,656,1,1611713726
1030,305,1,1608864603
1030,664,1,1612068371
1030,889,1,1608363861
1030,253,1,1608356468
1031,656,1,1579313922
1031,707,1,1576753787
1031,703,1,1582081498
1031,1104,1,1578755178
1031,1064,1,1571153508
1032,656,1,1578497062
1032,358,1,1567345426
1032,1105,1,1627998083
1032,1106,1,1638361179
1032,889,1,1575116213
1033,656,1,1627447074
1033,358,1,1620185234
1033,113,1,1625022642
1033,852,1,1627275410
1033,306,1,1627447475
1034,656,1,1578134673
1034,239,1,1584958556
1034,47,1,1588066775
1034,1107,1,1635271423
1034,414,1,1583305464
1034,279,1,1588876445
1034,883,1,1561809712
1035,715,1,1596856401
1035,650,1,1596808622
1035,103,1,1596723667
1035,381,1,1597742351
1035,204,1,1612250251
1036,715,1,1578487022
1036,314,1,1572232806
1036,680,1,1575082226
1036,133,1,1636216397
1036,16,1,1638709588
1037,715,1,1578338007
1037,816,1,1596124862
1037,1108,1,1548934470
1037,682,1,1621183833
1037,1109,1,1603297023
1038,715,1,1587144461
1038,1110,1,1643260310
1038,206,1,1605859916
1038,713,1,1604673984
1038,115,1,1613362901
1039,715,1,1636818639
1039,116,1,1638538660
1039,353,1,1638706443
1039,474,1,1638590971
1039,542,1,1638533569
1039,132,1,1640704871
1040,715,1,1568554396
1040,480,1,1569832352
1040,1070,1,1595224669
1040,126,1,1572349265
1040,989,1,1626101810
1041,715,1,1591957402
1041,309,1,1556101036
1041,565,1,1588816962
1041,233,1,1601105807
1041,312,1,1592985481
1042,715,1,1568631984
1042,700,1,1646744065
1042,1111,1,1650470481
1042,169,1,1642667747
1042,295,1,1634484617
1042,128,1,1567843483
1043,715,1,1568553881
1043,323,1,1561213614
1043,304,1,1623507671
1043,232,1,1626592730
1043,654,1,1567327600
1043,853,1,1561723322
1044,222,1,1608447714
1044,61,1,1646417582
1044,1112,1,1558877607
1044,257,1,1634552198
1044,308,1,1630441017
1045,222,1,1607742285
1045,451,1,1619791845
1045,1113,1,1619056590
1045,1114,1,1620485947
1045,171,1,1631497752
1046,222,1,1607505211
1046,57,1,1628343843
1046,441,1,1607069343
1046,233,1,1600690052
1046,77,1,1607607471
1047,222,1,1607507490
1047,740,1,1608659050
1047,51,1,1647842143
1047,233,1,1600801712
1047,467,1,1638521058
1047,683,1,1644484354
1048,222,1,1607505429
1048,1094,1,1547197211
1048,945,1,1539835844
1048,593,1,1562690369
1048,795,1,1633706891
1048,368,1,1631021996
1049,755,1,1613482833
1049,367,1,1630735000
1049,627,1,1642917981
1049,1009,1,1627819298
1049,461,1,1629776756
1049,226,1,1625760436
1050,866,1,1630431540
1050,500,1,1635135434
1050,1011,1,1627403564
1050,1115,1,1641228596
1050,24,1,1641885073
1051,1116,1,1624484305
1051,794,1,1631360831
1051,919,1,1636256364
1051,1117,1,1631361612
1051,763,1,1631349459
1051,526,1,1637400943
1051,617,1,1637402017
1052,1118,1,1639319230
1052,626,1,1631371189
1052,699,1,1634446745
1052,17,1,1640404698
1052,453,1,1638852661
1053,906,1,1625730806
1053,490,1,1639120209
1053,555,1,1642381089
1053,206,1,1620589538
1053,416,1,1635202092
1054,906,1,1625564421
1054,539,1,1624871326
1054,684,1,1626080345
1054,783,1,1630749775
1054,460,1,1623478836
1055,906,1,1623525460
1055,614,1,1649003576
1055,1119,1,1605287117
1055,884,1,1617463828
1055,735,1,1617462884
1056,906,1,1623545790
1056,438,1,1621704584
1056,626,1,1613550042
1056,1120,1,1546606478
1056,362,1,1613582273
1057,940,1,1629173113
1057,623,1,1584776925
1057,877,1,1581248565
1057,263,1,1580552273
1057,137,1,1600491989
1058,940,1,1614616456
1058,1121,1,1607613793
1058,902,1,1597673766
1058,732,1,1616181821
1058,976,1,1643961993
1059,1122,1,1500649875
1059,1046,1,1610454218
1059,999,1,1638121873
1059,536,1,1615810660
1059,143,1,1634046108
1060,681,1,1626400869
1060,559,1,1645947847
1060,777,1,1641903111
1060,134,1,1624172123
1060,156,1,1633660022
1061,681,1,1617754252
1061,327,1,1636870760
1061,241,1,1608734011
1061,1123,1,1598750329
1061,645,1,1607859051
1062,681,1,1639990987
1062,580,1,1635326376
1062,594,1,1633771855
1062,321,1,1631872224
1062,73,1,1642498857
1063,681,1,1613812530
1063,370,1,1614173678
1063,643,1,1628249815
1063,672,1,1612862729
1063,552,1,1614317123
1064,681,1,1596507692
1064,490,1,1637463913
1064,55,1,1638403614
1064,447,1,1644221831
1064,131,1,1638710155
1064,30,1,1628585223
1065,681,1,1617787590
1065,500,1,1635073234
1065,630,1,1617161509
1065,530,1,1626430507
1065,634,1,1637553563
1065,797,1,1635328188
1065,14,1,1635156776
1065,633,1,1616404368
1066,681,1,1588355136
1066,317,1,1585826185
1066,320,1,1586338844
1066,710,1,1633095763
1066,662,1,1586183161
1067,681,1,1588264059
1067,500,1,1635066260
1067,263,1,1580554124
1067,552,1,1612604532
1067,646,1,1608628000
1068,681,1,1588245309
1068,121,1,1595928683
1068,230,1,1594978265
1068,284,1,1602063107
1068,122,1,1582104895
1069,681,1,1588235706
1069,558,1,1587721795
1069,234,1,1598608368
1069,285,1,1589445664
1069,363,1,1593429265
1070,681,1,1588234810
1070,317,1,1585981401
1070,1069,1,1589535823
1070,854,1,1589013247
1070,473,1,1630851838
1071,681,1,1588233805
1071,32,1,1595062303
1071,112,1,1613812396
1071,351,1,1596270825
1071,472,1,1625302593
1071,1027,1,1620052422
1071,324,1,1613381436
1071,234,1,1598608528
1071,150,1,1615023647
1071,1041,1,1608633988
1071,683,1,1644483725
1072,681,1,1588233778
1072,317,1,1585838433
1072,61,1,1644679967
1072,458,1,1646022238
1072,558,1,1587731567
1072,971,1,1587629213
1073,681,1,1588232914
1073,655,1,1586413086
1073,273,1,1577282900
1073,533,1,1566469733
1073,285,1,1589444639
1073,585,1,1585815815
1074,681,1,1588232637
1074,279,1,1588846460
1074,717,1,1591526312
1074,332,1,1602582677
1074,632,1,1595662879
1075,681,1,1588232607
1075,117,1,1583319410
1075,593,1,1562676236
1075,273,1,1577272568
1075,281,1,1566466298
1075,278,1,1573385386
1076,681,1,1588240117
1076,650,1,1588930066
1076,103,1,1626940520
1076,558,1,1588048089
1076,90,1,1626573319
1076,30,1,1626351677
1077,681,1,1604331226
1077,284,1,1602074778
1077,1124,1,1574770733
1077,285,1,1598752698
1077,291,1,1612089193
1078,681,1,1589479081
1078,121,1,1599159168
1078,55,1,1637158533
1078,401,1,1590428045
1078,290,1,1595088337
1079,681,1,1588689520
1079,399,1,1613305352
1079,107,1,1603720165
1079,220,1,1598109299
1079,1125,1,1599318913
1080,681,1,1588346398
1080,236,1,1606561195
1080,64,1,1642651450
1080,343,1,1632922035
1080,254,1,1640204657
1081,681,1,1588345418
1081,623,1,1584774285
1081,701,1,1602500694
1081,631,1,1603623201
1081,263,1,1593879948
1082,681,1,1588330222
1082,279,1,1588849649
1082,320,1,1588336143
1082,888,1,1588332542
1082,612,1,1588343926
1083,681,1,1588262027
1083,740,1,1608629178
1083,98,1,1635759744
1083,558,1,1587721682
1083,542,1,1632906385
1084,681,1,1588259889
1084,857,1,1644312179
1084,705,1,1651284192
1084,90,1,1627454655
1084,659,1,1601133447
1085,681,1,1588258269
1085,161,1,1629383872
1085,14,1,1635172945
1085,925,1,1613995153
1085,385,1,1631802128
1086,681,1,1588254387
1086,530,1,1623911363
1086,15,1,1629625229
1086,659,1,1601194628
1086,308,1,1630057892
1087,681,1,1588249337
1087,558,1,1587917820
1087,370,1,1580988039
1087,263,1,1580555983
1087,221,1,1579633136
1088,681,1,1588248821
1088,623,1,1584884235
1088,317,1,1586083395
1088,90,1,1626443166
1088,263,1,1584883971
1089,681,1,1588243349
1089,103,1,1563286014
1089,558,1,1587737571
1089,363,1,1562351273
1089,286,1,1574862400
1090,681,1,1588239062
1090,121,1,1595939960
1090,284,1,1602129668
1090,370,1,1581009873
1090,122,1,1582105987
1090,234,1,1598617487
1091,681,1,1588238713
1091,369,1,1649068573
1091,705,1,1651055298
1091,756,1,1643619428
1091,704,1,1605100185
1092,681,1,1588236445
1092,1053,1,1580260804
1092,643,1,1618827475
1092,644,1,1611135634
1092,97,1,1580175042
1092,372,1,1590928844
1093,681,1,1588236403
1093,500,1,1635070950
1093,632,1,1595664891
1093,643,1,1618832857
1093,109,1,1636450567
1093,735,1,1587821049
1094,681,1,1588234823
1094,623,1,1584777081
1094,370,1,1580996523
1094,14,1,1635157034
1094,122,1,1582120655
1095,670,1,1578559367
1095,541,1,1643555564
1095,347,1,1576406333
1095,664,1,1595847906
1095,430,1,1564769164
1096,670,1,1636906550
1096,500,1,1648731558
1096,1126,1,1633880094
1096,444,1,1635553284
1096,39,1,1635777231
1097,605,1,1643533734
1097,1095,1,1642325925
1097,740,1,1627384911
1097,309,1,1577551154
1097,661,1,1591534738
1097,527,1,1640874709
1097,1029,1,1581522900
1097,521,1,1640879682
1098,605,1,1638155447
1098,480,1,1624623048
1098,565,1,1633690568
1098,25,1,1630325499
1098,13,1,1630925313
1099,605,1,1635644867
1099,549,1,1636814692
1099,335,1,1632715549
1099,542,1,1635034977
1099,15,1,1634954011
1100,605,1,1635483269
1100,967,1,1638950703
1100,812,1,1635480875
1100,416,1,1635484433
1100,932,1,1635665368
1100,16,1,1638604288
1101,605,1,1636209225
1101,1127,1,1644038113
1101,1128,1,1631675092
1101,608,1,1638069477
1101,257,1,1636352784
1102,605,1,1634624395
1102,1129,1,1594216924
1102,1130,1,1623582531
1102,1131,1,1632394727
1102,445,1,1632382413
1102,739,1,1624845402
1103,605,1,1636168049
1103,529,1,1605877219
1103,63,1,1642246681
1103,4,1,1608114980
1103,16,1,1639410756
1104,605,1,1635862123
1104,458,1,1647097548
1104,812,1,1635949678
1104,1132,1,1628297281
1104,15,1,1637391845
1104,430,1,1595603414
1105,1133,1,1619078807
1105,57,1,1629471180
1105,967,1,1639298466
1105,451,1,1619961998
1105,1134,1,1601389895
1105,1050,1,1629524496
1106,1133,1,1618574023
1106,1135,1,1589791289
1106,237,1,1608778944
1106,934,1,1592540620
1106,971,1,1587631455
1107,1133,1,1618655728
1107,933,1,1617597282
1107,451,1,1619787034
1107,452,1,1621959546
1107,85,1,1613532079
1107,851,1,1619407469
1107,401,1,1620217036
1107,249,1,1620368232
1108,1133,1,1618650309
1108,116,1,1631373326
1108,812,1,1635412903
1108,918,1,1643615400
1108,488,1,1610608841
1109,1133,1,1618584141
1109,173,1,1620643864
1109,438,1,1616324359
1109,1136,1,1594480310
1109,140,1,1589374330
1110,1133,1,1624322172
1110,544,1,1619954934
1110,173,1,1620652509
1110,177,1,1622063694
1110,546,1,1638948624
1111,1086,1,1595315777
1111,1046,1,1611592321
1111,398,1,1622546242
1111,935,1,1594404388
1111,607,1,1630681250
1112,1086,1,1594554266
1112,1137,1,1573667860
1112,400,1,1613153352
1112,1138,1,1644254670
1112,78,1,1601311642
1113,1086,1,1594624149
1113,410,1,1579308247
1113,934,1,1578920482
1113,127,1,1573359072
1113,289,1,1614506714
1114,1086,1,1626879578
1114,933,1,1626928216
1114,438,1,1627404530
1114,270,1,1628009076
1114,621,1,1628008149
1114,665,1,1631202817
1115,1086,1,1595739714
1115,347,1,1576576827
1115,635,1,1625213255
1115,87,1,1614219894
1115,296,1,1627463725
1116,1086,1,1594569562
1116,451,1,1619800609
1116,64,1,1642611333
1116,775,1,1616870642
1116,31,1,1643034707
1117,1139,1,1610454092
1117,742,1,1619100196
1117,233,1,1600686096
1117,889,1,1571819896
1117,42,1,1615112662
1118,405,1,1570961187
1118,240,1,1589641211
1118,1078,1,1590235644
1118,1129,1,1568465743
1118,278,1,1573390238
1119,1080,1,1579689513
1119,44,1,1568462022
1119,631,1,1603618841
1119,854,1,1577613161
1119,357,1,1564450040
1120,340,1,1616928483
1120,219,1,1588364455
1120,1140,1,1631160290
1120,242,1,1595246822
1120,1141,1,1600328841
1121,340,1,1617504489
1121,120,1,1607828462
1121,465,1,1623602858
1121,150,1,1615024309
1121,97,1,1587876730
1121,192,1,1596164895
1121,883,1,1606399529
1122,340,1,1633010684
1122,1069,1,1589633155
1122,438,1,1617967293
1122,1037,1,1594550998
1122,698,1,1591096349
1123,340,1,1617374005
1123,61,1,1644686058
1123,438,1,1616332735
1123,684,1,1625556547
1123,29,1,1635902233
1124,340,1,1615880566
1124,888,1,1588243947
1124,508,1,1620986621
1124,312,1,1590065730
1124,989,1,1623990231
1124,27,1,1618850331
1125,344,1,1562324858
1125,208,1,1556878105
1125,1112,1,1557399411
1125,277,1,1556273430
1125,282,1,1558783966
1126,344,1,1562427246
1126,1129,1,1561563112
1126,1142,1,1577379740
1126,973,1,1630937334
1126,653,1,1640110549
1127,344,1,1562401377
1127,518,1,1561524536
1127,1108,1,1548737892
1127,890,1,1554389457
1127,277,1,1557807810
1127,853,1,1561871157
1128,344,1,1562337217
1128,374,1,1563897240
1128,309,1,1558188467
1128,131,1,1638695030
1128,133,1,1636190531
1129,344,1,1562333539
1129,570,1,1641194915
1129,674,1,1575715126
1129,184,1,1601130044
1129,277,1,1556276902
1129,439,1,1638675622
1130,344,1,1562332928
1130,428,1,1562162989
1130,654,1,1567338840
1130,336,1,1564222443
1130,357,1,1564415184
1131,344,1,1562323641
1131,337,1,1550484099
1131,1143,1,1564111934
1131,657,1,1559045878
1131,338,1,1552221294
1132,1144,1,1627727190
1132,572,1,1627728508
1132,665,1,1624841413
1132,200,1,1631439087
1132,254,1,1642263331
1133,499,1,1629972514
1133,144,1,1617195347
1133,304,1,1623558787
1133,264,1,1617195867
1133,665,1,1613011494
1133,692,1,1609642170
1133,732,1,1618042493
1134,811,1,1616613550
1134,1145,1,1611035685
1134,66,1,1609155277
1134,997,1,1622569426
1134,184,1,1601112968
1134,246,1,1600489889
1135,811,1,1615545221
1135,500,1,1635066458
1135,701,1,1602495182
1135,541,1,1643275674
1135,90,1,1626442027
1135,335,1,1631177584
1136,994,1,1586790404
1136,300,1,1588762499
1136,1146,1,1578148215
1136,1064,1,1571138290
1136,996,1,1590420148
1137,994,1,1586825517
1137,54,1,1592709049
1137,347,1,1576978227
1137,679,1,1566283056
1137,1147,1,1643199130
1137,638,1,1575195025
1138,994,1,1589084923
1138,395,1,1582011293
1138,226,1,1620997655
1138,506,1,1614169142
1138,450,1,1595387337
1139,1148,1,1594638881
1139,240,1,1589635857
1139,1078,1,1590294084
1139,1149,1,1593535354
1139,365,1,1596155504
1140,1148,1,1594553926
1140,240,1,1589638357
1140,1078,1,1590244815
1140,1112,1,1559035860
1140,996,1,1590415506
1140,687,1,1596801531
1141,1148,1,1594703104
1141,6,1,1644158999
1141,33,1,1638022306
1141,1150,1,1557404808
1141,1151,1,1643102817
1142,1148,1,1595514673
1142,240,1,1589641666
1142,1078,1,1590423552
1142,689,1,1595473889
1142,127,1,1589726375
1143,1148,1,1595991356
1143,495,1,1618047620
1143,365,1,1596155595
1143,1152,1,1616928640
1143,687,1,1596906591
1144,261,1,1643475785
1144,816,1,1643474181
1144,1153,1,1642259872
1144,1154,1,1642154689
1144,1155,1,1642068365
1145,261,1,1629128226
1145,741,1,1595618805
1145,404,1,1594794686
1145,1048,1,1601443846
1145,1156,1,1593827218
1146,261,1,1610029701
1146,161,1,1629264653
1146,839,1,1610039565
1146,620,1,1606572998
1146,242,1,1615945746
1147,261,1,1610124238
1147,399,1,1613732660
1147,630,1,1611403449
1147,324,1,1613443701
1147,234,1,1598620684
1147,692,1,1609581470
1148,261,1,1582289763
1148,623,1,1584789352
1148,591,1,1583585705
1148,107,1,1603704235
1148,558,1,1587741358
1148,552,1,1615721943
1149,614,1,1615286597
1149,369,1,1648449082
1149,718,1,1647365006
1149,45,1,1579023606
1149,594,1,1615029543
1150,614,1,1638702108
1150,268,1,1632128255
1150,913,1,1627710321
1150,1157,1,1642601554
1150,16,1,1638694976
1151,614,1,1613234493
1151,814,1,1611116400
1151,66,1,1610425602
1151,475,1,1592054381
1151,169,1,1642261208
1151,256,1,1642775801
1152,239,1,1585182210
1152,395,1,1584103201
1152,784,1,1612793013
1152,785,1,1612496928
1152,1005,1,1615540189
1153,239,1,1587026991
1153,845,1,1626063298
1153,225,1,1613883906
1153,522,1,1643958709
1153,371,1,1586530379
1154,239,1,1588841683
1154,105,1,1605286986
1154,241,1,1589002444
1154,236,1,1624250475
1154,450,1,1587637701
1155,239,1,1586270046
1155,67,1,1604684416
1155,845,1,1626092127
1155,215,1,1602406377
1155,732,1,1604382915
1156,239,1,1584960064
1156,558,1,1587721613
1156,302,1,1584525364
1156,692,1,1609579833
1156,528,1,1640422877
1157,239,1,1584958304
1157,173,1,1620647225
1157,148,1,1641527690
1157,61,1,1644653692
1157,401,1,1590155792
1158,239,1,1596030379
1158,701,1,1602511307
1158,539,1,1620116529
1158,441,1,1607070267
1158,808,1,1596017953
1159,239,1,1585136198
1159,783,1,1631109966
1159,77,1,1609742094
1159,629,1,1609136152
1159,916,1,1616767422
1160,239,1,1585012295
1160,300,1,1588761687
1160,99,1,1615423837
1160,301,1,1577587846
1160,302,1,1584787243
1160,1082,1,1600681172
1161,239,1,1584971436
1161,32,1,1595081895
1161,624,1,1564582488
1161,475,1,1592204741
1161,106,1,1607938123
1162,239,1,1584967300
1162,117,1,1583321904
1162,302,1,1584627343
1162,508,1,1620995266
1162,308,1,1630069575
1163,676,1,1584955712
1163,309,1,1556078513
1163,263,1,1581945847
1163,302,1,1595341263
1163,312,1,1592818894
1164,337,1,1586346303
1164,377,1,1587135033
1164,281,1,1587110648
1164,338,1,1585556785
1164,357,1,1587132593
1165,337,1,1562584394
1165,533,1,1571573129
1165,233,1,1604682866
1165,731,1,1603512736
1165,373,1,1597724168
1166,337,1,1587618750
1166,347,1,1582536457
1166,657,1,1582264314
1166,679,1,1582628146
1166,970,1,1582714122
1166,281,1,1583147953
1166,285,1,1589519901
1166,338,1,1584066017
1166,638,1,1587964448
1166,282,1,1583713049
1167,337,1,1596435841
1167,332,1,1602947033
1167,402,1,1585906240
1167,682,1,1583548381
1167,990,1,1596117040
1168,337,1,1554297780
1168,1033,1,1607919271
1168,657,1,1559049122
1168,321,1,1572192543
1168,134,1,1622129990
1169,337,1,1550499707
1169,623,1,1584785477
1169,491,1,1584283488
1169,678,1,1565951932
1169,324,1,1613402219
1170,337,1,1550628644
1170,673,1,1575736944
1170,297,1,1623396678
1170,625,1,1592360087
1170,312,1,1589978251
1171,337,1,1550587822
1171,1069,1,1589554745
1171,242,1,1595256705
1171,473,1,1629640073
1171,450,1,1587272009
1172,6,1,1643462419
1172,287,1,1642946049
1172,466,1,1643503987
1172,289,1,1643464718
1172,5,1,1644395514
1173,6,1,1621602066
1173,177,1,1641294497
1173,466,1,1621604097
1173,324,1,1629454942
1173,665,1,1641295238
1173,672,1,1629543350
1173,13,1,1641388765
1174,6,1,1617792653
1174,624,1,1616847184
1174,35,1,1616846132
1174,795,1,1616846497
1174,123,1,1618287868
1174,249,1,1616848933
1174,373,1,1616847404
1175,6,1,1623003122
1175,1158,1,1642674195
1175,1159,1,1633599142
1175,487,1,1640448862
1175,171,1,1631886743
1176,6,1,1619599582
1176,364,1,1620570320
1176,76,1,1633001902
1176,431,1,1615964148
1176,567,1,1619697462
1176,289,1,1619599349
1176,291,1,1619690190
1177,6,1,1606646628
1177,287,1,1612698073
1177,466,1,1613302166
1177,1123,1,1594531648
1177,289,1,1614860916
1177,291,1,1612087312
1178,6,1,1606838058
1178,165,1,1633000417
1178,153,1,1639558191
1178,1160,1,1642133301
1178,53,1,1633112355
1178,487,1,1639702430
1179,6,1,1606626049
1179,287,1,1612697898
1179,466,1,1613290606
1179,1123,1,1593091250
1179,289,1,1614481242
1179,291,1,1612062037
1180,6,1,1608378268
1180,287,1,1612698386
1180,288,1,1595649925
1180,289,1,1614481753
1180,372,1,1590936524
1180,291,1,1612062969
1181,6,1,1606636036
1181,288,1,1595656295
1181,1123,1,1593107197
1181,289,1,1614481775
1181,981,1,1635990513
1182,6,1,1606632183
1182,287,1,1612784318
1182,466,1,1613906210
1182,288,1,1595825661
1182,527,1,1638080144
1182,5,1,1642208227
1182,291,1,1612068468
1183,6,1,1606626402
1183,287,1,1612705754
1183,288,1,1595666480
1183,1123,1,1593073263
1183,291,1,1612080188
1184,6,1,1606640078
1184,287,1,1612748352
1184,567,1,1583733389
1184,1123,1,1593619261
1184,289,1,1614482539
1184,291,1,1612065397
1185,6,1,1606636596
1185,287,1,1612707108
1185,466,1,1613308672
1185,527,1,1638008136
1185,291,1,1612621908
1186,6,1,1606627292
1186,120,1,1606038786
1186,701,1,1602497105
1186,1033,1,1608456007
1186,688,1,1628938182
1186,111,1,1605881426
1186,552,1,1613061441
1186,1161,1,1625930614
1187,6,1,1606626579
1187,466,1,1613293997
1187,567,1,1585588275
1187,288,1,1595651113
1187,289,1,1614481731
1187,291,1,1612062350
1188,6,1,1606664055
1188,287,1,1612788509
1188,466,1,1613528994
1188,288,1,1595647186
1188,1123,1,1593078007
1188,289,1,1614598327
1188,291,1,1612100021
1189,6,1,1606629838
1189,466,1,1613296193
1189,22,1,1634291721
1189,289,1,1614488178
1189,291,1,1612062347
1190,6,1,1606629034
1190,287,1,1612709337
1190,466,1,1613309550
1190,567,1,1583646675
1190,527,1,1638057210
1190,289,1,1614483414
1190,5,1,1641648020
1190,290,1,1585400958
1190,291,1,1612108560
1191,1162,1,1629802191
1191,1158,1,1642679393
1191,1159,1,1641814938
1191,403,1,1627046756
1191,654,1,1639362047
1192,1162,1,1615734800
1192,293,1,1625064216
1192,967,1,1638964574
1192,930,1,1649158372
1192,1146,1,1581252003
1192,1163,1,1626508667
1193,650,1,1563463864
1193,364,1,1567531723
1193,381,1,1597416473
1193,356,1,1565882110
1193,214,1,1633971062
1193,1164,1,1608230826
1193,291,1,1612925214
1194,650,1,1624099562
1194,120,1,1627734036
1194,219,1,1624109272
1194,839,1,1624109025
1194,396,1,1623072066
1194,640,1,1623592225
1194,593,1,1625322086
1194,818,1,1623591678
1194,643,1,1625482752
1194,275,1,1623038649
1195,650,1,1551884261
1195,103,1,1563291655
1195,957,1,1569337500
1195,657,1,1559054463
1195,628,1,1611674179
1195,363,1,1562337695
1195,638,1,1567609011
1196,650,1,1553335392
1196,411,1,1623928869
1196,707,1,1552064632
1196,338,1,1552239281
1196,732,1,1552067186
1197,411,1,1623946275
1197,298,1,1610120666
1197,147,1,1628179010
1197,484,1,1644153157
1197,775,1,1616943027
1197,115,1,1613317815
1198,411,1,1623932707
1198,911,1,1621180716
1198,551,1,1587275324
1198,1165,1,1632041994
1198,1166,1,1636898608
1199,411,1,1623935284
1199,590,1,1586600143
1199,663,1,1621063428
1199,531,1,1588779583
1199,140,1,1589642618
1199,1003,1,1590195403
1200,411,1,1624064823
1200,851,1,1619354014
1200,147,1,1628178809
1200,137,1,1600580648
1200,285,1,1589627397
1201,411,1,1623991468
1201,268,1,1631076673
1201,33,1,1635913498
1201,37,1,1635135832
1201,38,1,1638677971
1202,411,1,1626267234
1202,958,1,1590837376
1202,851,1,1621682338
1202,911,1,1622286641
1202,1112,1,1588329564
1202,678,1,1589625899
1202,457,1,1622978741
1203,411,1,1625409108
1203,887,1,1615355681
1203,146,1,1630071671
1203,818,1,1640579085
1203,665,1,1639722866
1203,896,1,1615635900
1204,411,1,1624718457
1204,1113,1,1619352377
1204,1167,1,1614088519
1204,15,1,1630947998
1204,1168,1,1625303143
1204,1063,1,1630859722
1205,411,1,1624298704
1205,68,1,1635862670
1205,987,1,1642093117
1205,1169,1,1638892196
1205,896,1,1628142188
1206,411,1,1624203915
1206,814,1,1610810062
1206,65,1,1600256729
1206,381,1,1597325112
1206,166,1,1598794086
1206,204,1,1604854251
1206,310,1,1599888097
1206,137,1,1600509334
1206,629,1,1595600288
1206,39,1,1599975458
1207,411,1,1624078721
1207,691,1,1594373840
1207,44,1,1568645183
1207,663,1,1621057733
1207,184,1,1601122748
1208,411,1,1624011610
1208,623,1,1584836741
1208,639,1,1570243421
1208,640,1,1570281798
1208,263,1,1580567468
1208,286,1,1575009848
1209,411,1,1624008109
1209,1170,1,1628851267
1209,546,1,1638958448
1209,551,1,1618222942
1209,401,1,1635834980
1209,457,1,1623056230
1209,1171,1,1623905505
1209,163,1,1621406346
1209,137,1,1618931756
1209,335,1,1631456116
1209,775,1,1618222126
1210,411,1,1623995727
1210,560,1,1617785942
1210,71,1,1631866705
1210,1128,1,1631094814
1210,296,1,1633768680
1211,411,1,1623983629
1211,66,1,1650208439
1211,975,1,1631194157
1211,1172,1,1640873959
1211,873,1,1641384273
1212,411,1,1623924431
1212,643,1,1618825900
1212,335,1,1631179258
1212,109,1,1636451073
1212,775,1,1616840131
1213,411,1,1623943976
1213,500,1,1635067900
1213,116,1,1631097645
1213,14,1,1635159617
1213,542,1,1632912526
1214,411,1,1623924059
1214,173,1,1620643865
1214,835,1,1575604646
1214,988,1,1627466782
1214,845,1,1626017720
1214,15,1,1629626873
1214,775,1,1616839426
1215,47,1,1588087298
1215,230,1,1595001117
1215,1149,1,1593281206
1215,89,1,1614770005
1215,989,1,1623952394
1216,47,1,1626248869
1216,568,1,1626856444
1216,664,1,1626248817
1216,253,1,1626248831
1216,306,1,1626249666
1217,47,1,1588310101
1217,500,1,1635221990
1217,177,1,1627102611
1217,364,1,1549636774
1217,782,1,1647762034
1218,47,1,1588150682
1218,625,1,1597221382
1218,180,1,1623114124
1218,42,1,1615197193
1218,989,1,1625392116
1219,47,1,1588088643
1219,958,1,1575394467
1219,116,1,1631101985
1219,558,1,1587727384
1219,127,1,1573312985
1219,155,1,1563884833
1220,47,1,1588080543
1220,814,1,1610782624
1220,717,1,1591526236
1220,1173,1,1613379104
1220,664,1,1594205968
1221,47,1,1588075826
1221,105,1,1604590480
1221,689,1,1596694321
1221,938,1,1615267171
1221,664,1,1594200312
1222,47,1,1588074017
1222,32,1,1595066419
1222,351,1,1596282188
1222,472,1,1625305890
1222,150,1,1615024683
1223,47,1,1588064160
1223,624,1,1564630311
1223,683,1,1644508084
1223,363,1,1562339990
1223,339,1,1569944432
1224,47,1,1588063691
1224,942,1,1584077936
1224,537,1,1592554925
1224,46,1,1609482102
1224,643,1,1618834710
1224,306,1,1612867926
1225,47,1,1588062732
1225,1174,1,1526255693
1225,1175,1,1552536768
1225,125,1,1561043415
1225,126,1,1572346087
1225,233,1,1600701917
1225,585,1,1585821482
1226,1176,1,1636914974
1226,338,1,1636902202
1226,427,1,1643471584
1226,980,1,1627241162
1226,660,1,1638240536
1227,1176,1,1596677832
1227,553,1,1597389844
1227,1070,1,1595504045
1227,744,1,1599663036
1227,207,1,1605711207
1228,1176,1,1582078977
1228,914,1,1579959989
1228,112,1,1613827896
1228,1033,1,1607918332
1228,739,1,1622550784
1229,1176,1,1581828603
1229,1177,1,1582454674
1229,592,1,1583729595
1229,888,1,1588996304
1229,282,1,1562488515
1230,737,1,1616090638
1230,712,1,1618856476
1230,168,1,1642025688
1230,766,1,1601909870
1230,428,1,1562289810
1231,737,1,1616560856
1231,352,1,1635934182
1231,1178,1,1644154638
1231,101,1,1630340591
1231,373,1,1609822835
1231,246,1,1608177789
1232,737,1,1616060359
1232,909,1,1630312415
1232,109,1,1636450248
1232,111,1,1605779738
1232,283,1,1619176947
1233,737,1,1616095350
1233,19,1,1621666280
1233,63,1,1642982856
1233,298,1,1619627233
1233,190,1,1615711533
1234,737,1,1616062749
1234,204,1,1604841616
1234,12,1,1582300330
1234,38,1,1638664573
1234,30,1,1626489435
1234,13,1,1607008116
1235,576,1,1553520493
1235,846,1,1633695363
1235,1179,1,1635246278
1235,404,1,1572184791
1235,1180,1,1526897088
1236,358,1,1612887546
1236,640,1,1599242096
1236,220,1,1600973262
1236,889,1,1600684295
1236,339,1,1612889207
1237,358,1,1598205160
1237,259,1,1612280552
1237,1181,1,1636608786
1237,397,1,1629393265
1237,972,1,1569946053
1238,358,1,1594039709
1238,1048,1,1606251125
1238,198,1,1633549675
1238,402,1,1606176584
1238,233,1,1629378329
1239,514,1,1624787817
1239,881,1,1625419936
1239,476,1,1630176037
1239,807,1,1608754415
1239,482,1,1597262109
1240,514,1,1605456199
1240,1182,1,1598262943
1240,4,1,1608123557
1240,508,1,1622345377
1240,267,1,1623150591
1240,78,1,1646630709
1241,514,1,1605677754
1241,541,1,1644901661
1241,146,1,1630042176
1241,882,1,1615130180
1241,190,1,1643566916
1241,306,1,1635651976
1242,514,1,1605709822
1242,259,1,1611331388
1242,1047,1,1603291043
1242,1183,1,1616812353
1242,1003,1,1590208693
1242,731,1,1603513142
1243,32,1,1635338875
1243,327,1,1636897078
1243,352,1,1635338593
1243,774,1,1643890609
1243,72,1,1635162504
1244,32,1,1629896503
1244,903,1,1629259947
1244,1184,1,1629260050
1244,594,1,1626493953
1244,1019,1,1614078071
1245,32,1,1629520419
1245,1185,1,1635303470
1245,238,1,1631873838
1245,134,1,1633960217
1245,373,1,1629029706
1246,32,1,1618155043
1246,398,1,1621685613
1246,823,1,1625759162
1246,1186,1,1643849692
1246,1187,1,1616998633
1247,32,1,1649481085
1247,997,1,1635511162
1247,1055,1,1647083538
1247,460,1,1625656429
1247,818,1,1626175407
1248,32,1,1637546388
1248,316,1,1629267692
1248,720,1,1629878087
1248,751,1,1629602036
1248,26,1,1629182520
1249,32,1,1595066800
1249,259,1,1611306527
1249,437,1,1620903539
1249,433,1,1607418854
1249,101,1,1629427959
1249,180,1,1616759779
1249,42,1,1615109820
1250,32,1,1595239911
1250,914,1,1580926393
1250,1188,1,1592700081
1250,136,1,1570019804
1250,890,1,1553857666
1250,312,1,1591269849
1251,32,1,1630752468
1251,1046,1,1616154278
1251,438,1,1616324656
1251,268,1,1630835536
1251,98,1,1635917248
1251,353,1,1632654983
1252,32,1,1625956019
1252,82,1,1635581433
1252,790,1,1635039056
1252,528,1,1640423740
1252,74,1,1635042605
1252,339,1,1625956532
1253,32,1,1620922653
1253,882,1,1596875293
1253,305,1,1589557085
1253,599,1,1642517691
1253,382,1,1640188576
1254,32,1,1596804658
1254,764,1,1596807724
1254,351,1,1596805111
1254,1189,1,1596807753
1254,979,1,1596807634
1254,693,1,1602329898
1254,415,1,1599212460
1255,32,1,1595175264
1255,112,1,1613814012
1255,351,1,1596279746
1255,353,1,1632652006
1255,30,1,1626504445
1256,32,1,1595165577
1256,135,1,1639564532
1256,620,1,1595758072
1256,345,1,1615014107
1256,1037,1,1619949078
1257,32,1,1595066063
1257,258,1,1599900967
1257,259,1,1611310147
1257,260,1,1621173672
1257,159,1,1594897996
1257,625,1,1594615248
1258,32,1,1595065839
1258,112,1,1613814116
1258,351,1,1596272698
1258,304,1,1623488824
1258,150,1,1615023887
1259,32,1,1595062938
1259,472,1,1625302889
1259,275,1,1581329756
1259,150,1,1615033798
1259,528,1,1640429145
1260,32,1,1595062432
1260,495,1,1618049330
1260,320,1,1586338343
1260,797,1,1635343588
1260,90,1,1626442448
1260,306,1,1612868457
1261,773,1,1645356440
1261,1190,1,1631417566
1261,1140,1,1647781985
1261,969,1,1607780681
1261,521,1,1639543763
1262,773,1,1645350350
1262,1191,1,1646445150
1262,33,1,1645193876
1262,774,1,1643968976
1262,254,1,1642576849
1263,773,1,1647441124
1263,769,1,1648045557
1263,169,1,1643782000
1263,3,1,1644069300
1263,589,1,1642084132
1264,773,1,1646563752
1264,780,1,1642858340
1264,23,1,1642858584
1264,528,1,1642827545
1264,696,1,1642909893
1265,773,1,1645351937
1265,62,1,1642436320
1265,391,1,1636622261
1265,246,1,1633787126
1265,840,1,1643452616
1266,941,1,1593527748
1266,112,1,1613819120
1266,316,1,1628903177
1266,351,1,1597833639
1266,472,1,1625477938
1266,430,1,1597276610
1267,941,1,1566560624
1267,44,1,1568736322
1267,281,1,1566489904
1267,637,1,1568737023
1267,638,1,1567607397
1268,914,1,1605779473
1268,118,1,1634443481
1268,604,1,1624964899
1268,392,1,1612354815
1268,386,1,1629969866
1269,914,1,1579839767
1269,103,1,1563271849
1269,480,1,1569817328
1269,233,1,1600701547
1269,363,1,1562323379
1270,914,1,1600838810
1270,718,1,1606452896
1270,632,1,1595829017
1270,703,1,1599713191
1270,285,1,1589629586
1271,914,1,1580911171
1271,712,1,1618658542
1271,1174,1,1526131324
1271,1047,1,1603283734
1271,342,1,1530709699
1271,482,1,1597242700
1272,914,1,1579836609
1272,518,1,1562944892
1272,309,1,1562945968
1272,1192,1,1635695783
1272,363,1,1562944826
1273,914,1,1579782663
1273,414,1,1583327832
1273,404,1,1566604779
1273,149,1,1596757079
1273,233,1,1600748628
1273,415,1,1599136670
1274,914,1,1579781508
1274,1175,1,1552552598
1274,147,1,1628067197
1274,71,1,1631271852
1274,324,1,1613383048
1275,914,1,1579777896
1275,112,1,1613813132
1275,472,1,1625302825
1275,339,1,1570187816
1275,134,1,1621618387
1276,112,1,1638549933
1276,33,1,1635931805
1276,158,1,1637588967
1276,37,1,1635675896
1276,628,1,1638891616
1276,604,1,1638103810
1277,112,1,1615025736
1277,65,1,1601373982
1277,67,1,1604309414
1277,1005,1,1616825203
1277,150,1,1615025285
1278,112,1,1614427709
1278,655,1,1630640174
1278,236,1,1606576784
1278,1108,1,1609403318
1278,77,1,1607681065
1278,916,1,1616224017
1279,112,1,1629539481
1279,1001,1,1614838567
1279,196,1,1625812969
1279,4,1,1645847250
1279,453,1,1634624585
1279,283,1,1637141373
1280,112,1,1614422483
1280,622,1,1611371617
1280,769,1,1649504900
1280,113,1,1651986684
1280,151,1,1613900721
1281,112,1,1613821120
1281,230,1,1594978996
1281,639,1,1570185213
1281,28,1,1634993523
1281,324,1,1613381789
1281,234,1,1598766862
1281,552,1,1612605024
1282,112,1,1613814136
1282,316,1,1627391478
1282,630,1,1611053216
1282,1170,1,1628860960
1282,743,1,1608798366
1283,112,1,1613812394
1283,352,1,1634465637
1283,236,1,1606560009
1283,150,1,1615024456
1283,528,1,1640423194
1284,112,1,1615090739
1284,623,1,1584787618
1284,351,1,1596623642
1284,236,1,1606569170
1284,979,1,1581733562
1285,112,1,1614000903
1285,1193,1,1624967037
1285,1061,1,1613307234
1285,1194,1,1620134251
1285,1173,1,1613479839
1285,233,1,1610173563
1285,155,1,1609420974
1285,151,1,1609831850
1286,112,1,1613824885
1286,472,1,1625329451
1286,268,1,1630832512
1286,150,1,1615027539
1286,87,1,1614161286
1286,683,1,1644484811
1286,528,1,1640423035
1287,112,1,1613823511
1287,701,1,1602505810
1287,584,1,1581596330
1287,45,1,1578996379
1287,573,1,1634976720
1288,112,1,1613814242
1288,352,1,1634988278
1288,304,1,1623500974
1288,150,1,1615023655
1288,110,1,1627643931
1289,112,1,1613813840
1289,472,1,1625367509
1289,304,1,1623489943
1289,236,1,1606556499
1289,275,1,1581426196
1289,150,1,1615027141
1289,110,1,1627430248
1289,433,1,1607425755
1289,101,1,1629368146
1290,112,1,1613813051
1290,736,1,1642338807
1290,68,1,1635834238
1290,150,1,1615039647
1290,683,1,1644491327
1291,112,1,1613812463
1291,121,1,1595931144
1291,472,1,1625303250
1291,352,1,1634463383
1291,705,1,1651052158
1291,90,1,1626686106
1292,293,1,1625049891
1292,551,1,1616918965
1292,64,1,1642584878
1292,1195,1,1642308467
1292,775,1,1616918426
1293,900,1,1630227201
1293,722,1,1618916034
1293,805,1,1615462627
1293,898,1,1627121814
1293,1152,1,1616930804
1293,896,1,1615626014
1293,897,1,1627990889
1294,900,1,1630227541
1294,895,1,1623493837
1294,887,1,1623492900
1294,898,1,1627121588
1294,646,1,1623229602
1295,900,1,1630228775
1295,1089,1,1645439814
1295,1170,1,1628843531
1295,899,1,1619430174
1295,897,1,1627989705
1296,900,1,1630250845
1296,722,1,1618931785
1296,957,1,1569333724
1296,1196,1,1643994965
1296,484,1,1644162999
1296,573,1,1634748025
1297,895,1,1642753694
1297,722,1,1637584417
1297,805,1,1637584206
1297,730,1,1638593649
1297,719,1,1638593815
1297,766,1,1638597843
1297,896,1,1638610702
1298,895,1,1613188224
1298,784,1,1623130004
1298,805,1,1615545181
1298,898,1,1627786304
1298,896,1,1615710216
1299,895,1,1613194256
1299,828,1,1620074236
1299,307,1,1572356722
1299,971,1,1587645364
1299,312,1,1589968986
1300,895,1,1624032675
1300,899,1,1623977560
1300,719,1,1624701565
1300,473,1,1633262759
1300,704,1,1623936320
1300,897,1,1628138142
1301,258,1,1600002922
1301,260,1,1620995187
1301,117,1,1583638024
1301,385,1,1631197949
1301,274,1,1626280250
1302,258,1,1617241398
1302,1197,1,1635829932
1302,62,1,1642085441
1302,1198,1,1618838129
1302,456,1,1641792690
1302,1199,1,1644469967
1303,258,1,1629453266
1303,259,1,1629452592
1303,1177,1,1629695920
1303,627,1,1629695474
1303,731,1,1629454338
1304,258,1,1602510379
1304,370,1,1580999328
1304,742,1,1619189296
1304,609,1,1636122707
1304,884,1,1591532796
1305,258,1,1599923557
1305,851,1,1619271990
1305,474,1,1628692108
1305,146,1,1629556779
1305,932,1,1628868445
1306,258,1,1599899313
1306,728,1,1600511928
1306,46,1,1624268406
1306,665,1,1629092312
1306,902,1,1598877331
1306,731,1,1603603915
1307,259,1,1611315291
1307,728,1,1601799994
1307,454,1,1609040143
1307,729,1,1603975286
1307,250,1,1601910249
1308,259,1,1611505195
1308,537,1,1592659396
1308,1149,1,1595171447
1308,831,1,1623581644
1308,67,1,1604212657
1308,298,1,1610034323
1308,4,1,1608251447
1308,559,1,1644669510
1309,259,1,1611427731
1309,366,1,1599343245
1309,45,1,1579010551
1309,1200,1,1577295188
1309,349,1,1633198783
1310,259,1,1611366835
1310,728,1,1600646743
1310,1201,1,1505905476
1310,46,1,1609473182
1310,238,1,1601629920
1310,731,1,1603551239
1311,259,1,1612038318
1311,389,1,1619887781
1311,610,1,1637409234
1311,728,1,1602063835
1311,611,1,1620112280
1312,259,1,1611566865
1312,729,1,1598670279
1312,113,1,1625026102
1312,1025,1,1643725381
1312,48,1,1643637339
1312,889,1,1629107243
1313,942,1,1584098709
1313,486,1,1636621432
1313,193,1,1624967916
1313,236,1,1606554175
1313,664,1,1594212296
1313,127,1,1573442472
1314,942,1,1628360360
1314,208,1,1638186753
1314,213,1,1627671890
1314,262,1,1638771453
1314,119,1,1644325227
1315,389,1,1643450949
1315,1202,1,1638262758
1315,1026,1,1638070719
1315,615,1,1636801803
1315,919,1,1639227089
1316,389,1,1647168929
1316,611,1,1635776594
1316,619,1,1637901482
1316,385,1,1635775041
1316,391,1,1637902089
1317,389,1,1619964011
1317,412,1,1609688210
1317,1203,1,1609211650
1317,565,1,1621326735
1317,1204,1,1642870142
1317,60,1,1621327719
1318,1205,1,1533993962
1318,1143,1,1564154856
1318,336,1,1564481612
1318,97,1,1576998339
1318,1180,1,1533993340
1319,1206,1,1641213718
1319,933,1,1618915526
1319,341,1,1623728657
1319,989,1,1623953800
1319,151,1,1611741649
1320,762,1,1644728438
1320,466,1,1644321119
1320,318,1,1644657387
1320,751,1,1644673996
1320,26,1,1644671127
1320,763,1,1644670930
1320,74,1,1644708220
1320,761,1,1644649307
1321,762,1,1638874389
1321,65,1,1648131974
1321,67,1,1648133007
1321,3,1,1643884034
1321,720,1,1629213961
1321,22,1,1643884680
1322,762,1,1638696776
1322,36,1,1638608684
1322,26,1,1638697480
1322,505,1,1638713589
1322,761,1,1638618441
1323,762,1,1643082479
1323,749,1,1643083982
1323,769,1,1648705793
1323,790,1,1643084929
1323,212,1,1643029929
1323,763,1,1628592630
1323,74,1,1643546670
1324,762,1,1637488384
1324,749,1,1637926154
1324,83,1,1638710486
1324,430,1,1638692975
1324,74,1,1647756436
1324,645,1,1645518144
1325,762,1,1637723198
1325,25,1,1604122337
1325,465,1,1625656369
1325,657,1,1597589178
1325,1207,1,1625562828
1326,762,1,1639835754
1326,749,1,1639833514
1326,751,1,1639826495
1326,36,1,1639830382
1326,790,1,1639832160
1326,74,1,1639828773
1326,761,1,1639827481
1326,510,1,1639827783
1327,762,1,1639112869
1327,678,1,1565954461
1327,885,1,1600597487
1327,127,1,1573318303
1327,559,1,1644681020
1328,762,1,1637608096
1328,57,1,1628440755
1328,362,1,1610722856
1328,692,1,1609601366
1328,296,1,1627842251
1329,57,1,1643592519
1329,52,1,1642655151
1329,23,1,1642325970
1329,289,1,1644830324
1329,761,1,1645014573
1329,589,1,1644974402
1330,57,1,1629890040
1330,1208,1,1482502202
1330,145,1,1645533886
1330,810,1,1623721252
1330,363,1,1562382090
1331,57,1,1634396983
1331,490,1,1637630838
1331,484,1,1644201574
1331,649,1,1630052475
1331,143,1,1634272432
1332,57,1,1629777627
1332,784,1,1620127794
1332,904,1,1633447048
1332,1042,1,1620654994
1332,267,1,1629206735
1332,143,1,1635664282
1333,57,1,1639421680
1333,52,1,1639424060
1333,462,1,1639680280
1333,190,1,1640792824
1333,747,1,1639154180
1333,22,1,1639071656
1333,827,1,1639152959
1333,589,1,1643603382
1334,57,1,1628405866
1334,793,1,1640591817
1334,501,1,1644225636
1334,913,1,1624005812
1334,254,1,1641800595
1335,57,1,1628263738
1335,1209,1,1643731707
1335,186,1,1642083505
1335,78,1,1612798494
1335,207,1,1605880800
1336,57,1,1628262993
1336,856,1,1640976281
1336,712,1,1618763716
1336,490,1,1637403403
1336,540,1,1632594119
1336,256,1,1644249437
1336,502,1,1642348258
1337,57,1,1628242145
1337,120,1,1606056856
1337,630,1,1611061117
1337,77,1,1607510008
1337,692,1,1609641026
1338,57,1,1628242051
1338,691,1,1533312546
1338,347,1,1576411026
1338,593,1,1562667092
1338,321,1,1560433011
1338,338,1,1552222508
1339,856,1,1640949714
1339,94,1,1595049135
1339,446,1,1619315845
1339,191,1,1637313353
1339,607,1,1630681111
1339,484,1,1644154898
1339,64,1,1642583933
1340,856,1,1640938068
1340,924,1,1640477539
1340,458,1,1653443533
1340,188,1,1642912191
1340,189,1,1629955418
1340,1210,1,1643205448
1340,1211,1,1642225211
1341,856,1,1640931374
1341,930,1,1648882304
1341,189,1,1629876394
1341,484,1,1644150363
1341,1199,1,1644460198
1342,856,1,1640923306
1342,148,1,1641527466
1342,1158,1,1642674810
1342,186,1,1641269374
1342,439,1,1638680260
1342,31,1,1642995803
1343,856,1,1640924166
1343,643,1,1618838611
1343,467,1,1638506462
1343,439,1,1643241766
1343,1071,1,1641726302
1343,17,1,1640081889
1344,856,1,1640923428
1344,924,1,1640406815
1344,191,1,1624860774
1344,911,1,1621165637
1344,62,1,1642065182
1344,189,1,1629866370
1344,418,1,1629095625
1344,186,1,1641267117
1345,120,1,1633268518
1345,326,1,1635085815
1345,915,1,1630852966
1345,198,1,1633520253
1345,1212,1,1643535828
1345,672,1,1633268293
1346,120,1,1610708478
1346,631,1,1609464728
1346,692,1,1609638068
1346,552,1,1612654352
1346,286,1,1604231256
1347,120,1,1613556684
1347,647,1,1589796359
1347,108,1,1589812481
1347,370,1,1587513776
1347,672,1,1612251547
1348,120,1,1610538747
1348,630,1,1614163007
1348,702,1,1629039037
1348,594,1,1628677460
1348,109,1,1637322812
1349,120,1,1622475661
1349,121,1,1616494419
1349,1069,1,1620474961
1349,44,1,1618467947
1349,324,1,1624598609
1349,1117,1,1616408643
1349,990,1,1616389322
1349,594,1,1616563329
1349,249,1,1618469188
1349,278,1,1616391539
1349,455,1,1620524237
1349,286,1,1620300788
1350,120,1,1639366088
1350,425,1,1639892833
1350,328,1,1533709240
1350,122,1,1638359321
1350,990,1,1635574710
1350,659,1,1634474140
1351,120,1,1606125525
1351,591,1,1583624886
1351,630,1,1611048701
1351,863,1,1589249986
1351,111,1,1605778976
1352,120,1,1606051865
1352,631,1,1603624452
1352,672,1,1606563953
1352,111,1,1605782078
1352,552,1,1612630335
1353,120,1,1606334924
1353,107,1,1603727602
1353,90,1,1626450587
1353,643,1,1618844127
1353,123,1,1599851232
1353,234,1,1598971535
1353,659,1,1601309805
1353,111,1,1606334910
1354,120,1,1606332241
1354,61,1,1644952538
1354,689,1,1595698020
1354,527,1,1638072261
1354,672,1,1607973578
1354,291,1,1612089050
1355,120,1,1606131385
1355,701,1,1602506026
1355,639,1,1588127966
1355,659,1,1601376209
1355,111,1,1606015435
1356,120,1,1606044788
1356,399,1,1612375021
1356,997,1,1624160339
1356,960,1,1605261447
1356,275,1,1581400965
1357,120,1,1606054127
1357,736,1,1642337104
1357,440,1,1628778700
1357,171,1,1631339588
1357,932,1,1628852749
1358,120,1,1606051235
1358,237,1,1608794249
1358,743,1,1608793403
1358,1070,1,1595244917
1358,672,1,1606629855
1358,111,1,1606045236
1358,207,1,1605703712
1359,120,1,1606043037
1359,248,1,1582693749
1359,122,1,1584426379
1359,594,1,1615023684
1359,916,1,1616239951
1359,711,1,1611228984
1360,120,1,1606041650
1360,1129,1,1560337565
1360,688,1,1628682765
1360,233,1,1600688617
1360,143,1,1635096069
1360,653,1,1638342479
1361,120,1,1606040555
1361,500,1,1635069502
1361,28,1,1634994168
1361,14,1,1635155532
1361,109,1,1636450672
1362,120,1,1606040103
1362,643,1,1618832448
1362,281,1,1595409009
1362,672,1,1606554560
1362,111,1,1606014425
1363,120,1,1606039219
1363,701,1,1602504483
1363,631,1,1603651537
1363,324,1,1613386392
1363,692,1,1609585991
1364,120,1,1606038339
1364,851,1,1619262920
1364,140,1,1589254359
1364,644,1,1611137612
1364,672,1,1606563739
1365,500,1,1636168145
1365,279,1,1588901560
1365,108,1,1580862296
1365,321,1,1578185059
1365,109,1,1636452657
1365,285,1,1589605556
1365,372,1,1591055864
1366,500,1,1635783150
1366,857,1,1644939782
1366,630,1,1611805486
1366,145,1,1644940651
1366,439,1,1638978618
1367,500,1,1650359631
1367,787,1,1641377685
1367,58,1,1642472211
1367,455,1,1629933150
1367,644,1,1641218435
1368,500,1,1635066597
1368,262,1,1616918844
1368,28,1,1634993721
1368,14,1,1635162541
1368,109,1,1636452016
1368,833,1,1619943166
1369,500,1,1635341719
1369,634,1,1637338795
1369,28,1,1635281020
1369,198,1,1634145626
1369,660,1,1638056986
1370,500,1,1635084536
1370,797,1,1635356483
1370,28,1,1635009121
1370,14,1,1635168172
1370,573,1,1634667977
1371,500,1,1635067557
1371,619,1,1638007007
1371,14,1,1635249579
1371,386,1,1636772415
1371,683,1,1644485529
1372,500,1,1635066837
1372,55,1,1637039015
1372,797,1,1635330787
1372,14,1,1635156405
1372,109,1,1636456334
1372,254,1,1640170500
1373,500,1,1635066272
1373,591,1,1583578595
1373,396,1,1570364982
1373,248,1,1582542104
1373,852,1,1570017192
1374,500,1,1635076658
1374,438,1,1616333659
1374,45,1,1579043687
1374,710,1,1633089542
1374,528,1,1640706200
1375,500,1,1635076159
1375,90,1,1626441939
1375,28,1,1634992806
1375,963,1,1638690287
1375,109,1,1636457408
1376,500,1,1635070053
1376,61,1,1644656000
1376,710,1,1633078675
1376,335,1,1631177980
1376,416,1,1633766045
1377,500,1,1635066288
1377,1213,1,1614818631
1377,709,1,1644849006
1377,145,1,1643519403
1377,1214,1,1643554526
1377,621,1,1615809697
1378,623,1,1588123139
1378,697,1,1585882993
1378,703,1,1574768533
1378,1215,1,1642091492
1378,975,1,1629819487
1379,623,1,1613552408
1379,1173,1,1613560225
1379,1216,1,1613519054
1379,275,1,1613559380
1379,249,1,1613625012
1380,623,1,1586520166
1380,230,1,1594991300
1380,234,1,1598698027
1380,285,1,1591430997
1380,672,1,1606646691
1381,623,1,1585991529
1381,399,1,1613306851
1381,669,1,1589073636
1381,1100,1,1614430917
1381,818,1,1585991394
1381,862,1,1613571251
1382,623,1,1584787472
1382,1217,1,1627718536
1382,1047,1,1603598934
1382,117,1,1583589380
1382,296,1,1627286579
1383,623,1,1584783639
1383,366,1,1599304205
1383,122,1,1584701765
1383,1032,1,1611660790
1383,285,1,1589446080
1383,659,1,1601119177
1384,623,1,1584773564
1384,518,1,1561457322
1384,1218,1,1563375463
1384,428,1,1562147506
1384,336,1,1564224362
1385,623,1,1585025008
1385,1219,1,1558084552
1385,979,1,1580659233
1385,744,1,1557836546
1385,858,1,1598468831
1386,623,1,1584837363
1386,399,1,1612345168
1386,640,1,1570269006
1386,46,1,1609483634
1386,731,1,1603601802
1387,623,1,1584820918
1387,145,1,1643519493
1387,370,1,1580993544
1387,248,1,1582544807
1387,661,1,1585658871
1387,207,1,1606113331
1388,623,1,1584802499
1388,317,1,1585843269
1388,230,1,1594979146
1388,491,1,1584272848
1388,314,1,1572326290
1388,533,1,1566468583
1389,623,1,1584790484
1389,624,1,1564563500
1389,370,1,1580986003
1389,122,1,1582107585
1389,275,1,1581331994
1390,623,1,1584789934
1390,121,1,1595939270
1390,90,1,1626445573
1390,263,1,1580818369
1390,643,1,1618847340
1391,623,1,1584787500
1391,466,1,1613290494
1391,527,1,1638009350
1391,5,1,1641637508
1391,989,1,1623833245
1392,623,1,1584786417
1392,90,1,1626516850
1392,248,1,1582696593
1392,1079,1,1630144396
1392,989,1,1625445870
1393,623,1,1584778678
1393,440,1,1628780349
1393,55,1,1637066032
1393,90,1,1626441272
1393,221,1,1579662302
1394,933,1,1617586933
1394,260,1,1621039658
1394,710,1,1634361979
1394,1220,1,1644061567
1394,1221,1,1643199320
1394,114,1,1614139983
1394,731,1,1603773490
1394,31,1,1643071630
1395,933,1,1617538172
1395,1165,1,1632028395
1395,1222,1,1638632602
1395,1166,1,1636988767
1395,696,1,1642174137
1396,933,1,1618976329
1396,451,1,1619777315
1396,190,1,1615971868
1396,916,1,1616146771
1396,672,1,1606637619
1397,933,1,1617545635
1397,1223,1,1616882217
1397,168,1,1641987199
1397,1138,1,1644317153
1397,996,1,1590396008
1397,1199,1,1643132729
1398,933,1,1633882420
1398,268,1,1633325656
1398,353,1,1633681364
1398,948,1,1633661690
1398,542,1,1633743289
1399,933,1,1639025746
1399,501,1,1643945706
1399,1204,1,1642851697
1399,1171,1,1623040710
1399,15,1,1631028764
1399,150,1,1615868416
1400,933,1,1617549686
1400,712,1,1618659205
1400,395,1,1581779914
1400,844,1,1614258505
1400,1224,1,1616494474
1400,196,1,1619862098
1400,932,1,1629259185
1400,775,1,1616921297
1401,933,1,1617544956
1401,61,1,1645795832
1401,163,1,1618396445
1401,585,1,1585817780
1401,980,1,1611047432
1402,933,1,1617610881
1402,406,1,1565861643
1402,851,1,1619263076
1402,911,1,1621170039
1402,147,1,1628170163
1403,933,1,1617530718
1403,712,1,1618657893
1403,61,1,1644654483
1403,146,1,1629542426
1403,15,1,1629669915
1403,932,1,1628851427
1404,19,1,1633579979
1404,209,1,1636369327
1404,793,1,1640485393
1404,540,1,1633696192
1404,58,1,1636296387
1405,19,1,1629629296
1405,66,1,1616221919
1405,888,1,1598235650
1405,51,1,1648718633
1405,11,1,1636433151
1405,456,1,1642478434
1406,19,1,1640586896
1406,294,1,1640589620
1406,37,1,1641731468
1406,362,1,1641358726
1406,60,1,1640421012
1406,171,1,1640314035
1406,528,1,1641383310
1406,246,1,1640590129
1407,19,1,1634411433
1407,1225,1,1638531477
1407,66,1,1634374239
1407,465,1,1650454430
1407,473,1,1639075615
1408,19,1,1634364559
1408,904,1,1632583942
1408,665,1,1631718148
1408,171,1,1634366419
1408,143,1,1634128734
1409,19,1,1621658020
1409,316,1,1627401440
1409,828,1,1622303877
1409,213,1,1594808016
1409,636,1,1625995929
1409,693,1,1619870635
1409,289,1,1614506408
1410,19,1,1621656818
1410,323,1,1610039051
1410,1112,1,1563184886
1410,680,1,1562228549
1410,659,1,1601112629
1411,19,1,1622099301
1411,712,1,1618723941
1411,204,1,1604825095
1411,115,1,1613731469
1411,27,1,1618830642
1412,19,1,1621656971
1412,529,1,1607416393
1412,911,1,1621163601
1412,362,1,1610768237
1412,692,1,1609584768
1412,111,1,1605778712
1412,357,1,1564470541
1413,19,1,1621656752
1413,846,1,1633489442
1413,352,1,1634968412
1413,33,1,1635658133
1413,565,1,1576097028
1413,12,1,1582430128
1413,540,1,1632542788
1413,60,1,1620916828
1414,610,1,1636585726
1414,494,1,1636435805
1414,198,1,1633657363
1414,82,1,1633657635
1414,1010,1,1633594060
1415,610,1,1638451760
1415,341,1,1624187274
1415,177,1,1628307757
1415,98,1,1635757478
1415,989,1,1631444902
1416,610,1,1641129701
1416,598,1,1641047947
1416,385,1,1640791124
1416,391,1,1641129817
1416,386,1,1640790977
1417,610,1,1636733641
1417,1004,1,1576034569
1417,209,1,1636453125
1417,890,1,1568190583
1417,463,1,1641785625
1417,362,1,1638442928
1418,610,1,1636546862
1418,1226,1,1640266961
1418,419,1,1645846102
1418,119,1,1643371318
1418,393,1,1636683234
1419,610,1,1640095368
1419,619,1,1639149826
1419,968,1,1611489004
1419,386,1,1630033046
1419,989,1,1630345521
1420,103,1,1638706588
1420,511,1,1630752787
1420,804,1,1626932665
1420,730,1,1626945771
1420,766,1,1628644221
1420,898,1,1627254494
1420,896,1,1627095574
1420,704,1,1627026557
1421,103,1,1572957083
1421,568,1,1601801074
1421,135,1,1639802554
1421,262,1,1617437340
1421,36,1,1633766302
1422,103,1,1578831183
1422,374,1,1569880593
1422,639,1,1617435951
1422,1227,1,1569882010
1422,416,1,1634832159
1423,103,1,1563272312
1423,911,1,1621160337
1423,335,1,1631178133
1423,87,1,1614161501
1423,282,1,1558781372
1424,103,1,1563322765
1424,66,1,1621160882
1424,136,1,1570155582
1424,321,1,1588914353
1424,413,1,1610984485
1425,103,1,1564636717
1425,208,1,1556888969
1425,518,1,1575459972
1425,1064,1,1571315251
1425,972,1,1562114159
1426,103,1,1563874017
1426,208,1,1556941455
1426,518,1,1561519961
1426,309,1,1556072769
1426,220,1,1562842666
1426,533,1,1566574732
1426,363,1,1562332160
1427,103,1,1563292258
1427,323,1,1561201867
1427,640,1,1570269014
1427,533,1,1566473001
1427,363,1,1562324276
1427,357,1,1564398630
1428,103,1,1563273102
1428,518,1,1561468195
1428,533,1,1566474761
1428,307,1,1572353793
1428,150,1,1615673916
1428,363,1,1562325519
1429,103,1,1563272326
1429,309,1,1556023822
1429,262,1,1617028859
1429,281,1,1566486332
1429,336,1,1564229868
1430,103,1,1563271475
1430,518,1,1564034885
1430,593,1,1562675729
1430,275,1,1581340814
1430,363,1,1562339971
1431,103,1,1564753079
1431,369,1,1647837187
1431,751,1,1631809622
1431,527,1,1638020014
1431,291,1,1612066318
1432,103,1,1563381865
1432,208,1,1556977626
1432,647,1,1567269096
1432,321,1,1560435816
1432,637,1,1568736950
1432,278,1,1573387184
1432,502,1,1642304283
1432,282,1,1568736693
1433,103,1,1563321305
1433,208,1,1556894710
1433,518,1,1561471514
1433,309,1,1556026574
1433,707,1,1552197290
1434,103,1,1563288834
1434,828,1,1618242429
1434,327,1,1636821145
1434,117,1,1583580978
1434,236,1,1606577494
1435,103,1,1563287517
1435,304,1,1623488644
1435,249,1,1570114038
1435,644,1,1611125492
1435,775,1,1617100604
1436,103,1,1563284905
1436,208,1,1557120558
1436,309,1,1556129582
1436,533,1,1566531952
1436,508,1,1620986952
1436,363,1,1562418417
1437,103,1,1563284573
1437,518,1,1561472670
1437,321,1,1561007905
1437,363,1,1562335805
1437,675,1,1643958123
1438,103,1,1563284369
1438,647,1,1567262262
1438,814,1,1613227536
1438,62,1,1642342209
1438,636,1,1570936512
1439,103,1,1563274076
1439,208,1,1556884657
1439,518,1,1561459854
1439,309,1,1556073065
1439,533,1,1566469106
1440,103,1,1563273748
1440,208,1,1556878018
1440,518,1,1561514776
1440,533,1,1566491298
1440,363,1,1562375233
1441,208,1,1557941883
1441,204,1,1604884490
1441,882,1,1597543702
1441,356,1,1558787880
1441,296,1,1627286492
1442,208,1,1649395129
1442,707,1,1649340985
1442,1132,1,1650277221
1442,1072,1,1650887192
1442,307,1,1649691026
1443,208,1,1556898801
1443,518,1,1561470041
1443,309,1,1556898921
1443,307,1,1572445740
1443,377,1,1536179185
1444,208,1,1560811081
1444,518,1,1561467962
1444,309,1,1560811127
1444,707,1,1560833505
1444,640,1,1570289636
1444,363,1,1562553233
1445,208,1,1556896362
1445,539,1,1620115708
1445,467,1,1638574367
1445,637,1,1568713946
1445,450,1,1592639701
1445,308,1,1630198317
1446,208,1,1556889334
1446,518,1,1561467453
1446,148,1,1641527362
1446,309,1,1556016151
1446,533,1,1566473630
1447,208,1,1556885152
1447,518,1,1561459622
1447,309,1,1556036827
1447,690,1,1575395308
1447,363,1,1562344779
1448,1145,1,1626083880
1448,788,1,1626519231
1448,35,1,1626787383
1448,1228,1,1629726122
1448,885,1,1626787641
1449,1145,1,1611036973
1449,351,1,1596270654
1449,1147,1,1638846576
1449,437,1,1620905360
1449,433,1,1607421723
1449,101,1,1629363664
1449,42,1,1615119549
1449,739,1,1622470351
1450,1145,1,1611095457
1450,287,1,1612701175
1450,466,1,1613291098
1450,567,1,1583647548
1450,288,1,1595665635
1450,621,1,1615826759
1450,1123,1,1593076011
1450,290,1,1585370832
1450,291,1,1612067021
1451,91,1,1651244437
1451,493,1,1648573191
1451,718,1,1649140634
1451,462,1,1649160408
1451,580,1,1649139933
1452,91,1,1648343129
1452,55,1,1637246498
1452,643,1,1618899010
1452,659,1,1601134247
1452,646,1,1609766347
1453,712,1,1618794967
1453,144,1,1618540519
1453,718,1,1606574891
1453,560,1,1617629183
1453,270,1,1614404602
1453,862,1,1614944116
1453,160,1,1586264126
1454,712,1,1619088501
1454,1229,1,1626608847
1454,418,1,1629530395
1454,971,1,1592397516
1454,932,1,1629717322
1455,712,1,1618766139
1455,857,1,1644644598
1455,977,1,1640754338
1455,528,1,1641272166
1455,638,1,1576491028
1456,712,1,1619940104
1456,793,1,1639843475
1456,137,1,1600498944
1456,488,1,1609254377
1456,775,1,1616934522
1457,712,1,1618667994
1457,1113,1,1619444920
1457,530,1,1619875852
1457,643,1,1618842798
1457,833,1,1622038312
1458,712,1,1618665799
1458,94,1,1595052109
1458,451,1,1619778761
1458,438,1,1616339238
1458,264,1,1617097740
1458,15,1,1629630768
1459,712,1,1618657667
1459,546,1,1638936880
1459,916,1,1616407197
1459,295,1,1632061579
1459,521,1,1639495412
1459,87,1,1644811686
1459,254,1,1640167640
1460,967,1,1639410931
1460,135,1,1641646456
1460,1110,1,1643357291
1460,918,1,1642839341
1460,169,1,1642562442
1460,24,1,1642492726
1460,155,1,1643115818
1460,283,1,1641815214
1461,967,1,1639046850
1461,173,1,1620659075
1461,521,1,1639575790
1461,87,1,1614175669
1461,932,1,1628870243
1462,967,1,1638951723
1462,353,1,1640678713
1462,542,1,1640779516
1462,416,1,1637748136
1462,932,1,1639753213
1463,967,1,1640627223
1463,1213,1,1614883868
1463,452,1,1623196618
1463,1230,1,1652837755
1463,367,1,1591423687
1463,1231,1,1618330862
1463,621,1,1615817038
1463,1232,1,1613724783
1464,967,1,1638982309
1464,1046,1,1610552553
1464,85,1,1613484002
1464,295,1,1631874415
1464,87,1,1614833932
1465,967,1,1638972510
1465,98,1,1636181980
1465,573,1,1635225376
1465,542,1,1633053772
1465,509,1,1637458366
1466,967,1,1638971595
1466,61,1,1644676991
1466,987,1,1642082484
1466,272,1,1643382919
1466,64,1,1642606515
1467,967,1,1638951264
1467,173,1,1620649416
1467,438,1,1616325168
1467,1048,1,1594052910
1467,678,1,1565961149
1468,967,1,1638950931
1468,55,1,1637062107
1468,664,1,1594212092
1468,15,1,1629627328
1468,336,1,1564911450
1469,967,1,1639979423
1469,63,1,1642385009
1469,295,1,1631506109
1469,416,1,1633916186
1469,932,1,1629168768
1470,967,1,1638972134
1470,451,1,1619843656
1470,438,1,1616384450
1470,857,1,1644366102
1470,331,1,1643601724
1471,967,1,1638964855
1471,173,1,1620659561
1471,700,1,1646473862
1471,540,1,1632657185
1471,473,1,1629646258
1471,16,1,1638618093
1472,967,1,1638959228
1472,61,1,1644662977
1472,812,1,1635328388
1472,416,1,1633773593
1472,932,1,1628938672
1473,967,1,1638954949
1473,98,1,1635766706
1473,90,1,1626535970
1473,147,1,1628180463
1473,14,1,1635157238
1473,335,1,1631289036
1473,109,1,1636454588
1474,967,1,1638953290
1474,451,1,1619777714
1474,438,1,1616327169
1474,63,1,1642239168
1474,918,1,1642313009
1474,295,1,1631440590
1474,16,1,1638605589
1475,967,1,1638951465
1475,353,1,1632649247
1475,474,1,1628677714
1475,542,1,1632908267
1475,1233,1,1619449859
1476,316,1,1629428439
1476,474,1,1629534751
1476,912,1,1644114584
1476,252,1,1632104440
1476,110,1,1629599791
1476,368,1,1630381358
1477,316,1,1647661813
1477,25,1,1644448978
1477,918,1,1643969919
1477,384,1,1644719896
1477,24,1,1642076912
1478,316,1,1639701893
1478,410,1,1593082664
1478,191,1,1624954504
1478,565,1,1630833369
1478,502,1,1642308235
1478,1234,1,1645356569
1478,39,1,1600874463
1479,316,1,1627385459
1479,146,1,1629537663
1479,329,1,1629625216
1479,1076,1,1629868779
1479,134,1,1621589606
1480,316,1,1627534062
1480,611,1,1617601666
1480,390,1,1625736990
1480,916,1,1616155327
1480,201,1,1627385361
1481,316,1,1627398388
1481,135,1,1639488910
1481,144,1,1617193702
1481,289,1,1618074148
1481,254,1,1640187494
1482,316,1,1627394394
1482,353,1,1632658525
1482,948,1,1633605310
1482,542,1,1632979698
1482,283,1,1621352220
1483,800,1,1607212619
1483,10,1,1636978574
1483,948,1,1633782713
1483,335,1,1631438824
1483,13,1,1640612059
1484,800,1,1606291404
1484,1001,1,1612771818
1484,568,1,1601715368
1484,537,1,1592559997
1484,381,1,1597219396
1484,441,1,1607069182
1484,166,1,1598777936
1484,298,1,1610008092
1485,800,1,1606312859
1485,314,1,1570876293
1485,67,1,1604219772
1485,90,1,1626441268
1485,298,1,1610022264
1486,800,1,1606291571
1486,76,1,1632998881
1486,111,1,1605778825
1486,134,1,1621651343
1486,646,1,1608628037
1487,800,1,1606648887
1487,116,1,1631389750
1487,888,1,1592815316
1487,67,1,1604396896
1487,948,1,1633726898
1487,542,1,1633048045
1487,171,1,1631358659
1488,800,1,1606411778
1488,399,1,1612456620
1488,684,1,1625573586
1488,298,1,1610015105
1488,989,1,1623908189
1489,800,1,1606292649
1489,541,1,1643274994
1489,166,1,1598780388
1489,626,1,1605700928
1489,474,1,1628676347
1490,1121,1,1607680647
1490,892,1,1607143957
1490,533,1,1607844227
1490,852,1,1607246906
1490,13,1,1607244066
1491,647,1,1627137173
1491,530,1,1625587254
1491,11,1,1627480401
1491,275,1,1610988346
1491,184,1,1603645176
1492,647,1,1582679245
1492,280,1,1582517887
1492,1112,1,1584507433
1492,314,1,1583573857
1492,282,1,1581215278
1493,647,1,1613127373
1493,584,1,1614576569
1493,107,1,1614144465
1493,248,1,1614148796
1493,153,1,1614143654
1493,849,1,1614575916
1494,647,1,1613957054
1494,220,1,1630038968
1494,643,1,1644820498
1494,852,1,1613957341
1494,285,1,1613693472
1494,372,1,1613459771
1495,647,1,1590161002
1495,632,1,1595663580
1495,14,1,1635163740
1495,365,1,1596113256
1495,312,1,1589981459
1496,647,1,1585744153
1496,584,1,1585807405
1496,122,1,1585725133
1496,679,1,1585872092
1496,402,1,1585722544
1496,990,1,1587085950
1496,430,1,1585634218
1497,647,1,1580561126
1497,224,1,1640849898
1497,280,1,1580555031
1497,108,1,1580559899
1497,150,1,1615034311
1498,647,1,1567423739
1498,583,1,1573313394
1498,396,1,1570546718
1498,645,1,1568210862
1498,646,1,1610963690
1499,647,1,1567318110
1499,280,1,1573644190
1499,108,1,1580563168
1499,703,1,1564309457
1499,852,1,1570016713
1499,841,1,1564055041
1499,645,1,1568116201
1500,647,1,1567258852
1500,121,1,1596000083
1500,323,1,1561213068
1500,125,1,1561075474
1500,744,1,1557760821
1500,249,1,1570028104
1500,357,1,1564414373
1501,495,1,1642331610
1501,701,1,1602504279
1501,960,1,1605195888
1501,89,1,1615203021
1501,643,1,1618828923
1502,495,1,1618221383
1502,539,1,1620137121
1502,845,1,1625997356
1502,1235,1,1637261167
1502,488,1,1609165764
1503,369,1,1648956808
1503,1129,1,1559407500
1503,63,1,1642396498
1503,1236,1,1638520312
1503,692,1,1609605668
1504,369,1,1649508673
1504,92,1,1642685249
1504,962,1,1631884831
1504,135,1,1639729653
1504,718,1,1609215238
1504,25,1,1609215367
1504,551,1,1603861740
1505,369,1,1649488923
1505,1237,1,1607272646
1505,95,1,1607225385
1505,475,1,1611748406
1505,680,1,1581102687
1505,155,1,1643776519
1506,369,1,1647512643
1506,558,1,1587721746
1506,632,1,1595668766
1506,109,1,1636538989
1506,134,1,1621608847
1507,369,1,1647513031
1507,591,1,1585114822
1507,89,1,1614787106
1507,122,1,1584001267
1507,1238,1,1585550921
1507,336,1,1585631176
1508,369,1,1647551316
1508,1239,1,1553727319
1508,198,1,1632235763
1508,430,1,1564765722
1508,732,1,1550506390
1509,369,1,1647521945
1509,462,1,1650121352
1509,3,1,1643685751
1509,505,1,1644228764
1509,594,1,1630140764
1509,38,1,1638678019
1509,123,1,1629950150
1509,644,1,1629953781
1509,659,1,1630141180
1509,646,1,1629954079
1509,589,1,1642326651
1510,369,1,1647518989
1510,89,1,1614852789
1510,683,1,1644493780
1510,659,1,1601291414
1510,143,1,1634043433
1511,240,1,1589678618
1511,365,1,1597375586
1511,687,1,1596846460
1511,644,1,1611126042
1511,115,1,1613323342
1512,240,1,1589640845
1512,279,1,1588846959
1512,558,1,1587721766
1512,345,1,1587204645
1512,1070,1,1595164916
1512,285,1,1589445585
1513,240,1,1589680783
1513,1078,1,1590245824
1513,808,1,1586569915
1513,365,1,1596272535
1513,687,1,1596829911
1514,240,1,1622965987
1514,1078,1,1622968148
1514,365,1,1622967671
1514,1018,1,1622130563
1514,687,1,1622965356
1515,240,1,1589636210
1515,1069,1,1589535656
1515,577,1,1597489261
1515,365,1,1596118827
1515,459,1,1632559446
1515,481,1,1634191388
1515,455,1,1592111799
1516,240,1,1589636043
1516,1078,1,1590249512
1516,852,1,1570016321
1516,286,1,1574847235
1516,357,1,1569000119
1517,240,1,1589781323
1517,1078,1,1591709810
1517,365,1,1596812835
1517,1109,1,1594566249
1517,687,1,1596811991
1518,240,1,1590144880
1518,1078,1,1590251418
1518,590,1,1586595451
1518,491,1,1585652016
1518,558,1,1587747682
1519,240,1,1589643324
1519,342,1,1530764983
1519,403,1,1546163242
1519,46,1,1609474135
1519,275,1,1581333993
1520,1046,1,1610454454
1520,176,1,1619709885
1520,178,1,1623579122
1520,431,1,1614767831
1520,368,1,1631424142
1521,1046,1,1618678805
1521,144,1,1617462047
1521,162,1,1634826342
1521,353,1,1632910240
1521,64,1,1642609821
1522,1046,1,1610528450
1522,948,1,1633770545
1522,242,1,1598946690
1522,243,1,1636357716
1522,621,1,1623660486
1522,455,1,1598946234
1522,16,1,1638799976
1523,1046,1,1610512588
1523,264,1,1617097069
1523,335,1,1631182704
1523,134,1,1621602424
1523,775,1,1616840034
1524,1046,1,1610454126
1524,541,1,1643536987
1524,85,1,1613470036
1524,145,1,1643537163
1524,146,1,1629537087
1525,1046,1,1610562415
1525,144,1,1617204442
1525,270,1,1615792755
1525,546,1,1638976593
1525,621,1,1615824592
1525,775,1,1616863103
1526,886,1,1612696746
1526,135,1,1639561085
1526,98,1,1635915227
1526,295,1,1631457061
1526,965,1,1638873358
1527,1135,1,1591180456
1527,999,1,1639811147
1527,168,1,1641985863
1527,1240,1,1643911722
1527,459,1,1632573757
1527,257,1,1636645781
1527,1241,1,1644935731
1528,1135,1,1590141933
1528,446,1,1619279037
1528,130,1,1642693219
1528,132,1,1642771909
1528,528,1,1642341952
1529,1135,1,1590629863
1529,663,1,1621039146
1529,311,1,1618758339
1529,661,1,1585052260
1529,450,1,1587212863
1530,1011,1,1627741879
1530,1008,1,1630761278
1530,1009,1,1628075543
1530,20,1,1630761154
1530,898,1,1628311554
1530,897,1,1628679038
1531,1011,1,1627631200
1531,1100,1,1614492017
1531,632,1,1595663262
1531,28,1,1634993041
1531,1242,1,1644170110
1531,662,1,1586182382
1532,956,1,1638191173
1532,79,1,1627223394
1532,1149,1,1634044789
1532,861,1,1627277336
1532,1009,1,1627266175
1533,956,1,1642313159
1533,1020,1,1644121088
1533,1007,1,1644457358
1533,511,1,1644459451
1533,645,1,1644399545
1534,1243,1,1640885886
1534,946,1,1639537326
1534,621,1,1626237454
1534,711,1,1609674432
1534,254,1,1641176538
1535,1243,1,1571811823
1535,1004,1,1575727949
1535,67,1,1648382791
1535,232,1,1625238104
1535,612,1,1587299993
1535,1244,1,1611062739
1536,701,1,1602602084
1536,107,1,1604073587
1536,630,1,1612193292
1536,558,1,1587845439
1536,324,1,1615712131
1537,701,1,1630665332
1537,219,1,1614502712
1537,839,1,1614502978
1537,785,1,1616328044
1537,593,1,1613449955
1537,649,1,1614510035
1537,286,1,1613493593
1538,701,1,1603525928
1538,347,1,1583552521
1538,657,1,1583226755
1538,724,1,1610784633
1538,897,1,1628042220
1539,701,1,1602598110
1539,107,1,1603793418
1539,718,1,1606385800
1539,181,1,1631335890
1539,783,1,1630002940
1540,701,1,1602495133
1540,284,1,1602063478
1540,535,1,1570456705
1540,508,1,1623236365
1540,644,1,1611125534
1541,701,1,1602527192
1541,530,1,1619859774
1541,14,1,1635155071
1541,699,1,1635844279
1541,629,1,1601881878
1541,646,1,1608667184
1542,701,1,1602522226
1542,230,1,1594979301
1542,448,1,1624393877
1542,632,1,1595671089
1542,659,1,1601143090
1543,701,1,1602521748
1543,121,1,1602346874
1543,630,1,1612878111
1543,692,1,1612878206
1543,552,1,1612877414
1544,701,1,1602508384
1544,399,1,1612362779
1544,347,1,1576407690
1544,655,1,1574416755
1544,225,1,1612621277
1545,701,1,1602506157
1545,630,1,1611051499
1545,1100,1,1614440599
1545,632,1,1595675816
1545,234,1,1598617345
1546,701,1,1602503479
1546,651,1,1561478603
1546,321,1,1560431878
1546,643,1,1618837449
1546,336,1,1564228437
1547,701,1,1602496480
1547,95,1,1605529539
1547,631,1,1603623611
1547,672,1,1606554654
1547,111,1,1605781147
1548,701,1,1602496089
1548,121,1,1595932155
1548,332,1,1602625400
1548,632,1,1595663936
1548,184,1,1601302287
1549,1001,1,1644025826
1549,352,1,1634462601
1549,309,1,1572597079
1549,1134,1,1637743234
1549,60,1,1630530246
1550,1001,1,1622985916
1550,153,1,1631167055
1550,460,1,1623523323
1550,612,1,1624658800
1550,160,1,1621705085
1550,296,1,1627440885
1550,739,1,1624022447
1551,1001,1,1614679916
1551,262,1,1617094459
1551,1018,1,1618313864
1551,559,1,1645101230
1551,296,1,1627470410
1551,115,1,1614146349
1552,1001,1,1625374919
1552,1245,1,1621661665
1552,265,1,1586276111
1552,52,1,1633517550
1552,1246,1,1572094858
1553,1001,1,1621494408
1553,820,1,1627889134
1553,100,1,1634075313
1553,22,1,1636464718
1553,763,1,1634900427
1553,106,1,1627089417
1554,1001,1,1613989170
1554,360,1,1629869252
1554,264,1,1617117137
1554,460,1,1623428130
1554,190,1,1617168726
1555,1001,1,1624774227
1555,264,1,1624977129
1555,471,1,1624456489
1555,638,1,1624369159
1555,282,1,1624368881
1555,115,1,1625067349
1556,1001,1,1613186910
1556,666,1,1614855863
1556,168,1,1642076065
1556,204,1,1604842362
1556,11,1,1626759187
1556,528,1,1641895346
1556,16,1,1639489462
1557,1001,1,1628349558
1557,612,1,1624891418
1557,508,1,1625072622
1557,732,1,1624912308
1557,115,1,1625391426
1558,1001,1,1614260128
1558,1149,1,1593356808
1558,887,1,1615210206
1558,805,1,1615697006
1558,476,1,1627272590
1558,896,1,1615696051
1559,1001,1,1638025510
1559,438,1,1620836838
1559,66,1,1651989138
1559,12,1,1643608317
1559,845,1,1626018080
1559,186,1,1643107709
1559,362,1,1644385283
1560,1001,1,1612772450
1560,1173,1,1613366916
1560,336,1,1565089647
1560,833,1,1619982733
1560,296,1,1627296294
1561,1001,1,1612771849
1561,568,1,1601716025
1561,441,1,1607076906
1561,298,1,1610032855
1561,115,1,1613124303
1562,1001,1,1612771297
1562,622,1,1583171116
1562,66,1,1609152114
1562,831,1,1623522188
1562,1230,1,1653252787
1563,322,1,1600524917
1563,691,1,1601747245
1563,678,1,1601740327
1563,1098,1,1607865444
1563,58,1,1641575078
1564,322,1,1583762740
1564,44,1,1580361046
1564,640,1,1580901890
1564,1064,1,1580361546
1564,221,1,1581511883
1565,322,1,1581228141
1565,492,1,1571033207
1565,287,1,1642936181
1565,370,1,1581000733
1565,5,1,1642936877
1565,660,1,1638006398
1566,395,1,1585476873
1566,314,1,1582384350
1566,640,1,1581746271
1566,593,1,1581712725
1566,221,1,1581526333
1567,490,1,1637564635
1567,71,1,1631807526
1567,209,1,1636229217
1567,225,1,1614010056
1567,3,1,1643560310
1567,27,1,1620974057
1568,490,1,1637490408
1568,364,1,1615333489
1568,53,1,1631545061
1568,969,1,1625563309
1568,1247,1,1631180736
1569,490,1,1637498686
1569,270,1,1630846895
1569,264,1,1617766071
1569,665,1,1630848469
1569,106,1,1643525130
1569,308,1,1630302312
1570,728,1,1600510327
1570,814,1,1610769693
1570,304,1,1623559171
1570,29,1,1630818918
1570,46,1,1609495982
1571,728,1,1608298696
1571,1248,1,1605282331
1571,233,1,1605282918
1571,339,1,1607265080
1571,246,1,1609481065
1572,728,1,1600542856
1572,351,1,1596643210
1572,313,1,1631009282
1572,170,1,1635764793
1572,1073,1,1632749004
1573,622,1,1611147728
1573,51,1,1649330728
1573,49,1,1611058731
1573,1199,1,1643371583
1573,291,1,1613889903
1574,622,1,1608889657
1574,722,1,1618920310
1574,250,1,1608888689
1574,35,1,1613903563
1574,805,1,1615546265
1574,114,1,1614403821
1574,896,1,1615725529
1575,622,1,1598861818
1575,537,1,1592557601
1575,717,1,1591526542
1575,625,1,1592474216
1575,996,1,1591878153
1576,622,1,1583949982
1576,301,1,1577735987
1576,632,1,1595847388
1576,302,1,1584668810
1576,488,1,1609500893
1577,622,1,1583294671
1577,320,1,1586365264
1577,683,1,1644492597
1577,508,1,1621010996
1577,308,1,1630069539
1577,989,1,1623928814
1578,1078,1,1593252546
1578,346,1,1596961584
1578,1249,1,1617205841
1578,1195,1,1642867680
1578,687,1,1596956229
1579,1078,1,1590338239
1579,1250,1,1593855703
1579,1251,1,1612674116
1579,275,1,1593593566
1579,1252,1,1642935663
1580,1020,1,1647646089
1580,1007,1,1636763731
1580,1008,1,1647870357
1580,1009,1,1632035270
1580,503,1,1635422518
1581,1020,1,1635048006
1581,1007,1,1635045383
1581,867,1,1639658370
1581,1008,1,1635045782
1581,511,1,1635046041
1581,785,1,1635046740
1582,1020,1,1632134062
1582,1007,1,1632134674
1582,79,1,1632134882
1582,1008,1,1632134494
1582,20,1,1632134242
1583,1020,1,1637066818
1583,784,1,1637135790
1583,785,1,1637066149
1583,861,1,1637066511
1583,794,1,1636957934
1583,615,1,1636875359
1584,1020,1,1639384357
1584,784,1,1639384019
1584,79,1,1641457019
1584,1008,1,1633991907
1584,1253,1,1633992775
1585,1020,1,1631287359
1585,1115,1,1641034664
1585,1014,1,1633695975
1585,840,1,1643463367
1585,897,1,1629178054
1586,1020,1,1645261076
1586,1007,1,1645855302
1586,1008,1,1652587762
1586,511,1,1652451854
1586,785,1,1651762312
1587,1020,1,1643883405
1587,784,1,1644678302
1587,511,1,1643797172
1587,785,1,1645260426
1587,861,1,1643797540
1588,1020,1,1639915335
1588,79,1,1640775952
1588,511,1,1639396418
1588,785,1,1639396592
1588,1005,1,1640776407
1588,20,1,1640777887
1589,1007,1,1643633549
1589,759,1,1648391846
1589,511,1,1644141846
1589,1253,1,1635939602
1589,20,1,1643633911
1590,1007,1,1631179601
1590,1008,1,1630817903
1590,511,1,1631261859
1590,817,1,1631282994
1590,1005,1,1631261619
1591,1007,1,1643446839
1591,867,1,1642490272
1591,1008,1,1642988738
1591,861,1,1643354189
1591,20,1,1643982445
1592,1007,1,1635081079
1592,511,1,1635656607
1592,861,1,1634981710
1592,1009,1,1636200552
1592,1005,1,1635081441
1593,1007,1,1644244681
1593,466,1,1642155654
1593,919,1,1643455861
1593,21,1,1643452103
1593,289,1,1642155999
1593,589,1,1643972889
1594,1007,1,1644202384
1594,79,1,1643716995
1594,511,1,1643716885
1594,785,1,1644388392
1594,1009,1,1644201348
1595,1007,1,1637320477
1595,583,1,1638682345
1595,79,1,1646052555
1595,349,1,1638680189
1595,644,1,1638688972
1596,1007,1,1632535957
1596,1008,1,1632536160
1596,80,1,1632534608
1596,847,1,1643183263
1596,848,1,1643352952
1597,1007,1,1635043877
1597,1008,1,1635043972
1597,785,1,1635060827
1597,1254,1,1643723655
1597,927,1,1643819435
1598,1007,1,1644749463
1598,867,1,1643105818
1598,1008,1,1643626530
1598,785,1,1644747956
1598,20,1,1643106193
1599,1007,1,1630384842
1599,79,1,1630918991
1599,1008,1,1630382360
1599,511,1,1630672805
1599,1009,1,1630033129
1599,319,1,1642660680
1599,74,1,1642660195
1600,1007,1,1647331019
1600,867,1,1647265907
1600,79,1,1647330228
1600,511,1,1647264790
1600,1253,1,1647429396
1601,1007,1,1619796761
1601,910,1,1612755807
1601,597,1,1626000873
1601,545,1,1628836572
1601,392,1,1611756145
1601,528,1,1640438682
1602,784,1,1619836416
1602,79,1,1620446310
1602,1008,1,1628853159
1602,20,1,1641625726
1602,505,1,1636194074
1603,784,1,1620209885
1603,79,1,1620211595
1603,785,1,1620211916
1603,861,1,1620209514
1603,1005,1,1620212356
1604,784,1,1617102438
1604,785,1,1616920366
1604,805,1,1617101680
1604,1005,1,1616920134
1604,896,1,1617144682
1605,317,1,1591621242
1605,558,1,1591508373
1605,280,1,1592199170
1605,45,1,1591330400
1605,248,1,1591592225
1605,645,1,1591766555
1606,317,1,1596762796
1606,121,1,1596262541
1606,346,1,1592217685
1606,44,1,1595465040
1606,372,1,1595913060
1607,317,1,1585935710
1607,1143,1,1564388699
1607,845,1,1626278390
1607,865,1,1567873656
1607,290,1,1585411872
1608,317,1,1585898472
1608,1068,1,1597569301
1608,345,1,1588563070
1608,863,1,1589422509
1608,637,1,1588305829
1608,350,1,1588563092
1609,317,1,1585843680
1609,323,1,1564581455
1609,703,1,1583942918
1609,731,1,1603521148
1609,883,1,1640432095
1610,518,1,1561467082
1610,399,1,1612736969
1610,1255,1,1486085052
1610,277,1,1556506314
1610,972,1,1559869738
1611,518,1,1562149291
1611,346,1,1593248277
1611,808,1,1593403330
1611,916,1,1616674211
1611,221,1,1581865148
1612,518,1,1561478642
1612,321,1,1566383275
1612,150,1,1616043299
1612,357,1,1564564114
1612,290,1,1586061301
1613,518,1,1561473411
1613,655,1,1574431373
1613,370,1,1581038168
1613,278,1,1573389202
1613,286,1,1574857484
1614,518,1,1561456933
1614,590,1,1586577798
1614,669,1,1589020599
1614,863,1,1589109384
1614,862,1,1589502769
1614,242,1,1595240541
1614,363,1,1562321479
1615,121,1,1612162231
1615,153,1,1612802263
1615,795,1,1611756267
1615,49,1,1608032928
1615,1256,1,1612282348
1615,1257,1,1608451337
1616,121,1,1596475161
1616,751,1,1629636461
1616,688,1,1628681386
1616,419,1,1645980164
1616,761,1,1630055488
1617,121,1,1595943357
1617,370,1,1581001829
1617,122,1,1582193762
1617,263,1,1580555437
1617,703,1,1582946171
1618,121,1,1595933163
1618,230,1,1594979017
1618,632,1,1595819772
1618,14,1,1635160624
1618,242,1,1595236742
1618,509,1,1641563864
1619,121,1,1595929534
1619,107,1,1604126875
1619,284,1,1602082276
1619,123,1,1599865406
1619,552,1,1612611642
1620,121,1,1596292120
1620,630,1,1611120995
1620,1258,1,1626585311
1620,90,1,1626442465
1620,234,1,1598608703
1620,115,1,1613116966
1621,121,1,1595966979
1621,28,1,1634998616
1621,594,1,1615023305
1621,692,1,1609584589
1621,111,1,1605798758
1622,121,1,1595946702
1622,334,1,1639052814
1622,93,1,1633101129
1622,1259,1,1643082292
1622,799,1,1643027041
1622,16,1,1638708991
1623,121,1,1595940031
1623,591,1,1583633086
1623,45,1,1579013027
1623,284,1,1602072392
1623,662,1,1586575919
1624,121,1,1595935847
1624,230,1,1594991937
1624,591,1,1583578992
1624,54,1,1589971231
1624,248,1,1582559302
1625,121,1,1595932474
1625,568,1,1601793458
1625,230,1,1594985554
1625,833,1,1619942979
1625,73,1,1642510895
1625,765,1,1643091704
1626,121,1,1595931710
1626,491,1,1585920316
1626,1260,1,1594723135
1626,875,1,1619866585
1626,324,1,1613381557
1626,233,1,1600738587
1626,137,1,1600493411
1627,121,1,1595931056
1627,409,1,1594001204
1627,45,1,1579008267
1627,371,1,1586790688
1627,955,1,1588171395
1628,351,1,1597505645
1628,341,1,1624578485
1628,273,1,1597763007
1628,889,1,1597554729
1628,253,1,1597763985
1629,351,1,1596336881
1629,632,1,1595696633
1629,612,1,1595695926
1629,664,1,1595815019
1629,290,1,1595822701
1630,351,1,1596278506
1630,236,1,1606554017
1630,275,1,1581328411
1630,110,1,1627379350
1630,339,1,1569920171
1631,351,1,1596271569
1631,678,1,1579532721
1631,635,1,1625230319
1631,533,1,1566640789
1631,285,1,1589455256
1631,150,1,1615028960
1632,351,1,1596270616
1632,630,1,1611051844
1632,672,1,1606556645
1632,111,1,1605781041
1632,646,1,1608628623
1633,351,1,1596424031
1633,144,1,1625648144
1633,236,1,1606707064
1633,1261,1,1617069139
1633,207,1,1606447699
1634,351,1,1596286201
1634,828,1,1618224794
1634,188,1,1642886630
1634,233,1,1600726778
1634,822,1,1639422156
1635,814,1,1612952647
1635,1048,1,1590245921
1635,122,1,1582425722
1635,820,1,1625982466
1635,402,1,1595923283
1636,814,1,1611205697
1636,230,1,1595125521
1636,1258,1,1628734099
1636,1262,1,1628960370
1636,508,1,1620986799
1637,814,1,1610894015
1637,284,1,1602063170
1637,46,1,1609513346
1637,114,1,1612866670
1637,207,1,1605703034
1638,814,1,1610860690
1638,399,1,1612582854
1638,1077,1,1644232726
1638,1263,1,1644939015
1638,683,1,1644565177
1638,510,1,1631447968
1639,814,1,1610809360
1639,117,1,1583335002
1639,558,1,1587781011
1639,55,1,1637043813
1639,1252,1,1592145080
1640,814,1,1610793528
1640,568,1,1618136899
1640,970,1,1584208052
1640,170,1,1636023978
1640,119,1,1647601565
1641,814,1,1610769968
1641,117,1,1583312662
1641,273,1,1577282318
1641,307,1,1572343411
1641,363,1,1562325544
1642,814,1,1610769723
1642,491,1,1584270067
1642,287,1,1612754487
1642,466,1,1613291759
1642,674,1,1575714988
1642,291,1,1612079059
1643,590,1,1586610805
1643,591,1,1583595582
1643,323,1,1561206000
1643,1143,1,1564129505
1643,703,1,1564309906
1643,155,1,1563886700
1644,472,1,1632027734
1644,624,1,1634988736
1644,250,1,1649219327
1644,882,1,1643544297
1644,1150,1,1634562773
1644,110,1,1633436919
1645,472,1,1626575258
1645,639,1,1570181468
1645,1264,1,1630240696
1645,253,1,1591959723
1645,286,1,1585479409
1646,472,1,1631269747
1646,440,1,1630132855
1646,829,1,1634771971
1646,280,1,1626143390
1646,236,1,1631427296
1646,349,1,1634606932
1646,110,1,1631269466
1647,472,1,1627574990
1647,98,1,1635865187
1647,116,1,1631370547
1647,607,1,1630853692
1647,1070,1,1595261637
1648,472,1,1632730607
1648,882,1,1632876593
1648,643,1,1632883705
1648,123,1,1632792960
1648,110,1,1632730174
1649,472,1,1631426413
1649,507,1,1635831659
1649,326,1,1631443270
1649,1265,1,1642436225
1649,457,1,1622962913
1649,64,1,1642589138
1649,830,1,1633176508
1649,587,1,1642676877
1649,78,1,1627742459
1650,472,1,1625542221
1650,705,1,1651132929
1650,594,1,1615172705
1650,659,1,1601348573
1650,989,1,1623857176
1651,472,1,1626707874
1651,537,1,1592666055
1651,10,1,1638164644
1651,264,1,1617164330
1651,60,1,1620921165
1652,472,1,1626578254
1652,1266,1,1601198531
1652,1029,1,1586070412
1652,329,1,1629760480
1652,415,1,1628699951
1653,472,1,1626273076
1653,262,1,1617397515
1653,719,1,1619701253
1653,916,1,1616166710
1653,339,1,1629398591
1654,568,1,1601743522
1654,268,1,1635619510
1654,948,1,1635178923
1654,345,1,1589378646
1654,989,1,1624087335
1655,568,1,1601775777
1655,1267,1,1626523364
1655,1268,1,1642806419
1655,1269,1,1636101954
1655,422,1,1639479773
1655,1270,1,1641001246
1656,568,1,1601787222
1656,287,1,1612698239
1656,466,1,1613290723
1656,288,1,1595655240
1656,612,1,1587285445
1656,1123,1,1593097260
1656,289,1,1614485504
1656,291,1,1612096492
1657,568,1,1601720017
1657,193,1,1621004246
1657,346,1,1602578371
1657,911,1,1621188765
1657,613,1,1620636461
1657,559,1,1644656331
1657,115,1,1613134392
1658,568,1,1601712166
1658,381,1,1597219303
1658,262,1,1616918450
1658,264,1,1617091226
1658,134,1,1626980013
1659,1271,1,1650299142
1659,988,1,1627811026
1659,302,1,1629281471
1659,303,1,1597998645
1659,723,1,1643888681
1659,488,1,1609343080
1659,308,1,1634038108
1660,1272,1,1540190567
1660,135,1,1639668519
1660,144,1,1629355573
1660,3,1,1643560775
1660,665,1,1618394140
1661,816,1,1636847723
1661,1273,1,1636464593
1661,1060,1,1636876117
1661,968,1,1639740309
1661,754,1,1639060109
1661,1102,1,1636847373
1661,973,1,1636780408
1662,816,1,1644498665
1662,287,1,1644848623
1662,1102,1,1642779807
1662,286,1,1642779223
1662,291,1,1644849197
1663,816,1,1588864112
1663,491,1,1584286107
1663,558,1,1587739815
1663,862,1,1589700224
1663,662,1,1586178373
1663,246,1,1600504865
1664,92,1,1642555516
1664,135,1,1639573000
1664,462,1,1638108256
1664,1051,1,1632923509
1664,130,1,1641376933
1665,92,1,1642510403
1665,1132,1,1628173277
1665,1274,1,1643937046
1665,830,1,1631717575
1665,1275,1,1629037344
1665,932,1,1629089475
1666,92,1,1642503505
1666,787,1,1641396081
1666,232,1,1626086118
1666,915,1,1630939348
1666,913,1,1625671520
1666,751,1,1630976756
1666,101,1,1630967059
1667,92,1,1642500506
1667,924,1,1640403964
1667,709,1,1644833975
1667,209,1,1636255082
1667,386,1,1629981555
1668,92,1,1642597994
1668,584,1,1581663366
1668,228,1,1581664241
1668,709,1,1644839659
1668,110,1,1627401828
1669,92,1,1642647406
1669,177,1,1627652162
1669,268,1,1630836658
1669,948,1,1633856368
1669,1051,1,1631326023
1669,1276,1,1629733495
1670,92,1,1642515832
1670,409,1,1593090351
1670,717,1,1592143779
1670,917,1,1635433667
1670,932,1,1628856977
1671,92,1,1642505616
1671,7,1,1643968801
1671,1277,1,1583655399
1671,1278,1,1632737196
1671,221,1,1579601342
1672,92,1,1642500200
1672,663,1,1620989427
1672,474,1,1628685720
1672,147,1,1628068410
1672,64,1,1642583061
1673,846,1,1635439834
1673,493,1,1647734816
1673,783,1,1635357807
1673,71,1,1634605578
1673,769,1,1650188773
1673,688,1,1632211959
1673,916,1,1634754083
1673,1079,1,1633538941
1674,569,1,1640586979
1674,740,1,1622383278
1674,1279,1,1643984181
1674,1134,1,1622528675
1674,1147,1,1640316491
1674,1054,1,1629552483
1675,569,1,1639126343
1675,788,1,1624016932
1675,36,1,1634140109
1675,873,1,1641371182
1675,1280,1,1618899571
1676,569,1,1639137455
1676,304,1,1623514262
1676,198,1,1632385006
1676,196,1,1621258637
1676,841,1,1596908796
1677,1095,1,1606030946
1677,284,1,1602071352
1677,14,1,1635181722
1677,234,1,1598608933
1677,252,1,1631128774
1678,1095,1,1611998240
1678,297,1,1623253779
1678,158,1,1635080492
1678,362,1,1621317084
1678,696,1,1642263318
1679,1095,1,1612263701
1679,51,1,1647515333
1679,301,1,1577724627
1679,71,1,1631285317
1679,559,1,1644658962
1680,1095,1,1606055506
1680,507,1,1635825383
1680,740,1,1608651821
1680,137,1,1600490656
1680,31,1,1643121267
1681,1095,1,1604360406
1681,451,1,1621308773
1681,546,1,1638941281
1681,147,1,1628117792
1681,416,1,1633853553
1682,230,1,1598107581
1682,958,1,1598807132
1682,61,1,1649928433
1682,700,1,1649927969
1682,680,1,1598180633
1683,230,1,1594979601
1683,1068,1,1594979918
1683,632,1,1595669164
1683,14,1,1635160627
1683,659,1,1601171801
1684,230,1,1595047712
1684,655,1,1574443097
1684,126,1,1572778546
1684,629,1,1597250538
1684,336,1,1564252002
1685,230,1,1594982570
1685,691,1,1533382032
1685,815,1,1598780832
1685,594,1,1615023750
1685,692,1,1609587106
1685,150,1,1615024135
1686,230,1,1594978602
1686,678,1,1565957943
1686,314,1,1570876953
1686,1064,1,1571148360
1686,155,1,1563982797
1687,230,1,1594978442
1687,116,1,1631240461
1687,236,1,1606741656
1687,285,1,1589601984
1687,134,1,1621596834
1688,230,1,1594978306
1688,632,1,1595662858
1688,234,1,1598608441
1688,659,1,1601182701
1688,111,1,1605778239
1689,544,1,1648922403
1689,857,1,1650716182
1689,98,1,1652501012
1689,145,1,1652437869
1689,146,1,1648922056
1690,544,1,1646657960
1690,173,1,1646545667
1690,85,1,1653668719
1690,401,1,1622529606
1690,1134,1,1621830708
1691,544,1,1620265478
1691,177,1,1622109419
1691,144,1,1617247984
1691,98,1,1635845537
1691,948,1,1635500613
1691,913,1,1626085453
1692,544,1,1619975489
1692,173,1,1620658044
1692,812,1,1635320665
1692,474,1,1628695832
1692,1281,1,1616296937
1693,544,1,1619971779
1693,144,1,1617199970
1693,975,1,1631375583
1693,132,1,1640687076
1693,200,1,1567055683
1694,544,1,1628759532
1694,347,1,1625789673
1694,270,1,1628421454
1694,621,1,1625888207
1694,665,1,1629884496
1695,544,1,1619955709
1695,98,1,1635780793
1695,353,1,1632665507
1695,14,1,1635167180
1695,324,1,1613382198
1695,542,1,1632922543
1696,544,1,1619956411
1696,268,1,1630916295
1696,116,1,1631098679
1696,270,1,1614268458
1696,948,1,1633796577
1696,147,1,1628067718
1697,544,1,1619954548
1697,144,1,1617194782
1697,270,1,1614255444
1697,621,1,1615812384
1697,665,1,1612964840
1698,544,1,1620029549
1698,144,1,1617286860
1698,98,1,1635782555
1698,270,1,1614527812
1698,146,1,1629716194
1698,621,1,1616158392
1698,665,1,1612973169
1699,539,1,1620538993
1699,262,1,1616990442
1699,294,1,1641609870
1699,362,1,1628742380
1699,17,1,1640404684
1700,539,1,1620208675
1700,298,1,1610021385
1700,198,1,1635174999
1700,264,1,1617120314
1700,833,1,1620042463
1701,539,1,1620234468
1701,441,1,1608739724
1701,298,1,1610079910
1701,836,1,1643826213
1701,296,1,1627453074
1702,539,1,1620115596
1702,630,1,1611053742
1702,324,1,1613398639
1702,552,1,1612606560
1702,989,1,1623836087
1703,539,1,1620115435
1703,173,1,1621246306
1703,960,1,1605177036
1703,535,1,1566574579
1703,643,1,1618824799
1703,692,1,1609579962
1703,286,1,1574850281
1703,5,1,1641639411
1704,94,1,1595071548
1704,541,1,1643286735
1704,353,1,1632682820
1704,474,1,1628715288
1704,948,1,1633663079
1704,845,1,1626022874
1704,542,1,1632943257
1704,775,1,1616871397
1705,94,1,1595093920
1705,1282,1,1596697439
1705,1093,1,1577525548
1705,628,1,1616411346
1705,613,1,1620625188
1705,1187,1,1616988282
1706,94,1,1595243018
1706,116,1,1633122813
1706,834,1,1586274309
1706,1283,1,1635445137
1706,836,1,1643884855
1707,870,1,1584140260
1707,584,1,1581601838
1707,497,1,1572616547
1707,248,1,1582547637
1707,372,1,1590919657
1707,865,1,1569828791
1708,870,1,1647787873
1708,304,1,1628946383
1708,527,1,1638188676
1708,1050,1,1628006139
1708,267,1,1623251519
1709,1284,1,1638371062
1709,1285,1,1563163993
1709,342,1,1537542946
1709,49,1,1572060897
1709,338,1,1552273536
1710,1002,1,1629543769
1710,399,1,1613710410
1710,844,1,1614249532
1710,225,1,1612694596
1710,190,1,1615891100
1711,1002,1,1629553262
1711,958,1,1575369081
1711,262,1,1617027452
1711,1286,1,1573996705
1711,115,1,1615472214
1712,1245,1,1623862517
1712,85,1,1613480318
1712,326,1,1632130954
1712,1283,1,1635182069
1712,665,1,1627665611
1713,1245,1,1621869032
1713,497,1,1598198039
1713,204,1,1604823785
1713,39,1,1599993221
1713,731,1,1603512176
1714,1245,1,1621732830
1714,89,1,1616230658
1714,988,1,1627729013
1714,137,1,1600493716
1714,1211,1,1642221099
1715,1245,1,1621588504
1715,38,1,1638620229
1715,643,1,1618825665
1715,60,1,1620909467
1715,777,1,1640247115
1716,1245,1,1621695086
1716,95,1,1605937205
1716,768,1,1633507302
1716,100,1,1630828858
1716,540,1,1634032861
1717,493,1,1650033462
1717,181,1,1649485399
1717,52,1,1649485136
1717,685,1,1647869327
1717,641,1,1650524268
1718,493,1,1649755659
1718,265,1,1636705169
1718,451,1,1620203908
1718,58,1,1645620026
1718,171,1,1632483558
1719,493,1,1645681540
1719,541,1,1645357911
1719,25,1,1645606199
1719,506,1,1645607246
1719,473,1,1645333510
1719,510,1,1645772457
1719,765,1,1645692802
1719,27,1,1645774056
1720,493,1,1645095665
1720,50,1,1631967812
1720,476,1,1627876978
1720,38,1,1638684962
1720,506,1,1614166889
1720,267,1,1623068458
1721,493,1,1645144916
1721,699,1,1634385027
1721,22,1,1634296897
1721,24,1,1641726256
1721,589,1,1641985299
1722,493,1,1645113942
1722,1287,1,1606896032
1722,467,1,1638578359
1722,171,1,1631620065
1722,167,1,1636909282
1723,493,1,1645097207
1723,381,1,1597231141
1723,957,1,1569388863
1723,122,1,1582112376
1723,505,1,1629122732
1723,23,1,1640773905
1723,24,1,1641733324
1724,493,1,1645088792
1724,780,1,1636978016
1724,494,1,1635768944
1724,465,1,1623576729
1724,17,1,1640080312
1725,780,1,1649861713
1725,718,1,1648565681
1725,685,1,1649143714
1725,580,1,1648565276
1725,74,1,1647827318
1726,780,1,1641449809
1726,1288,1,1646062855
1726,505,1,1645535275
1726,506,1,1641887046
1726,473,1,1645536038
1727,780,1,1646136949
1727,1289,1,1643963691
1727,1131,1,1632196590
1727,841,1,1587300841
1727,672,1,1646146963
1728,780,1,1644847110
1728,462,1,1644846551
1728,805,1,1638796181
1728,211,1,1644845130
1728,473,1,1644845437
1729,780,1,1638891698
1729,23,1,1640775185
1729,24,1,1641739598
1729,660,1,1638181192
1729,27,1,1640098480
1730,666,1,1614832052
1730,1085,1,1610425726
1730,89,1,1615096297
1730,1290,1,1642348427
1730,1277,1,1641308376
1730,621,1,1615824257
1730,976,1,1643903280
1731,666,1,1616068037
1731,1057,1,1624621177
1731,304,1,1623508136
1731,683,1,1644651765
1731,253,1,1617518115
1732,591,1,1583585135
1732,584,1,1581611069
1732,332,1,1602596611
1732,672,1,1606571560
1732,246,1,1600575154
1732,115,1,1613134268
1733,591,1,1583680228
1733,532,1,1572614382
1733,307,1,1572344430
1733,122,1,1582105017
1733,278,1,1573380736
1733,363,1,1562338020
1734,591,1,1583664591
1734,401,1,1590151591
1734,234,1,1598613793
1734,644,1,1611152797
1734,552,1,1612625284
1735,591,1,1583585867
1735,248,1,1582544507
1735,428,1,1562147804
1735,662,1,1586336126
1735,841,1,1564052587
1735,282,1,1558778507
1736,591,1,1583578740
1736,583,1,1573302563
1736,396,1,1570360064
1736,248,1,1582542148
1736,249,1,1570456748
1736,278,1,1573386392
1737,591,1,1583578629
1737,558,1,1587721543
1737,220,1,1562842736
1737,248,1,1582541856
1737,852,1,1570015876
1738,591,1,1588744694
1738,327,1,1636803696
1738,145,1,1643536764
1738,474,1,1628676353
1738,46,1,1609685869
1738,1247,1,1631103357
1739,591,1,1585273902
1739,279,1,1588849355
1739,54,1,1589980846
1739,320,1,1586357085
1739,312,1,1589981127
1740,591,1,1585033534
1740,108,1,1580560076
1740,370,1,1580997603
1740,348,1,1579186603
1740,357,1,1564809449
1741,409,1,1593085405
1741,864,1,1566037353
1741,328,1,1547296204
1741,970,1,1555495411
1741,987,1,1642596878
1742,409,1,1593401830
1742,304,1,1623510621
1742,759,1,1648208680
1742,751,1,1630378668
1742,397,1,1629419806
1743,409,1,1593343086
1743,718,1,1606389928
1743,67,1,1604405919
1743,912,1,1606300293
1743,160,1,1586512470
1744,409,1,1593093912
1744,736,1,1642432768
1744,440,1,1628770930
1744,426,1,1637325710
1744,274,1,1625930936
1745,409,1,1593086428
1745,553,1,1576659612
1745,689,1,1595428924
1745,717,1,1591526613
1745,954,1,1576314849
1746,409,1,1623215148
1746,332,1,1602584389
1746,25,1,1602338925
1746,46,1,1621331526
1746,338,1,1604854453
1747,409,1,1596681830
1747,1291,1,1596160993
1747,1292,1,1595988501
1747,429,1,1595989525
1747,373,1,1595988884
1748,409,1,1593094812
1748,640,1,1570274518
1748,249,1,1570031231
1748,110,1,1632703778
1748,1052,1,1571136359
1748,283,1,1632731173
1749,265,1,1586257744
1749,406,1,1565863133
1749,63,1,1642243297
1749,16,1,1638606103
1749,976,1,1642339934
1750,265,1,1643452970
1750,867,1,1638423217
1750,1191,1,1647359213
1750,540,1,1638156128
1750,1050,1,1640596138
1751,1069,1,1589612336
1751,1068,1,1595091054
1751,1212,1,1644081668
1751,808,1,1589993425
1751,242,1,1595494070
1751,243,1,1636429285
1751,455,1,1592151714
1752,1069,1,1601126059
1752,1068,1,1594994102
1752,710,1,1633086032
1752,599,1,1633005622
1752,1249,1,1618120667
1752,1293,1,1631938144
1752,137,1,1610507316
1753,583,1,1607832113
1753,108,1,1605430578
1753,703,1,1608300163
1753,672,1,1606553944
1753,111,1,1605783866
1754,583,1,1605054586
1754,703,1,1583324568
1754,294,1,1613019830
1754,362,1,1639112726
1754,542,1,1633794151
1755,583,1,1573300441
1755,812,1,1635321435
1755,972,1,1570428872
1755,312,1,1589975535
1755,16,1,1638608051
1755,775,1,1616918109
1756,1177,1,1629545547
1756,260,1,1629964612
1756,524,1,1629719755
1756,742,1,1629965562
1756,471,1,1630051765
1757,1177,1,1601211696
1757,399,1,1612549919
1757,507,1,1636827459
1757,191,1,1624987073
1757,1134,1,1616858533
1758,1177,1,1634124323
1758,33,1,1636379390
1758,456,1,1641825683
1758,37,1,1634570505
1758,1246,1,1615209384
1759,1177,1,1602504727
1759,530,1,1619860511
1759,150,1,1615026461
1759,683,1,1646829679
1759,833,1,1619949794
1760,1177,1,1582427247
1760,117,1,1583326379
1760,1294,1,1644064625
1760,683,1,1644483884
1760,638,1,1567606710
1761,1091,1,1633952502
1761,911,1,1622692758
1761,145,1,1645584440
1761,130,1,1641087631
1761,132,1,1640700344
1762,867,1,1638417314
1762,861,1,1620557178
1762,462,1,1638856032
1762,58,1,1639368876
1762,1071,1,1641984643
1763,867,1,1647145065
1763,52,1,1639922319
1763,685,1,1643192390
1763,1295,1,1647736605
1763,503,1,1642069940
1764,867,1,1640600597
1764,79,1,1647519143
1764,287,1,1641083383
1764,685,1,1643381373
1764,907,1,1647231326
1764,795,1,1638618578
1765,79,1,1630247056
1765,1008,1,1630336101
1765,794,1,1630248204
1765,1009,1,1630335763
1765,20,1,1630246633
1766,79,1,1624804489
1766,785,1,1625212835
1766,887,1,1623231503
1766,730,1,1623232324
1766,719,1,1623165584
1766,20,1,1643462821
1766,896,1,1623166978
1767,79,1,1615212937
1767,823,1,1618923343
1767,177,1,1622050295
1767,353,1,1632647783
1767,134,1,1621606510
1768,79,1,1639910652
1768,237,1,1642935169
1768,1005,1,1639910373
1768,612,1,1638106261
1768,77,1,1644210774
1769,79,1,1614951143
1769,1008,1,1649597550
1769,511,1,1631445525
1769,1253,1,1617356524
1769,1005,1,1615541803
1770,736,1,1642516737
1770,176,1,1625204706
1770,426,1,1637323284
1770,274,1,1626008260
1770,252,1,1631255622
1770,368,1,1630164433
1771,736,1,1642427219
1771,1296,1,1641733266
1771,407,1,1642083889
1771,963,1,1639053084
1771,101,1,1629463680
1772,736,1,1642652529
1772,176,1,1619756146
1772,178,1,1623506167
1772,431,1,1617579672
1772,251,1,1618113014
1773,736,1,1642488109
1773,729,1,1638007238
1773,48,1,1641863147
1773,403,1,1614852882
1773,46,1,1625377837
1774,736,1,1642487585
1774,431,1,1629275531
1774,146,1,1630426997
1774,934,1,1631369578
1774,251,1,1630081134
1774,368,1,1630155166
1775,736,1,1642418283
1775,178,1,1630050622
1775,481,1,1634917907
1775,368,1,1630206549
1775,437,1,1621435517
1776,736,1,1642333226
1776,1047,1,1603760668
1776,107,1,1604743183
1776,652,1,1587688017
1776,149,1,1596941389
1776,184,1,1601281647
1777,736,1,1642326622
1777,99,1,1615558360
1777,149,1,1596786864
1777,433,1,1607528492
1777,180,1,1616776398
1777,42,1,1615110087
1778,736,1,1642326053
1778,178,1,1623514921
1778,407,1,1641794168
1778,426,1,1637419380
1778,437,1,1620921044
1779,828,1,1619701333
1779,89,1,1615130252
1779,629,1,1596694715
1779,338,1,1560496622
1779,282,1,1559426499
1780,1297,1,1581524884
1780,1189,1,1593435432
1780,307,1,1572404076
1780,15,1,1629625233
1780,889,1,1574678632
1781,173,1,1622005818
1781,66,1,1615290773
1781,612,1,1624704997
1781,1244,1,1610817112
1781,308,1,1631532008
1781,1063,1,1629639373
1782,173,1,1620751027
1782,1298,1,1619738085
1782,1299,1,1630759341
1782,757,1,1626379488
1782,1300,1,1627407533
1783,173,1,1621866511
1783,968,1,1603980326
1783,963,1,1640094473
1783,467,1,1638508500
1783,453,1,1638183048
1784,173,1,1620744894
1784,706,1,1558073194
1784,663,1,1621002349
1784,377,1,1553873170
1784,295,1,1632915750
1785,451,1,1619876332
1785,971,1,1587644493
1785,1301,1,1581473235
1785,207,1,1605710072
1785,482,1,1597239079
1786,451,1,1619782881
1786,61,1,1644653145
1786,700,1,1646467085
1786,812,1,1635321592
1786,63,1,1642234048
1786,416,1,1633786205
1786,16,1,1638609529
1787,1302,1,1607267785
1787,541,1,1651327406
1787,130,1,1641202154
1787,1303,1,1627397290
1787,542,1,1637076460
1787,73,1,1642860702
1788,1137,1,1575370394
1788,165,1,1631425048
1788,1225,1,1638096337
1788,1275,1,1633257018
1788,256,1,1644077430
1789,924,1,1640443706
1789,467,1,1638506203
1789,683,1,1644917438
1789,445,1,1631789925
1789,180,1,1616750533
1790,924,1,1640406564
1790,507,1,1635825546
1790,555,1,1640945757
1790,467,1,1638504879
1790,502,1,1642307594
1791,924,1,1642734406
1791,148,1,1642833513
1791,224,1,1640862532
1791,1304,1,1642526042
1791,186,1,1642075200
1791,696,1,1642357984
1792,924,1,1640407584
1792,930,1,1648872715
1792,191,1,1624857273
1792,147,1,1628070491
1792,418,1,1629103595
1792,1211,1,1642299291
1793,924,1,1640403160
1793,541,1,1643275280
1793,147,1,1628068732
1793,64,1,1642583264
1793,132,1,1640685819
1794,924,1,1640403653
1794,930,1,1648870406
1794,186,1,1641266694
1794,467,1,1638505408
1794,1211,1,1642068693
1795,148,1,1641692631
1795,25,1,1643362059
1795,186,1,1641375403
1795,1099,1,1637670791
1795,31,1,1643015155
1796,148,1,1641600442
1796,491,1,1584269522
1796,98,1,1636229304
1796,353,1,1636148030
1796,254,1,1640267667
1797,148,1,1641814300
1797,1305,1,1643195148
1797,439,1,1639655728
1797,24,1,1641898257
1797,427,1,1641304517
1797,1211,1,1642069797
1798,148,1,1641635170
1798,465,1,1623619869
1798,702,1,1621514975
1798,196,1,1621341592
1798,552,1,1614214411
1799,148,1,1641565501
1799,930,1,1648954716
1799,345,1,1641057469
1799,36,1,1641042342
1799,211,1,1638589292
1800,148,1,1642815860
1800,655,1,1574422917
1800,14,1,1635172458
1800,285,1,1589552056
1800,17,1,1640083008
1801,1285,1,1563008332
1801,406,1,1565861710
1801,404,1,1566573491
1801,407,1,1641825232
1801,342,1,1530777207
1801,957,1,1569321641
1801,34,1,1493359339
1802,491,1,1610639786
1802,105,1,1605802632
1802,347,1,1580745699
1802,831,1,1623518380
1802,639,1,1588307576
1802,332,1,1605804577
1802,1141,1,1600319031
1803,491,1,1596360749
1803,1306,1,1636797111
1803,1190,1,1630753609
1803,55,1,1639146656
1803,904,1,1632311231
1803,158,1,1633778556
1803,1221,1,1643183194
1804,491,1,1584274361
1804,1307,1,1577316611
1804,163,1,1609234735
1804,267,1,1622876504
1804,78,1,1595355953
1805,491,1,1584277847
1805,678,1,1565976496
1805,332,1,1602607266
1805,16,1,1638605867
1805,777,1,1640253955
1806,1208,1,1575823992
1806,177,1,1622125797
1806,116,1,1632550067
1806,131,1,1638697751
1806,254,1,1640285388
1807,414,1,1583327731
1807,359,1,1588265231
1807,821,1,1630128438
1807,1120,1,1546485138
1807,581,1,1587195777
1808,958,1,1575375301
1808,492,1,1568315714
1808,309,1,1556162801
1808,136,1,1573879869
1808,678,1,1566036304
1809,958,1,1575371539
1809,370,1,1581000902
1809,808,1,1584203791
1809,863,1,1589102355
1809,847,1,1585744716
1810,492,1,1583998578
1810,857,1,1647062318
1810,145,1,1646997429
1810,353,1,1648980854
1810,270,1,1636021960
1811,492,1,1587110511
1811,1175,1,1586338407
1811,655,1,1585559161
1811,639,1,1587093277
1811,969,1,1586911556
1812,492,1,1568349534
1812,673,1,1575720168
1812,251,1,1599567010
1812,649,1,1582863648
1812,357,1,1564485993
1813,492,1,1568295276
1813,336,1,1564224232
1813,372,1,1590919432
1813,376,1,1574221515
1813,155,1,1563884827
1814,492,1,1568284885
1814,797,1,1635326296
1814,641,1,1570955702
1814,370,1,1580993578
1814,528,1,1640422876
1815,492,1,1568284636
1815,678,1,1565953356
1815,648,1,1528547396
1815,654,1,1567504446
1815,115,1,1613119771
1816,492,1,1568284525
1816,314,1,1573206857
1816,484,1,1644136624
1816,1212,1,1643350850
1816,970,1,1555860261
1816,243,1,1636990610
1816,833,1,1619942660
1817,165,1,1631349059
1817,1308,1,1618658614
1817,60,1,1620911214
1817,245,1,1598698309
1817,167,1,1636776645
1818,165,1,1631338977
1818,1309,1,1593833073
1818,209,1,1636260394
1818,563,1,1554179275
1818,245,1,1598693353
1818,31,1,1643003910
1819,541,1,1647235342
1819,268,1,1643350801
1819,857,1,1652152327
1819,270,1,1644217202
1819,948,1,1647407692
1819,146,1,1646280146
1819,542,1,1641814027
1820,541,1,1643467330
1820,474,1,1628947468
1820,270,1,1627015043
1820,607,1,1630738895
1820,15,1,1631013597
1821,541,1,1643274130
1821,268,1,1631260439
1821,857,1,1644310842
1821,474,1,1628677208
1821,64,1,1642582552
1822,541,1,1643277038
1822,268,1,1630833526
1822,857,1,1644314777
1822,270,1,1638888470
1822,665,1,1639314151
1823,541,1,1643274972
1823,474,1,1629539967
1823,1192,1,1646531726
1823,688,1,1628758470
1823,329,1,1646450762
1824,541,1,1643302457
1824,144,1,1617193375
1824,98,1,1635764486
1824,145,1,1643694631
1824,948,1,1633688437
1825,541,1,1643291584
1825,268,1,1630855722
1825,857,1,1644330032
1825,98,1,1635952601
1825,116,1,1631256764
1825,353,1,1632668926
1825,948,1,1633655904
1825,131,1,1638860304
1826,541,1,1643290184
1826,857,1,1644337268
1826,717,1,1591528698
1826,474,1,1628724797
1826,146,1,1629598880
1827,541,1,1643282636
1827,268,1,1630834098
1827,98,1,1635761252
1827,145,1,1643519083
1827,474,1,1628683330
1827,948,1,1633607335
1827,146,1,1629606760
1827,1183,1,1616156655
1827,542,1,1632914888
1828,541,1,1643277884
1828,98,1,1635757576
1828,116,1,1631103931
1828,353,1,1632652344
1828,542,1,1632924257
1829,541,1,1643275277
1829,857,1,1644311658
1829,98,1,1635906432
1829,145,1,1643519311
1829,146,1,1629538138
1829,542,1,1632908201
1830,541,1,1643275140
1830,145,1,1643520545
1830,64,1,1642582591
1830,73,1,1642499350
1830,932,1,1628847107
1831,446,1,1619264251
1831,930,1,1651140758
1831,417,1,1647180784
1831,845,1,1638781972
1831,535,1,1618114901
1831,170,1,1635839644
1831,1041,1,1634443644
1832,446,1,1619261622
1832,1170,1,1629089920
1832,236,1,1606554183
1832,1171,1,1622575367
1832,1310,1,1612403635
1832,644,1,1614669578
1832,245,1,1598679902
1833,446,1,1619414867
1833,1131,1,1632401108
1833,77,1,1607864528
1833,637,1,1579335639
1833,528,1,1642421655
1833,357,1,1578669190
1834,446,1,1624470765
1834,668,1,1621763881
1834,385,1,1640617835
1834,119,1,1643820970
1834,739,1,1634913114
1835,446,1,1619260456
1835,297,1,1623722875
1835,33,1,1635777630
1835,377,1,1623759514
1835,1032,1,1612001529
1836,399,1,1615719093
1836,191,1,1624860537
1836,536,1,1615653129
1836,264,1,1619202579
1836,149,1,1600788911
1837,399,1,1612344837
1837,1100,1,1614430721
1837,307,1,1572343582
1837,225,1,1612596358
1837,827,1,1576579454
1838,399,1,1612347717
1838,630,1,1611048931
1838,225,1,1612596117
1838,644,1,1611127120
1838,286,1,1608523897
1839,399,1,1612345088
1839,707,1,1633087395
1839,524,1,1632205521
1839,324,1,1613381506
1839,74,1,1631419810
1839,115,1,1613124082
1840,300,1,1588785401
1840,236,1,1606746186
1840,303,1,1597921221
1840,661,1,1612280980
1840,285,1,1615352309
1841,300,1,1588776245
1841,639,1,1570196269
1841,640,1,1570269454
1841,301,1,1577530983
1841,302,1,1584527385
1842,300,1,1588762537
1842,1237,1,1596720695
1842,301,1,1577528854
1842,1073,1,1632737174
1842,312,1,1589972396
1843,61,1,1646322791
1843,997,1,1627778282
1843,1108,1,1624791364
1843,1037,1,1619356118
1843,1311,1,1625326641
1844,61,1,1644940013
1844,501,1,1643916715
1844,1289,1,1643993153
1844,1050,1,1626799347
1844,16,1,1638634149
1845,61,1,1644653109
1845,669,1,1589015825
1845,531,1,1587485568
1845,862,1,1589454632
1845,665,1,1612956833
1845,140,1,1589253809
1846,61,1,1646198151
1846,268,1,1634743349
1846,64,1,1644388727
1846,665,1,1637928236
1846,137,1,1637656114
1846,1244,1,1634713356
1847,61,1,1645021301
1847,169,1,1642326127
1847,540,1,1633279702
1847,628,1,1643822129
1847,38,1,1638630984
1848,61,1,1644753441
1848,700,1,1646470288
1848,812,1,1635334907
1848,416,1,1633868001
1848,660,1,1638018320
1849,61,1,1644656175
1849,873,1,1641364352
1849,527,1,1639290032
1849,295,1,1631776538
1849,646,1,1638068616
1850,700,1,1646571599
1850,98,1,1635757511
1850,55,1,1637073108
1850,521,1,1639488398
1850,1079,1,1630399665
1851,700,1,1647263727
1851,214,1,1634393872
1851,1123,1,1620386620
1851,171,1,1632922926
1851,16,1,1638792187
1852,700,1,1646751900
1852,812,1,1635331833
1852,63,1,1642391805
1852,295,1,1631451922
1852,31,1,1642996303
1853,700,1,1646731131
1853,12,1,1632673236
1853,335,1,1631177962
1853,416,1,1635346085
1853,16,1,1638678569
1854,438,1,1616325177
1854,228,1,1581506895
1854,352,1,1635745231
1854,241,1,1584976751
1854,988,1,1627467460
1854,540,1,1632671461
1855,438,1,1616324185
1855,177,1,1622026958
1855,116,1,1631096551
1855,948,1,1633600808
1855,146,1,1629539730
1855,665,1,1612957439
1855,171,1,1631335951
1856,438,1,1616698579
1856,105,1,1604415159
1856,99,1,1616693992
1856,692,1,1609649468
1856,296,1,1627287777
1857,584,1,1632124649
1857,210,1,1630764153
1857,813,1,1631879277
1857,847,1,1630488220
1857,545,1,1630758246
1857,747,1,1633510341
1857,319,1,1631456219
1857,74,1,1632033737
1857,286,1,1631799038
1858,584,1,1597881122
1858,280,1,1598670319
1858,703,1,1600097877
1858,365,1,1598266209
1858,645,1,1597883438
1859,584,1,1587666979
1859,706,1,1558157845
1859,849,1,1587667229
1859,662,1,1587668677
1859,841,1,1564076686
1859,563,1,1554230049
1860,584,1,1601053376
1860,1094,1,1599911299
1860,749,1,1638977172
1860,578,1,1601357746
1860,885,1,1604063671
1861,584,1,1581595647
1861,108,1,1580559894
1861,370,1,1580990851
1861,248,1,1582546427
1861,263,1,1580558972
1861,758,1,1643004509
1862,584,1,1581588373
1862,45,1,1579957072
1862,108,1,1580560038
1862,703,1,1564308678
1862,221,1,1580390302
1863,584,1,1581603465
1863,284,1,1604204817
1863,248,1,1582541935
1863,662,1,1586163014
1863,552,1,1612705234
1864,892,1,1652507034
1864,168,1,1643271944
1864,751,1,1629771118
1864,418,1,1629463210
1864,1071,1,1643259828
1865,424,1,1573914037
1865,33,1,1635941748
1865,913,1,1624274135
1865,37,1,1642471042
1865,171,1,1631851385
1866,412,1,1585751383
1866,839,1,1553265595
1866,1312,1,1583108526
1866,947,1,1606056172
1866,101,1,1629419610
1866,42,1,1615109311
1867,706,1,1558014312
1867,273,1,1577271389
1867,125,1,1561041676
1867,155,1,1563885472
1867,128,1,1567940468
1868,706,1,1558003711
1868,677,1,1652495995
1868,639,1,1570181957
1868,640,1,1570282096
1868,51,1,1649164436
1869,706,1,1558061772
1869,1094,1,1556533441
1869,364,1,1555637979
1869,318,1,1621582179
1869,746,1,1558313490
1870,553,1,1635652124
1870,749,1,1637556290
1870,1313,1,1653222427
1870,790,1,1635079192
1870,897,1,1633667640
1871,553,1,1581132947
1871,280,1,1581051011
1871,370,1,1580993575
1871,263,1,1580993685
1871,807,1,1581076676
1871,979,1,1581081258
1871,97,1,1581076446
1872,553,1,1610724364
1872,454,1,1610706423
1872,938,1,1615566068
1872,150,1,1615088164
1872,413,1,1610889917
1873,553,1,1576667453
1873,284,1,1603870285
1873,371,1,1586518497
1873,1003,1,1590158398
1873,415,1,1599132694
1874,537,1,1598594660
1874,1307,1,1602068831
1874,50,1,1632104538
1874,685,1,1612853146
1874,25,1,1627020099
1874,580,1,1629980579
1875,537,1,1592905483
1875,475,1,1593601879
1875,159,1,1596189335
1875,160,1,1588436620
1875,450,1,1587270484
1876,537,1,1592558203
1876,381,1,1597219602
1876,1314,1,1592349664
1876,238,1,1601830579
1876,683,1,1644488804
1876,192,1,1594990590
1876,115,1,1613125646
1877,537,1,1595283707
1877,381,1,1597222922
1877,166,1,1598784881
1877,612,1,1595255406
1877,1315,1,1629856931
1878,537,1,1592612233
1878,612,1,1587307992
1878,664,1,1597154697
1878,49,1,1572056392
1878,852,1,1571980320
1878,430,1,1565699482
1879,1316,1,1592283104
1879,178,1,1623732870
1879,1068,1,1594959261
1879,551,1,1587268718
1879,621,1,1615858891
1879,251,1,1599572303
1880,1149,1,1605333863
1880,1008,1,1620815671
1880,511,1,1630299932
1880,785,1,1613561561
1880,861,1,1616751388
1881,1149,1,1593365767
1881,494,1,1636702276
1881,1229,1,1625310361
1881,22,1,1636703115
1881,1244,1,1614676387
1881,765,1,1645352740
1882,1149,1,1593277573
1882,304,1,1623489356
1882,643,1,1618892106
1882,285,1,1589473778
1882,659,1,1601133984
1883,1004,1,1575740972
1883,558,1,1587814982
1883,1146,1,1578134702
1883,533,1,1566754563
1883,703,1,1566587273
1883,747,1,1575905067
1884,494,1,1636810832
1884,181,1,1638661854
1884,789,1,1637458394
1884,22,1,1637673984
1884,23,1,1642129501
1884,24,1,1641783525
1884,646,1,1642478636
1885,494,1,1636035982
1885,1317,1,1650552626
1885,757,1,1635088881
1885,22,1,1635685994
1885,659,1,1633423310
1886,494,1,1643647607
1886,910,1,1594638704
1886,277,1,1603875996
1886,308,1,1630915069
1886,761,1,1631975834
1887,494,1,1637924512
1887,577,1,1637837341
1887,50,1,1631939881
1887,209,1,1636856059
1887,58,1,1635600110
1888,494,1,1635936609
1888,161,1,1629399569
1888,505,1,1629130231
1888,126,1,1572691231
1888,338,1,1563814134
1889,494,1,1637141377
1889,170,1,1635907692
1889,131,1,1638696743
1889,132,1,1640685440
1889,207,1,1630198043
1890,494,1,1636123604
1890,210,1,1632403928
1890,58,1,1636118131
1890,74,1,1634984380
1890,128,1,1617616639
1891,494,1,1651424896
1891,28,1,1634992825
1891,14,1,1635164830
1891,612,1,1612287246
1891,109,1,1636456282
1892,494,1,1636257340
1892,50,1,1633776276
1892,25,1,1632222642
1892,22,1,1636257411
1892,27,1,1632138757
1893,494,1,1645242021
1893,718,1,1645239596
1893,294,1,1639192210
1893,807,1,1640235144
1893,1318,1,1642815896
1894,494,1,1636717709
1894,1051,1,1631334844
1894,1153,1,1642242474
1894,982,1,1629202755
1894,24,1,1641820280
1895,494,1,1636198336
1895,484,1,1644154714
1895,171,1,1633489460
1895,833,1,1620008703
1895,777,1,1640951321
1895,589,1,1642072109
1896,494,1,1637456403
1896,98,1,1636171836
1896,474,1,1628901994
1896,52,1,1633309789
1896,266,1,1624857947
1896,688,1,1630148399
1896,683,1,1645931731
1897,494,1,1635917556
1897,718,1,1606385345
1897,22,1,1635917415
1897,473,1,1631086023
1897,761,1,1630902700
1898,494,1,1635781311
1898,1319,1,1631626996
1898,1320,1,1626587444
1898,881,1,1625370162
1898,243,1,1636176875
1899,494,1,1635762318
1899,50,1,1631937454
1899,243,1,1636172595
1899,58,1,1634102175
1899,473,1,1629633898
1900,440,1,1630256280
1900,177,1,1626628716
1900,353,1,1633007479
1900,474,1,1628702499
1900,270,1,1626771569
1900,146,1,1629539651
1900,573,1,1634925630
1900,1044,1,1625566480
1901,440,1,1631152741
1901,153,1,1635236708
1901,252,1,1631154768
1901,368,1,1630393908
1901,373,1,1632561166
1902,440,1,1631950417
1902,1306,1,1636797933
1902,849,1,1596714181
1902,751,1,1631430368
1902,110,1,1627394845
1903,440,1,1628765180
1903,176,1,1619695689
1903,685,1,1613970414
1903,251,1,1599653481
1903,692,1,1609579907
1903,274,1,1625915275
1904,440,1,1629036617
1904,178,1,1623503826
1904,426,1,1637393854
1904,252,1,1631168819
1904,368,1,1631715017
1905,440,1,1628773659
1905,176,1,1619769951
1905,178,1,1623543315
1905,252,1,1631113154
1905,368,1,1630164211
1906,440,1,1628765583
1906,425,1,1633965136
1906,274,1,1625913823
1906,252,1,1631106224
1906,368,1,1630150427
1907,440,1,1628760834
1907,857,1,1644508291
1907,116,1,1631096972
1907,851,1,1619284638
1907,948,1,1633601323
1907,133,1,1636215011
1908,366,1,1599375094
1908,497,1,1592415124
1908,136,1,1592462293
1908,1167,1,1594233032
1908,1321,1,1591905412
1909,366,1,1599305879
1909,480,1,1569820257
1909,236,1,1606555867
1909,1311,1,1612629019
1909,207,1,1605706834
1910,366,1,1599304081
1910,98,1,1635759372
1910,116,1,1631113349
1910,948,1,1634047695
1910,233,1,1600686229
1911,410,1,1579273451
1911,178,1,1623503343
1911,251,1,1599573403
1911,252,1,1631103972
1911,1199,1,1643201260
1912,410,1,1579401288
1912,178,1,1623552131
1912,431,1,1614910709
1912,934,1,1578923643
1912,251,1,1599579018
1912,368,1,1630401213
1913,176,1,1619699488
1913,304,1,1624022330
1913,67,1,1604211590
1913,236,1,1606572503
1913,274,1,1626094563
1914,176,1,1619699858
1914,178,1,1623572539
1914,431,1,1614866804
1914,426,1,1637379869
1914,252,1,1631287013
1915,176,1,1619783653
1915,224,1,1640855544
1915,178,1,1623582974
1915,85,1,1616425476
1915,628,1,1613984657
1915,653,1,1639726794
1916,176,1,1619705096
1916,1322,1,1643887257
1916,426,1,1637332210
1916,252,1,1631164582
1916,368,1,1630151139
1917,176,1,1619702452
1917,178,1,1623548083
1917,441,1,1607083340
1917,1323,1,1623549122
1917,274,1,1625917428
1917,252,1,1631105483
1917,833,1,1619949591
1918,213,1,1594841110
1918,663,1,1621451212
1918,935,1,1593625543
1918,1068,1,1595006405
1918,808,1,1584060700
1918,1195,1,1642310802
1918,589,1,1642490651
1919,1085,1,1609600615
1919,669,1,1589037890
1919,531,1,1587485737
1919,1277,1,1609651936
1919,863,1,1600009498
1920,1085,1,1609858597
1920,690,1,1584548667
1920,819,1,1612541686
1920,1052,1,1609695044
1920,848,1,1609693437
1921,962,1,1629705510
1921,1324,1,1633069910
1921,100,1,1630660649
1921,274,1,1628072757
1921,30,1,1626534143
1922,741,1,1643548314
1922,611,1,1631265468
1922,382,1,1631264801
1922,671,1,1630511035
1922,385,1,1631265274
1922,889,1,1630514119
1922,508,1,1632231023
1922,306,1,1630683190
1923,741,1,1584181696
1923,751,1,1629883496
1923,1310,1,1601193277
1923,1042,1,1620005292
1923,267,1,1623990136
1923,510,1,1630354130
1924,279,1,1636607701
1924,304,1,1623925225
1924,237,1,1608807050
1924,664,1,1595555880
1924,60,1,1620957644
1925,279,1,1633679354
1925,1325,1,1633700509
1925,196,1,1633954803
1925,1326,1,1631977096
1925,653,1,1638627599
1926,279,1,1637661474
1926,95,1,1605521903
1926,710,1,1633077764
1926,14,1,1635155152
1926,643,1,1618828785
1927,279,1,1588852824
1927,54,1,1589973942
1927,320,1,1586339702
1927,345,1,1587288100
1927,662,1,1586173908
1927,372,1,1590921026
1928,279,1,1588846919
1928,558,1,1587722115
1928,332,1,1602582967
1928,1236,1,1638500539
1928,324,1,1613384022
1928,643,1,1618824975
1928,256,1,1642742570
1928,221,1,1579606841
1929,279,1,1588849520
1929,263,1,1580563198
1929,225,1,1612596651
1929,39,1,1600100949
1929,286,1,1574849075
1929,221,1,1579622563
1930,105,1,1606221989
1930,170,1,1635824075
1930,160,1,1592044927
1930,430,1,1607659964
1930,282,1,1571996573
1931,105,1,1604428387
1931,690,1,1583165178
1931,1327,1,1590786825
1931,214,1,1633097692
1931,638,1,1583166971
1932,105,1,1604318103
1932,228,1,1581461844
1932,655,1,1574582172
1932,90,1,1626577260
1932,109,1,1636462253
1932,278,1,1573390170
1932,134,1,1621597276
1933,54,1,1590127628
1933,147,1,1628067355
1933,607,1,1630659405
1933,847,1,1585758380
1933,277,1,1557045192
1933,338,1,1552214233
1934,54,1,1589970497
1934,466,1,1613400456
1934,288,1,1596423305
1934,1123,1,1593087438
1934,289,1,1614614091
1934,372,1,1590937465
1934,291,1,1612283497
1935,54,1,1589986101
1935,531,1,1587484615
1935,336,1,1564220192
1935,350,1,1588532659
1935,27,1,1618835844
1936,54,1,1589970065
1936,1273,1,1592317072
1936,651,1,1590744407
1936,401,1,1590148933
1936,253,1,1592137419
1937,750,1,1648359184
1937,684,1,1625550158
1937,232,1,1625655867
1937,463,1,1641986192
1937,503,1,1634452179
1938,611,1,1626255013
1938,1060,1,1636883617
1938,598,1,1638526507
1938,77,1,1627907610
1938,1328,1,1628098945
1939,611,1,1618833152
1939,722,1,1619001628
1939,756,1,1644150504
1939,899,1,1619428254
1939,118,1,1634995097
1939,730,1,1619429883
1939,719,1,1618828483
1939,898,1,1629013645
1940,390,1,1625662350
1940,114,1,1614345166
1940,692,1,1609842339
1940,802,1,1609431718
1940,386,1,1629953476
1941,1174,1,1536663203
1941,364,1,1548162105
1941,674,1,1575715875
1941,862,1,1589468826
1941,1065,1,1572348016
1942,572,1,1607852704
1942,1267,1,1628262174
1942,719,1,1618057557
1942,160,1,1587465810
1942,336,1,1564227445
1942,510,1,1630496256
1943,486,1,1647756916
1943,1329,1,1597505546
1943,1330,1,1634825199
1943,465,1,1623651703
1943,252,1,1631117028
1944,1331,1,1631438836
1944,1051,1,1632539293
1944,1231,1,1629947277
1944,951,1,1629952158
1944,1301,1,1632552991
1945,260,1,1629865403
1945,51,1,1649311226
1945,90,1,1628141501
1945,720,1,1629004968
1945,972,1,1600784151
1946,1047,1,1649083912
1946,515,1,1625212714
1946,807,1,1609824952
1946,621,1,1625591483
1946,126,1,1609822468
1946,335,1,1643047549
1946,150,1,1616564135
1947,1047,1,1630398869
1947,949,1,1631078830
1947,987,1,1642332316
1947,1332,1,1630583425
1947,1300,1,1626201982
1948,1047,1,1603443158
1948,1192,1,1641441602
1948,425,1,1641717914
1948,515,1,1589383542
1948,675,1,1641717607
1949,1047,1,1603363925
1949,342,1,1532083030
1949,515,1,1589367385
1949,418,1,1629300079
1949,858,1,1599754411
1950,1047,1,1603296059
1950,652,1,1587663775
1950,1330,1,1634820018
1950,515,1,1589456016
1950,743,1,1608877722
1950,971,1,1587627436
1951,1047,1,1603283213
1951,911,1,1621165684
1951,418,1,1629098693
1951,186,1,1641290554
1951,1003,1,1590158932
1952,1047,1,1605197093
1952,309,1,1559935725
1952,1060,1,1636635532
1952,100,1,1641627216
1952,243,1,1637756590
1952,1082,1,1599207578
1952,1211,1,1642258408
1953,1047,1,1603286603
1953,274,1,1625931595
1953,437,1,1620901371
1953,101,1,1629364213
1953,482,1,1597245535
1954,341,1,1635070426
1954,11,1,1637555676
1954,82,1,1634385693
1954,795,1,1634052441
1954,612,1,1623984297
1954,39,1,1637556846
1955,341,1,1620745005
1955,55,1,1637048965
1955,90,1,1626593061
1955,7,1,1643971996
1955,4,1,1608119329
1956,341,1,1620725521
1956,740,1,1608642782
1956,851,1,1619259186
1956,147,1,1628079899
1956,198,1,1632368789
1956,163,1,1608985319
1956,521,1,1639543163
1957,341,1,1620747949
1957,284,1,1602077009
1957,60,1,1620916902
1957,17,1,1640532123
1957,115,1,1613120116
1958,341,1,1620734467
1958,76,1,1633019108
1958,198,1,1632220699
1958,1092,1,1630505908
1958,1056,1,1644158857
1958,127,1,1573306721
1958,128,1,1567772762
1959,341,1,1620726344
1959,93,1,1632541281
1959,110,1,1627378043
1959,253,1,1591959973
1959,675,1,1636515243
1960,480,1,1613733060
1960,116,1,1646650441
1960,707,1,1589725458
1960,262,1,1638097068
1960,1322,1,1643861233
1960,289,1,1642250489
1960,17,1,1646229592
1961,480,1,1588007988
1961,404,1,1640269168
1961,1333,1,1637504948
1961,60,1,1620909128
1961,39,1,1600112342
1962,480,1,1585406219
1962,364,1,1594436256
1962,1037,1,1593070988
1962,1310,1,1593072094
1962,1238,1,1586176096
1963,480,1,1619508037
1963,144,1,1621440808
1963,1248,1,1619192909
1963,1064,1,1605464503
1963,233,1,1619153225
1964,1334,1,1582443953
1964,860,1,1587050978
1964,531,1,1587513486
1964,850,1,1584061447
1964,862,1,1589463415
1965,1334,1,1629343267
1965,1335,1,1643039292
1965,66,1,1645180974
1965,362,1,1612336893
1965,256,1,1644645346
1966,1126,1,1630333294
1966,1225,1,1638022779
1966,466,1,1613290984
1966,561,1,1614687393
1966,291,1,1612062164
1967,1225,1,1638105892
1967,484,1,1644154833
1967,1204,1,1642887609
1967,460,1,1623427968
1967,214,1,1634144399
1968,823,1,1566119480
1968,533,1,1566469652
1968,9,1,1612095174
1968,125,1,1561048629
1968,1156,1,1589473722
1969,1273,1,1538649816
1969,634,1,1637316906
1969,641,1,1570955470
1969,710,1,1633352803
1969,636,1,1570874434
1970,691,1,1539443817
1970,1255,1,1486037293
1970,285,1,1589553431
1970,430,1,1565327011
1970,1336,1,1495971355
1971,930,1,1652000997
1971,191,1,1637518036
1971,1185,1,1637403993
1971,929,1,1643435083
1971,502,1,1642349133
1971,1211,1,1642147462
1972,930,1,1648892065
1972,1236,1,1638508521
1972,1337,1,1642873746
1972,418,1,1640981646
1972,559,1,1645118045
1972,1199,1,1643082238
1972,696,1,1642181133
1972,31,1,1643107249
1973,507,1,1637422104
1973,76,1,1633085401
1973,356,1,1608313408
1973,53,1,1631798615
1973,1275,1,1636858269
1973,13,1,1607101754
1974,507,1,1635825892
1974,417,1,1624341777
1974,418,1,1629092726
1974,928,1,1628832619
1974,171,1,1631528140
1975,507,1,1635824723
1975,540,1,1632561003
1975,830,1,1631702237
1975,459,1,1632225005
1975,257,1,1634539129
1976,224,1,1641212746
1976,67,1,1648212167
1976,522,1,1644047616
1976,190,1,1635431905
1976,559,1,1645171837
1977,554,1,1617639281
1977,776,1,1617294473
1977,210,1,1629483522
1977,450,1,1587488861
1977,206,1,1605801241
1977,1164,1,1587829628
1978,327,1,1636871255
1978,1338,1,1628994139
1978,339,1,1631362264
1978,761,1,1630233631
1978,510,1,1630319636
1979,327,1,1644833113
1979,729,1,1630307575
1979,1339,1,1627953773
1979,1115,1,1642998455
1979,897,1,1628062321
1980,327,1,1637496241
1980,181,1,1638201991
1980,301,1,1640621565
1980,113,1,1635502825
1980,250,1,1642902356
1980,114,1,1637769432
1981,327,1,1637333922
1981,7,1,1643988207
1981,9,1,1612101635
1981,461,1,1636041672
1981,467,1,1638541823
1982,327,1,1636804089
1982,29,1,1630819488
1982,38,1,1638609659
1982,527,1,1638007806
1982,1199,1,1643158892
1983,327,1,1636803626
1983,90,1,1626441328
1983,46,1,1609482386
1983,731,1,1603511401
1983,134,1,1621589765
1984,193,1,1631454994
1984,1094,1,1607240580
1984,1294,1,1644074183
1984,195,1,1642945028
1984,1054,1,1644378148
1984,488,1,1609154821
1984,156,1,1632150965
1985,193,1,1639235162
1985,1090,1,1637626767
1985,820,1,1629943508
1985,1340,1,1637910645
1985,1339,1,1637727669
1985,1152,1,1637714945
1986,193,1,1621243156
1986,911,1,1623524310
1986,89,1,1614947406
1986,845,1,1626099007
1986,951,1,1598552767
1987,1298,1,1621168963
1987,689,1,1596626510
1987,170,1,1635939224
1987,249,1,1615357512
1987,87,1,1614508834
1988,1113,1,1619450348
1988,168,1,1643253822
1988,483,1,1641224108
1988,188,1,1642887268
1988,1324,1,1633131763
1989,1113,1,1620815909
1989,1114,1,1619785814
1989,1038,1,1597481927
1989,336,1,1568368238
1989,338,1,1552228837
1990,829,1,1653191020
1990,113,1,1625990841
1990,1044,1,1626313391
1990,1130,1,1628396794
1990,274,1,1628831084
1991,829,1,1626870028
1991,1026,1,1614761450
1991,743,1,1617331616
1991,561,1,1614843088
1991,275,1,1614740361
1992,673,1,1626265514
1992,797,1,1635326266
1992,1192,1,1635650343
1992,90,1,1626442690
1992,1147,1,1638848942
1992,675,1,1636520446
1993,673,1,1577612340
1993,177,1,1622028585
1993,178,1,1623662961
1993,144,1,1617240189
1993,98,1,1635757639
1993,431,1,1614771168
1994,1188,1,1612800458
1994,630,1,1627129192
1994,14,1,1636625191
1994,795,1,1614697674
1994,692,1,1615201008
1995,1188,1,1624777798
1995,89,1,1619674916
1995,1040,1,1624778921
1995,711,1,1624778507
1995,1041,1,1623493805
1996,1008,1,1634105670
1996,360,1,1644515894
1996,685,1,1642318063
1996,71,1,1633438086
1996,904,1,1633925837
1997,177,1,1622434604
1997,997,1,1624604718
1997,1170,1,1628877753
1997,1229,1,1625537023
1997,845,1,1626337867
1997,1092,1,1631374245
1997,1341,1,1627646770
1998,177,1,1625058174
1998,1131,1,1639409684
1998,665,1,1631075866
1998,1018,1,1644599670
1998,128,1,1609389441
1999,177,1,1622044128
1999,663,1,1621048023
1999,64,1,1642583141
1999,115,1,1613307260
1999,31,1,1642997781
2000,177,1,1642852924
2000,406,1,1587283113
2000,441,1,1650475188
2000,621,1,1642092966
2000,274,1,1627804161
2001,177,1,1622027397
2001,146,1,1629619733
2001,198,1,1632226804
2001,295,1,1631439269
2001,171,1,1631355494
2002,177,1,1624349154
2002,98,1,1635758316
2002,948,1,1633787227
2002,146,1,1629544930
2002,542,1,1632906609
2003,177,1,1622029421
2003,98,1,1635757508
2003,353,1,1632647923
2003,474,1,1628675936
2003,146,1,1629545061
2004,740,1,1627896938
2004,135,1,1639907974
2004,857,1,1644315094
2004,607,1,1630810601
2004,642,1,1642855839
2005,740,1,1626869513
2005,465,1,1623668189
2005,377,1,1601296736
2005,294,1,1618835334
2005,310,1,1612705317
2005,39,1,1637492813
2006,740,1,1624717423
2006,1114,1,1620228250
2006,621,1,1617869117
2006,426,1,1637390695
2006,283,1,1620289933
2007,740,1,1621259298
2007,457,1,1622986692
2007,163,1,1621258574
2007,847,1,1629639523
2007,335,1,1633853351
2007,775,1,1621259881
2008,740,1,1608742048
2008,77,1,1607532602
2008,979,1,1580638631
2008,827,1,1577611799
2008,373,1,1568543580
2009,740,1,1608636669
2009,12,1,1598941452
2009,163,1,1609041709
2009,137,1,1605617183
2009,39,1,1600307154
2010,740,1,1608634618
2010,663,1,1621093142
2010,1229,1,1625399934
2010,665,1,1626020387
2010,521,1,1639483506
2011,346,1,1592050438
2011,684,1,1625548363
2011,182,1,1590811001
2011,882,1,1631702464
2011,692,1,1611119508
2011,644,1,1611127857
2012,346,1,1592092528
2012,1068,1,1594990704
2012,1288,1,1633699181
2012,1164,1,1587725760
2012,282,1,1558832636
2013,1202,1,1627560754
2013,313,1,1631009865
2013,581,1,1615228720
2013,830,1,1631702379
2013,932,1,1628851769
2014,313,1,1631038356
2014,483,1,1641216598
2014,607,1,1630684384
2014,170,1,1635770166
2014,1073,1,1632742297
2014,830,1,1631726277
2015,313,1,1631538375
2015,52,1,1631543052
2015,211,1,1637504027
2015,229,1,1632235885
2015,27,1,1631543454
2016,178,1,1623674877
2016,634,1,1637415665
2016,251,1,1599570961
2016,426,1,1637336566
2016,252,1,1631161200
2016,368,1,1630236478
2017,178,1,1623585850
2017,934,1,1580961301
2017,251,1,1599580216
2017,252,1,1631272613
2017,433,1,1607445165
2017,42,1,1615115091
2018,268,1,1633517826
2018,98,1,1635854797
2018,116,1,1633755150
2018,621,1,1643453912
2018,542,1,1633333375
2019,268,1,1631668540
2019,50,1,1632006550
2019,210,1,1632090497
2019,688,1,1632087756
2019,252,1,1632252920
2019,368,1,1632255051
2020,268,1,1631602250
2020,474,1,1629954543
2020,948,1,1633672833
2020,1092,1,1630399787
2020,15,1,1630392520
2021,268,1,1633014620
2021,462,1,1635246063
2021,1290,1,1642235862
2021,211,1,1637669405
2021,23,1,1642237913
2022,268,1,1648446355
2022,857,1,1645583536
2022,85,1,1613611464
2022,851,1,1620263658
2022,663,1,1623040004
2023,268,1,1636181725
2023,515,1,1634197875
2023,36,1,1633318294
2023,665,1,1632987155
2023,618,1,1635318045
2024,268,1,1651638629
2024,145,1,1645961721
2024,1192,1,1643882670
2024,146,1,1643894426
2024,665,1,1643978768
2025,268,1,1643021950
2025,1282,1,1596860405
2025,98,1,1642998113
2025,85,1,1617439675
2025,146,1,1643263361
2026,268,1,1632406840
2026,857,1,1644585039
2026,36,1,1633522851
2026,133,1,1636193994
2026,289,1,1637162855
2027,268,1,1631853266
2027,621,1,1616282870
2027,131,1,1638704443
2027,133,1,1636194974
2027,200,1,1567341180
2028,268,1,1632677458
2028,116,1,1632677040
2028,669,1,1622222186
2028,416,1,1633784726
2028,16,1,1639409344
2029,268,1,1631691645
2029,851,1,1619270895
2029,911,1,1621162513
2029,663,1,1620988887
2029,551,1,1617383611
2029,775,1,1616848020
2030,268,1,1631025077
2030,857,1,1644332081
2030,145,1,1643522405
2030,146,1,1629562084
2030,621,1,1615816132
2031,268,1,1630938393
2031,116,1,1631106406
2031,55,1,1637038796
2031,850,1,1585659379
2031,137,1,1600497805
2031,542,1,1632908572
2032,268,1,1630902854
2032,546,1,1638939910
2032,1342,1,1644126243
2032,540,1,1632546424
2032,131,1,1638775343
2033,268,1,1630866897
2033,353,1,1632683774
2033,948,1,1633639547
2033,345,1,1587232957
2033,33,1,1635703970
2033,198,1,1632244239
2033,38,1,1638646356
2033,233,1,1600707522
2033,542,1,1632948770
2033,30,1,1626389139
2034,268,1,1630860716
2034,720,1,1628918402
2034,403,1,1583856868
2034,46,1,1609472651
2034,155,1,1563905457
2035,268,1,1630858017
2035,144,1,1617437125
2035,116,1,1631096101
2035,353,1,1632667664
2035,542,1,1632917160
2036,268,1,1630854740
2036,98,1,1635867565
2036,116,1,1631159039
2036,353,1,1632664901
2036,474,1,1628682812
2036,948,1,1633667086
2036,146,1,1629561657
2037,268,1,1630851164
2037,116,1,1631100984
2037,353,1,1632793340
2037,948,1,1633749104
2037,146,1,1629551069
2037,542,1,1632924541
2038,268,1,1630850088
2038,98,1,1635757464
2038,116,1,1631096806
2038,353,1,1632659763
2038,542,1,1632907518
2039,268,1,1630840107
2039,857,1,1644331755
2039,98,1,1635848184
2039,353,1,1633258498
2039,542,1,1633257101
2040,268,1,1630834633
2040,145,1,1643542715
2040,270,1,1614922525
2040,146,1,1629538587
2040,775,1,1616848697
2041,268,1,1630834315
2041,474,1,1628676199
2041,146,1,1629536865
2041,147,1,1628068086
2041,254,1,1640181836
2042,268,1,1630833408
2042,353,1,1632662275
2042,948,1,1633711592
2042,542,1,1632929675
2042,445,1,1631795147
2043,268,1,1630833147
2043,98,1,1635764906
2043,474,1,1628680255
2043,146,1,1629537422
2043,445,1,1631805126
2044,268,1,1630832774
2044,948,1,1633607444
2044,146,1,1629536928
2044,131,1,1638695178
2044,133,1,1636191424
2045,268,1,1630832752
2045,98,1,1635860757
2045,116,1,1631112766
2045,381,1,1597366974
2045,795,1,1610547012
2046,268,1,1630832731
2046,98,1,1635758042
2046,630,1,1611050333
2046,370,1,1580993456
2046,692,1,1609653520
2046,542,1,1633081492
2046,672,1,1606559087
2046,111,1,1605951244
2047,1094,1,1550907013
2047,153,1,1613623334
2047,1343,1,1643544978
2047,939,1,1628572869
2047,1344,1,1587918199
2048,287,1,1650027199
2048,67,1,1652161805
2048,768,1,1644851534
2048,100,1,1644851917
2048,1256,1,1644835899
2049,287,1,1649905848
2049,466,1,1649126859
2049,567,1,1649152270
2049,288,1,1649079001
2049,580,1,1650679627
2050,287,1,1642822146
2050,511,1,1632202240
2050,462,1,1642821705
2050,21,1,1642779034
2050,1019,1,1632203059
2051,287,1,1638787708
2051,504,1,1647190061
2051,511,1,1638074312
2051,209,1,1636626032
2051,362,1,1637916701
2051,1295,1,1647190657
2052,287,1,1644976735
2052,1009,1,1628740312
2052,22,1,1640862633
2052,289,1,1646042480
2052,372,1,1645784348
2052,765,1,1646139276
2053,287,1,1642207226
2053,511,1,1640167767
2053,785,1,1640168159
2053,1345,1,1640868653
2053,1005,1,1640168533
2053,20,1,1641179141
2053,618,1,1642314688
2053,23,1,1641696233
2054,287,1,1612750222
2054,466,1,1613295961
2054,288,1,1595675552
2054,527,1,1638007889
2054,1123,1,1593821259
2054,289,1,1614488465
2054,427,1,1646654095
2054,291,1,1612062598
2055,287,1,1623329323
2055,674,1,1604989120
2055,243,1,1636302833
2055,78,1,1595387370
2055,290,1,1607962923
2056,287,1,1612780917
2056,466,1,1613291995
2056,1123,1,1611189997
2056,289,1,1614481399
2056,291,1,1612066944
2057,287,1,1612708272
2057,466,1,1613292575
2057,527,1,1638007932
2057,289,1,1614522523
2057,291,1,1612064188
2058,287,1,1612703922
2058,50,1,1646504299
2058,466,1,1613322851
2058,626,1,1606820576
2058,291,1,1612075201
2059,287,1,1613126995
2059,466,1,1613316783
2059,527,1,1638190926
2059,289,1,1614500522
2059,291,1,1612083011
2060,287,1,1612699383
2060,466,1,1613309544
2060,233,1,1600688141
2060,527,1,1638023475
2060,253,1,1591963154
2060,289,1,1614481785
2061,287,1,1612698092
2061,1120,1,1580618193
2061,1123,1,1593961718
2061,289,1,1615703924
2061,5,1,1642994400
2062,228,1,1584509459
2062,667,1,1599670753
2062,365,1,1596178684
2062,22,1,1646134004
2062,1275,1,1636884152
2063,452,1,1648570467
2063,250,1,1628085265
2063,457,1,1625322333
2063,137,1,1630217844
2063,373,1,1629390893
2064,999,1,1639461881
2064,546,1,1638967298
2064,457,1,1622975673
2064,64,1,1642597231
2064,822,1,1639376227
2065,1306,1,1636795843
2065,948,1,1633600748
2065,754,1,1628000813
2065,547,1,1630582094
2065,542,1,1632911588
2066,297,1,1623154358
2066,710,1,1633077884
2066,612,1,1624675315
2066,585,1,1588058945
2066,777,1,1640248777
2067,65,1,1600602417
2067,66,1,1611602898
2067,67,1,1615649208
2067,29,1,1630815342
2067,475,1,1592226176
2068,65,1,1601560374
2068,166,1,1598808513
2068,310,1,1600617308
2068,621,1,1615855736
2068,184,1,1601254759
2068,206,1,1605807521
2069,1282,1,1596731649
2069,577,1,1597485148
2069,1143,1,1564122506
2069,971,1,1587621693
2069,415,1,1599472375
2070,1282,1,1596473295
2070,98,1,1635759208
2070,465,1,1623578779
2070,744,1,1557752838
2070,1079,1,1630154821
2071,1057,1,1626273499
2071,483,1,1641340532
2071,546,1,1639005900
2071,607,1,1630756795
2071,64,1,1642732644
2071,1346,1,1609577562
2071,110,1,1628676981
2072,577,1,1597483806
2072,558,1,1587728421
2072,45,1,1579000668
2072,284,1,1602064507
2072,672,1,1606558832
2073,577,1,1597492692
2073,406,1,1565999409
2073,1048,1,1587491410
2073,242,1,1597901465
2073,357,1,1564404555
2074,787,1,1641355280
2074,749,1,1636281601
2074,1347,1,1644142192
2074,1279,1,1644147876
2074,131,1,1638795493
2075,1348,1,1640229809
2075,1317,1,1639797091
2075,1236,1,1638501964
2075,422,1,1637575459
2075,1099,1,1637676403
2076,359,1,1586258277
2076,1143,1,1564114965
2076,125,1,1561041147
2076,744,1,1560339034
2076,450,1,1587213369
2077,1190,1,1633078503
2077,729,1,1629026236
2077,1170,1,1629298065
2077,720,1,1629025831
2077,1232,1,1613972343
2078,191,1,1641624040
2078,790,1,1642637579
2078,505,1,1637836894
2078,439,1,1640697418
2078,427,1,1642906985
2078,765,1,1644414705
2079,191,1,1639294202
2079,186,1,1641529818
2079,467,1,1638539119
2079,1211,1,1642160024
2079,31,1,1643019724
2080,107,1,1603775132
2080,888,1,1597881563
2080,262,1,1617017848
2080,593,1,1582370849
2080,190,1,1615738127
2080,111,1,1605779641
2081,107,1,1642589874
2081,655,1,1638181961
2081,280,1,1644420131
2081,640,1,1638090902
2081,633,1,1637240782
2081,59,1,1641896574
2081,644,1,1636973419
2082,107,1,1604474134
2082,66,1,1610385806
2082,1349,1,1622110344
2082,626,1,1608529906
2082,465,1,1623846684
2082,83,1,1613476463
2083,529,1,1629199159
2083,626,1,1629199640
2083,465,1,1629110485
2083,53,1,1633242430
2083,214,1,1633236161
2084,529,1,1640685984
2084,166,1,1599216989
2084,626,1,1640685554
2084,190,1,1640851531
2084,362,1,1640781487
2084,214,1,1642421186
2084,131,1,1638965097
2084,833,1,1639733357
2085,529,1,1605865592
2085,626,1,1605689908
2085,4,1,1608119193
2085,234,1,1598620987
2085,672,1,1606553246
2086,529,1,1605973668
2086,62,1,1642061765
2086,684,1,1625552308
2086,626,1,1605704396
2086,710,1,1633079979
2086,465,1,1623573096
2086,1293,1,1628860685
2087,529,1,1634185047
2087,62,1,1642062054
2087,51,1,1649161198
2087,190,1,1644953661
2087,38,1,1638615641
2088,406,1,1565917809
2088,345,1,1587383561
2088,126,1,1572353238
2088,672,1,1606645351
2088,155,1,1563891748
2089,404,1,1588478174
2089,639,1,1588473330
2089,280,1,1590827618
2089,248,1,1589131148
2089,841,1,1589190054
2090,404,1,1566633784
2090,640,1,1570273200
2090,657,1,1559141283
2090,278,1,1573515577
2090,336,1,1564239758
2090,363,1,1562352416
2091,135,1,1639481833
2091,130,1,1641050852
2091,9,1,1640793405
2091,542,1,1633998226
2091,133,1,1636190222
2092,135,1,1639728561
2092,431,1,1614778614
2092,948,1,1633683292
2092,426,1,1637417685
2092,252,1,1631110552
2092,368,1,1630172933
2093,135,1,1639573615
2093,685,1,1642831911
2093,90,1,1645169234
2093,594,1,1645168966
2093,24,1,1641787653
2094,135,1,1639484643
2094,304,1,1623507121
2094,184,1,1601141985
2094,251,1,1599578518
2094,151,1,1576773040
2095,135,1,1639479288
2095,630,1,1611068286
2095,916,1,1616168594
2095,101,1,1629380244
2095,207,1,1605800233
2096,135,1,1639477762
2096,174,1,1633965784
2096,1081,1,1620728421
2096,249,1,1570018961
2096,521,1,1639478631
2097,374,1,1623962667
2097,960,1,1605181423
2097,136,1,1580486065
2097,314,1,1581629061
2097,970,1,1584892878
2098,826,1,1631960617
2098,89,1,1615369650
2098,808,1,1632381018
2098,1040,1,1615206613
2098,131,1,1638854817
2099,826,1,1632008663
2099,759,1,1648223884
2099,1182,1,1602603296
2099,916,1,1616145122
2099,951,1,1627500039
2100,364,1,1548210075
2100,304,1,1624287814
2100,1330,1,1636348933
2100,1324,1,1633005344
2100,654,1,1567337517
2101,364,1,1548159437
2101,309,1,1556027781
2101,657,1,1559040318
2101,277,1,1556273621
2101,282,1,1558781565
2102,1350,1,1633091718
2102,1304,1,1642601986
2102,315,1,1643031126
2102,1351,1,1632596572
2102,1352,1,1633140799
2102,470,1,1624195643
2103,1350,1,1632228837
2103,336,1,1582872491
2103,1351,1,1632576209
2103,282,1,1582871561
2103,1352,1,1632915849
2103,470,1,1624187808
2104,1350,1,1632223826
2104,315,1,1643124497
2104,1351,1,1632587923
2104,1352,1,1632932623
2104,470,1,1624203209
2105,76,1,1633092710
2105,10,1,1636539263
2105,447,1,1644209946
2105,774,1,1643907053
2105,1353,1,1638544083
2106,76,1,1634215552
2106,288,1,1630914777
2106,966,1,1631369009
2106,747,1,1636246734
2106,24,1,1641823886
2106,1019,1,1630207202
2107,76,1,1634204165
2107,62,1,1642313320
2107,626,1,1613140320
2107,169,1,1642353185
2107,190,1,1615746159
2108,144,1,1626078181
2108,474,1,1628678044
2108,1354,1,1629693039
2108,146,1,1629540235
2108,274,1,1627826170
2109,144,1,1625664351
2109,10,1,1638267967
2109,665,1,1625491563
2109,171,1,1636022062
2109,133,1,1636199921
2110,144,1,1634917137
2110,183,1,1643647967
2110,913,1,1624934332
2110,1070,1,1595179396
2110,151,1,1613038345
2111,857,1,1645195049
2111,98,1,1635862885
2111,116,1,1631206286
2111,353,1,1632763355
2111,948,1,1633694482
2112,857,1,1644318409
2112,116,1,1631096227
2112,353,1,1632654930
2112,146,1,1629537687
2112,465,1,1623678218
2113,857,1,1644315852
2113,116,1,1631187695
2113,474,1,1628736963
2113,948,1,1633666489
2113,146,1,1629683942
2114,857,1,1644311744
2114,812,1,1635395133
2114,901,1,1632664430
2114,130,1,1641029545
2114,1196,1,1643968456
2114,1110,1,1643257664
2114,243,1,1636256065
2114,853,1,1612362815
2114,897,1,1627993213
2115,857,1,1644311582
2115,145,1,1643520536
2115,353,1,1632650079
2115,948,1,1633603181
2115,146,1,1629537309
2115,542,1,1632912940
2116,857,1,1644311359
2116,1355,1,1585415576
2116,370,1,1580989627
2116,1156,1,1589641771
2116,1244,1,1612281492
2117,98,1,1640772737
2117,52,1,1636882405
2117,1128,1,1632923068
2117,748,1,1632644272
2117,789,1,1633084434
2117,618,1,1635848821
2118,98,1,1635848982
2118,332,1,1603896610
2118,86,1,1615026524
2118,625,1,1597074003
2118,643,1,1618825061
2119,98,1,1635865685
2119,353,1,1632673337
2119,948,1,1633826450
2119,542,1,1632932549
2119,131,1,1638719069
2119,132,1,1640791942
2120,98,1,1635774586
2120,116,1,1631109962
2120,948,1,1633618656
2120,770,1,1640008943
2120,542,1,1632926559
2121,98,1,1635766620
2121,546,1,1638867875
2121,147,1,1628069145
2121,15,1,1635164801
2121,132,1,1640684610
2122,98,1,1635758616
2122,117,1,1583330700
2122,497,1,1572616480
2122,345,1,1587204516
2122,654,1,1567328536
2122,126,1,1572349468
2123,116,1,1632811388
2123,549,1,1636714224
2123,335,1,1632730827
2123,171,1,1632729746
2123,1052,1,1623997702
2124,116,1,1631452712
2124,1199,1,1643190186
2124,502,1,1642304221
2124,283,1,1619527069
2124,1211,1,1642168972
2125,116,1,1631097835
2125,474,1,1628676618
2125,122,1,1582104674
2125,233,1,1600687253
2125,542,1,1632921550
2126,116,1,1631096777
2126,353,1,1632647722
2126,248,1,1582544098
2126,285,1,1589470574
2126,1065,1,1592838795
2127,116,1,1631096640
2127,80,1,1629882334
2127,146,1,1629537074
2127,26,1,1627118898
2127,15,1,1629625309
2127,74,1,1631420026
2127,510,1,1630314666
2128,116,1,1631112981
2128,353,1,1632719037
2128,474,1,1628681753
2128,146,1,1629539418
2128,15,1,1629625875
2129,116,1,1631098776
2129,474,1,1628675751
2129,948,1,1633600735
2129,132,1,1640686295
2129,133,1,1636191502
2130,116,1,1631098005
2130,219,1,1591536720
2130,474,1,1628680945
2130,1167,1,1586746123
2130,542,1,1632991026
2131,116,1,1631095995
2131,162,1,1634810990
2131,71,1,1631264532
2131,14,1,1635154265
2131,335,1,1631177505
2132,729,1,1598866753
2132,62,1,1642061698
2132,28,1,1634992754
2132,502,1,1642306719
2132,5,1,1641658235
2132,1211,1,1642068122
2133,729,1,1600278593
2133,62,1,1642062140
2133,1356,1,1591958094
2133,830,1,1631700944
2133,214,1,1632648095
2134,669,1,1590070642
2134,89,1,1616319479
2134,175,1,1608736895
2134,975,1,1629815805
2134,698,1,1617806766
2134,847,1,1585907741
2135,669,1,1589029071
2135,860,1,1587044206
2135,1136,1,1594468901
2135,531,1,1587513033
2135,698,1,1588759305
2135,863,1,1589113823
2135,862,1,1589462985
2136,669,1,1589015829
2136,717,1,1591589980
2136,860,1,1587043283
2136,1136,1,1594468078
2136,847,1,1585756177
2137,536,1,1615721007
2137,189,1,1629867288
2137,607,1,1630672536
2137,130,1,1641046526
2137,1138,1,1644227755
2138,1033,1,1607936360
2138,831,1,1623502488
2138,425,1,1633909994
2138,463,1,1643884195
2138,283,1,1619176965
2139,352,1,1634479963
2139,219,1,1564720000
2139,1357,1,1640273576
2139,277,1,1573191710
2139,15,1,1631077627
2140,174,1,1634459349
2140,14,1,1635156177
2140,808,1,1632563481
2140,243,1,1636201163
2140,552,1,1631438230
2141,381,1,1597397228
2141,632,1,1598436117
2141,226,1,1619955032
2141,234,1,1598680519
2141,659,1,1601731718
2142,381,1,1597250295
2142,166,1,1598891369
2142,620,1,1595866562
2142,607,1,1630771328
2142,1034,1,1644119806
2143,381,1,1597642098
2143,320,1,1586607308
2143,242,1,1595422747
2143,285,1,1589540193
2143,662,1,1586680761
2144,381,1,1597219616
2144,166,1,1598785692
2144,33,1,1635653021
2144,225,1,1612595895
2144,540,1,1632542340
2145,381,1,1597332743
2145,220,1,1562859863
2145,533,1,1566469575
2145,428,1,1562147853
2145,281,1,1566470487
2146,381,1,1597233317
2146,441,1,1607077042
2146,66,1,1609152344
2146,777,1,1640256477
2146,156,1,1631959391
2147,323,1,1561204280
2147,1170,1,1628843117
2147,652,1,1588606906
2147,879,1,1601216499
2147,233,1,1602138192
2148,903,1,1629881832
2148,1258,1,1630686831
2148,25,1,1630121354
2148,817,1,1628777397
2148,751,1,1630136761
2148,763,1,1630144621
2149,903,1,1575204146
2149,432,1,1559296077
2149,624,1,1564561165
2149,430,1,1564738909
2149,5,1,1641969077
2150,1048,1,1596893994
2150,232,1,1626496628
2150,788,1,1624036703
2150,607,1,1630680253
2150,989,1,1623850238
2151,441,1,1607084138
2151,1100,1,1614430043
2151,298,1,1610105393
2151,484,1,1644141006
2151,916,1,1616156230
2152,441,1,1607113990
2152,1212,1,1643358231
2152,456,1,1641746494
2152,169,1,1642492748
2152,460,1,1623497143
2152,540,1,1640246557
2152,163,1,1609036947
2152,243,1,1636443498
2152,473,1,1631095262
2153,441,1,1625146875
2153,1337,1,1626154243
2153,1021,1,1628399397
2153,190,1,1627062315
2153,267,1,1625114179
2154,441,1,1607080975
2154,321,1,1602819857
2154,242,1,1595330245
2154,150,1,1615057173
2154,833,1,1619973659
2154,156,1,1632397775
2154,989,1,1623864326
2155,441,1,1607069505
2155,835,1,1601875259
2155,284,1,1602205670
2155,264,1,1617856691
2155,833,1,1619943844
2156,10,1,1637333866
2156,705,1,1653309897
2156,52,1,1631718166
2156,29,1,1632149400
2156,1131,1,1632225342
2156,324,1,1630573949
2156,38,1,1638954206
2157,10,1,1638008981
2157,948,1,1637145022
2157,146,1,1637493812
2157,456,1,1641903533
2157,38,1,1638716982
2157,542,1,1637321232
2158,10,1,1642585801
2158,51,1,1647560564
2158,33,1,1642586175
2158,456,1,1642515585
2158,169,1,1643465961
2159,10,1,1636554487
2159,1112,1,1563258245
2159,457,1,1622983649
2159,38,1,1638629737
2159,60,1,1636129090
2159,39,1,1599976908
2160,10,1,1636554348
2160,570,1,1641205254
2160,931,1,1642597834
2160,1199,1,1643101809
2160,502,1,1642321888
2160,16,1,1638610024
2160,777,1,1640337299
2161,10,1,1636536030
2161,62,1,1642062848
2161,33,1,1635657489
2161,14,1,1635157285
2161,13,1,1640001118
2162,66,1,1610508775
2162,136,1,1579949100
2162,1092,1,1630414650
2162,1167,1,1579947956
2162,1134,1,1641473075
2162,683,1,1645354819
2163,66,1,1638338024
2163,264,1,1617266960
2163,169,1,1642427095
2163,540,1,1636380680
2163,38,1,1638703786
2164,66,1,1609167836
2164,307,1,1572349550
2164,475,1,1592134010
2164,508,1,1621913749
2164,363,1,1562337705
2165,44,1,1571107961
2165,631,1,1605503311
2165,332,1,1604542283
2165,1064,1,1571400150
2165,699,1,1634393282
2166,44,1,1582522785
2166,679,1,1584589521
2166,324,1,1613741731
2166,338,1,1584970810
2166,638,1,1583931540
2167,44,1,1568463018
2167,639,1,1570187216
2167,640,1,1570278786
2167,428,1,1562163211
2167,249,1,1570027214
2168,689,1,1595480208
2168,839,1,1585159617
2168,558,1,1587721975
2168,263,1,1585493681
2168,865,1,1585245308
2169,320,1,1643593516
2169,181,1,1629972025
2169,594,1,1615811826
2169,123,1,1615812512
2169,349,1,1643551100
2169,644,1,1624967248
2169,1358,1,1645103795
2170,320,1,1586339284
2170,652,1,1587660144
2170,342,1,1530708128
2170,1359,1,1528770043
2170,110,1,1627376899
2171,497,1,1589290056
2171,353,1,1649307266
2171,474,1,1650701223
2171,270,1,1655311634
2171,275,1,1591282006
2172,497,1,1572608542
2172,168,1,1641989793
2172,1283,1,1635210983
2172,415,1,1599131711
2172,78,1,1595335296
2173,304,1,1623606150
2173,1258,1,1626587478
2173,348,1,1574442806
2173,484,1,1644171018
2173,683,1,1644560955
2174,304,1,1623761779
2174,62,1,1642791874
2174,888,1,1611923345
2174,332,1,1602771251
2174,100,1,1632739108
2174,190,1,1624034000
2174,126,1,1617340080
2175,304,1,1623710829
2175,631,1,1606556569
2175,89,1,1614762578
2175,594,1,1615263909
2175,371,1,1613755337
2175,646,1,1608641168
2176,831,1,1629129265
2176,125,1,1629041937
2176,744,1,1629128887
2176,1360,1,1644678738
2176,151,1,1627286988
2177,831,1,1623501765
2177,1230,1,1653133535
2177,90,1,1626534604
2177,1361,1,1644238567
2177,111,1,1605785673
2178,85,1,1613506268
2178,1362,1,1605723688
2178,551,1,1593101130
2178,523,1,1614359512
2178,521,1,1639511584
2179,85,1,1613529403
2179,851,1,1619443651
2179,146,1,1629608985
2179,140,1,1611145999
2179,87,1,1615212622
2180,85,1,1613919027
2180,1363,1,1538132975
2180,1102,1,1632494105
2180,87,1,1614253001
2180,416,1,1633774713
2181,851,1,1619361144
2181,812,1,1635344888
2181,663,1,1621013430
2181,521,1,1639499664
2181,254,1,1640262760
2182,851,1,1619431478
2182,147,1,1628154237
2182,1143,1,1564153273
2182,743,1,1608824971
2182,137,1,1600486881
2183,851,1,1619610653
2183,845,1,1627471582
2183,947,1,1607298175
2183,221,1,1580058010
2183,128,1,1576512554
2184,851,1,1619440349
2184,911,1,1621160255
2184,663,1,1621160507
2184,155,1,1615909772
2184,775,1,1616938234
2185,851,1,1619281713
2185,911,1,1621173079
2185,264,1,1617115942
2185,1325,1,1624985841
2185,60,1,1620919541
2185,1035,1,1621318075
2186,851,1,1619275933
2186,551,1,1587268037
2186,64,1,1642591992
2186,126,1,1572347078
2186,155,1,1563895502
2187,630,1,1611055630
2187,685,1,1612682403
2187,288,1,1595646237
2187,845,1,1626018357
2187,552,1,1612623098
2187,290,1,1595071927
2188,630,1,1611049147
2188,651,1,1582986861
2188,14,1,1635158586
2188,324,1,1613383730
2188,594,1,1615033654
2189,630,1,1611048736
2189,460,1,1624678674
2189,324,1,1613382723
2189,594,1,1615024819
2189,552,1,1612605442
2190,630,1,1611048654
2190,1192,1,1635649536
2190,425,1,1633870405
2190,1147,1,1638855781
2190,521,1,1639477885
2190,645,1,1568116332
2191,630,1,1611281609
2191,284,1,1611726536
2191,580,1,1631416777
2191,461,1,1629023702
2191,643,1,1627463423
2192,630,1,1611067449
2192,466,1,1613301769
2192,527,1,1638058408
2192,289,1,1614483080
2192,644,1,1611135402
2193,630,1,1611049167
2193,250,1,1597840152
2193,150,1,1615026038
2193,672,1,1606553135
2193,488,1,1609322929
2194,1201,1,1534511875
2194,275,1,1581325883
2194,192,1,1594986384
2194,433,1,1607523692
2194,482,1,1597239275
2195,938,1,1629458708
2195,1106,1,1640941731
2195,928,1,1629187327
2195,110,1,1629165572
2195,777,1,1642509828
2196,718,1,1610560147
2196,62,1,1643043843
2196,181,1,1630075553
2196,209,1,1636632386
2196,505,1,1629258675
2197,718,1,1606401777
2197,332,1,1602696757
2197,25,1,1611745995
2197,551,1,1611052816
2197,589,1,1642036790
2198,718,1,1606661658
2198,1364,1,1624109408
2198,1171,1,1624024948
2198,38,1,1638714432
2198,939,1,1624110202
2199,718,1,1606401940
2199,25,1,1602350396
2199,506,1,1614178997
2199,1152,1,1616941059
2199,134,1,1621608375
2200,677,1,1653818863
2200,326,1,1632291473
2200,970,1,1554570019
2200,1199,1,1643538768
2200,111,1,1632292004
2201,997,1,1638542659
2201,465,1,1641048530
2201,158,1,1641463918
2201,612,1,1644478413
2201,660,1,1638542248
2202,997,1,1622981533
2202,1365,1,1642866563
2202,830,1,1631703822
2202,201,1,1627657558
2202,308,1,1632144209
2203,458,1,1645809271
2203,812,1,1635438297
2203,565,1,1576059566
2203,12,1,1582344369
2203,60,1,1620921691
2203,932,1,1628873148
2204,458,1,1645803126
2204,198,1,1632394967
2204,608,1,1636035565
2204,445,1,1631835968
2204,101,1,1629377841
2204,180,1,1616749880
2205,709,1,1650978508
2205,55,1,1638453706
2205,326,1,1632588610
2205,1147,1,1643042576
2205,329,1,1642020209
2206,709,1,1644983418
2206,1313,1,1652756092
2206,887,1,1615261646
2206,722,1,1618921386
2206,756,1,1643700503
2206,805,1,1615465055
2206,896,1,1615632738
2207,50,1,1631958848
2207,181,1,1629962920
2207,52,1,1633238997
2207,462,1,1636711121
2207,24,1,1643008867
2208,50,1,1631934991
2208,181,1,1629900416
2208,11,1,1625900954
2208,60,1,1621304130
2208,858,1,1598889079
2208,30,1,1627208003
2209,50,1,1633262275
2209,168,1,1642510800
2209,243,1,1636385090
2209,747,1,1633450651
2209,295,1,1632727998
2209,24,1,1641790297
2209,659,1,1601130488
2210,50,1,1632053811
2210,181,1,1629970398
2210,3,1,1643607256
2210,211,1,1636264427
2210,368,1,1630231719
2210,589,1,1642666214
2211,50,1,1633067810
2211,52,1,1632208245
2211,462,1,1635565786
2211,22,1,1635060148
2211,58,1,1634976906
2212,50,1,1644577120
2212,902,1,1643708321
2212,1014,1,1643720105
2212,74,1,1637315686
2212,1063,1,1632022203
2213,50,1,1631935425
2213,838,1,1607229884
2213,3,1,1643589777
2213,916,1,1616144804
2213,24,1,1641813062
2214,749,1,1636259872
2214,326,1,1630988730
2214,318,1,1627461543
2214,751,1,1629549228
2214,510,1,1630314736
2215,749,1,1636259578
2215,219,1,1555769453
2215,839,1,1553261336
2215,181,1,1629885157
2215,505,1,1629114535
2215,242,1,1595218173
2216,911,1,1621238719
2216,551,1,1600703855
2216,350,1,1623823716
2216,865,1,1569076102
2216,156,1,1632805873
2217,911,1,1621165099
2217,137,1,1600495103
2217,1032,1,1611723010
2217,644,1,1611140998
2217,111,1,1605843240
2218,911,1,1621164638
2218,474,1,1628688908
2218,147,1,1628070092
2218,295,1,1631438626
2218,15,1,1629627271
2218,932,1,1628849419
2218,775,1,1616839359
2219,663,1,1621011264
2219,236,1,1606666853
2219,122,1,1584450246
2219,659,1,1601191463
2219,111,1,1605796509
2220,570,1,1641286683
2220,130,1,1641059742
2220,931,1,1642622583
2220,1324,1,1633021955
2220,131,1,1638708687
2221,570,1,1641198643
2221,130,1,1641053594
2221,1045,1,1613005768
2221,131,1,1638702169
2221,132,1,1640713016
2221,133,1,1638528864
2222,1089,1,1645438104
2222,51,1,1647754614
2222,757,1,1637504799
2222,1062,1,1642645529
2222,897,1,1643794745
2223,309,1,1574770161
2223,707,1,1574148869
2223,520,1,1573361992
2223,278,1,1573635546
2223,363,1,1578473353
2224,309,1,1615465012
2224,533,1,1615643584
2224,307,1,1615894751
2224,520,1,1615463735
2224,535,1,1615467414
2224,363,1,1615638884
2225,309,1,1560913419
2225,298,1,1610038546
2225,363,1,1562332480
2225,282,1,1560435729
2225,357,1,1564411511
2226,309,1,1556101134
2226,593,1,1562679388
2226,28,1,1634996280
2226,321,1,1560553887
2226,87,1,1614162541
2227,309,1,1556021976
2227,285,1,1591188739
2227,15,1,1629627311
2227,508,1,1620986443
2227,932,1,1628847401
2228,631,1,1603618478
2228,532,1,1572607048
2228,655,1,1574424576
2228,280,1,1573655052
2228,641,1,1573220935
2229,631,1,1603772423
2229,852,1,1570107303
2229,672,1,1606654119
2229,111,1,1605782072
2229,646,1,1608638136
2230,839,1,1594029988
2230,45,1,1595393101
2230,535,1,1643790675
2230,20,1,1635063913
2230,751,1,1631439245
2230,26,1,1631439580
2230,672,1,1644390927
2231,839,1,1596445787
2231,307,1,1597211053
2231,633,1,1625981561
2231,618,1,1634994224
2231,732,1,1628048480
2232,1313,1,1652700730
2232,1196,1,1643965756
2232,756,1,1643638460
2232,1366,1,1643858097
2232,899,1,1619430214
2232,908,1,1636722292
2233,532,1,1588141073
2233,639,1,1594920334
2233,280,1,1590424432
2233,248,1,1588081293
2233,679,1,1588141762
2233,1238,1,1586509821
2233,338,1,1586765222
2234,532,1,1585570772
2234,682,1,1587212681
2234,163,1,1609329243
2234,637,1,1585529772
2234,638,1,1585528225
2235,532,1,1586752798
2235,640,1,1584362119
2235,679,1,1586753239
2235,637,1,1582891313
2235,638,1,1583325157
2236,532,1,1572600746
2236,307,1,1572344009
2236,1070,1,1595164868
2236,833,1,1619943855
2236,659,1,1601127733
2237,532,1,1572701768
2237,845,1,1626012045
2237,60,1,1623552572
2237,308,1,1630249501
2237,30,1,1626356312
2238,655,1,1574422355
2238,639,1,1570185244
2238,593,1,1562667350
2238,377,1,1536161332
2238,865,1,1567653009
2239,655,1,1574418185
2239,280,1,1573644629
2239,641,1,1570956391
2239,248,1,1582541893
2239,1367,1,1623656064
2240,655,1,1574515158
2240,632,1,1595692501
2240,122,1,1582172599
2240,594,1,1615805455
2240,221,1,1579685564
2241,655,1,1574420250
2241,948,1,1633683703
2241,28,1,1635000509
2241,109,1,1636450517
2241,111,1,1605778331
2241,286,1,1574852392
2242,558,1,1588761671
2242,815,1,1596880795
2242,651,1,1580308002
2242,594,1,1616298310
2242,267,1,1623149331
2243,558,1,1587724000
2243,28,1,1634996291
2243,533,1,1566488291
2243,122,1,1582122467
2243,281,1,1566488749
2243,285,1,1589453561
2244,558,1,1587728536
2244,632,1,1595663005
2244,336,1,1564228638
2244,229,1,1585818925
2244,372,1,1590920094
2245,986,1,1629424144
2245,1087,1,1592923858
2245,1290,1,1642348727
2245,365,1,1596110476
2245,687,1,1596814011
2246,881,1,1625379669
2246,688,1,1628685336
2246,527,1,1638008531
2246,763,1,1626860434
2246,74,1,1631422225
2247,168,1,1641993978
2247,163,1,1609036500
2247,131,1,1638865569
2247,132,1,1640698893
2247,106,1,1607948658
2248,62,1,1643270080
2248,1072,1,1642750041
2248,294,1,1642137665
2248,163,1,1640830895
2248,665,1,1638583632
2248,207,1,1640312459
2249,62,1,1642451645
2249,170,1,1636111764
2249,743,1,1637433936
2249,17,1,1640122266
2249,393,1,1637298922
2250,62,1,1642500006
2250,533,1,1566472429
2250,527,1,1640699884
2250,214,1,1632646139
2250,777,1,1640261565
2251,62,1,1642072607
2251,301,1,1588594677
2251,3,1,1643799166
2251,214,1,1633330202
2251,150,1,1616411690
2252,62,1,1642061766
2252,643,1,1618831217
2252,1368,1,1631368617
2252,528,1,1641864927
2252,1035,1,1621245795
2253,1170,1,1628842655
2253,657,1,1568379450
2253,263,1,1582724077
2253,1369,1,1643605706
2253,970,1,1568391136
2253,134,1,1621738807
2254,1170,1,1629108152
2254,360,1,1631363396
2254,1283,1,1635170977
2254,190,1,1640011423
2254,662,1,1631924997
2254,841,1,1631925279
2255,99,1,1615567667
2255,248,1,1584709061
2255,1017,1,1644183832
2255,3,1,1644145200
2255,743,1,1619759610
2255,735,1,1587546044
2256,99,1,1615454822
2256,232,1,1626489726
2256,842,1,1625658149
2256,419,1,1646733935
2256,291,1,1614056761
2257,652,1,1588154073
2257,275,1,1581329042
2257,127,1,1573352289
2257,672,1,1606562368
2257,1003,1,1590161079
2258,1146,1,1578161432
2258,834,1,1586273271
2258,993,1,1643819331
2258,137,1,1601195787
2258,996,1,1590417129
2259,834,1,1586296022
2259,183,1,1643497293
2259,993,1,1643709565
2259,836,1,1643793309
2259,243,1,1636367991
2259,996,1,1590618983
2260,280,1,1639378585
2260,396,1,1639378848
2260,1354,1,1644313674
2260,642,1,1636653506
2260,1147,1,1644221039
2260,841,1,1626107902
2260,329,1,1644315397
2260,644,1,1636653937
2260,339,1,1640839277
2261,280,1,1628084352
2261,220,1,1628084587
2261,159,1,1594817529
2261,990,1,1625113494
2261,234,1,1625113682
2262,280,1,1598253651
2262,685,1,1643371343
2262,869,1,1632060424
2262,703,1,1598614826
2262,897,1,1628565543
2263,280,1,1596724904
2263,396,1,1596546632
2263,1070,1,1595165602
2263,683,1,1644736989
2263,1003,1,1590159528
2264,280,1,1610437277
2264,109,1,1637834176
2264,672,1,1610252886
2264,246,1,1609923256
2264,704,1,1609836576
2265,888,1,1598820315
2265,403,1,1604318338
2265,215,1,1604318069
2265,637,1,1569472637
2265,376,1,1603976677
2265,415,1,1599458000
2266,888,1,1587535046
2266,370,1,1581069574
2266,651,1,1561296244
2266,122,1,1582151908
2266,263,1,1580722669
2267,705,1,1653885399
2267,797,1,1636104833
2267,324,1,1613447691
2267,692,1,1609933968
2267,672,1,1606628658
2267,552,1,1612776098
2268,1370,1,1639667102
2268,456,1,1641742376
2268,38,1,1638715984
2268,16,1,1643121877
2268,660,1,1638107927
2269,1370,1,1637583827
2269,1055,1,1646587226
2269,582,1,1646314786
2269,1234,1,1645101077
2269,653,1,1638361073
2270,45,1,1581085954
2270,122,1,1589113145
2270,562,1,1593160901
2270,471,1,1623572009
2270,234,1,1598633447
2271,45,1,1579886297
2271,515,1,1589367222
2271,249,1,1570133390
2271,221,1,1579886171
2271,482,1,1597236948
2272,45,1,1579105341
2272,332,1,1602583564
2272,284,1,1602063480
2272,370,1,1582377033
2272,122,1,1582105594
2273,45,1,1579099197
2273,370,1,1581097483
2273,122,1,1582234787
2273,321,1,1560430755
2273,221,1,1580058121
2274,45,1,1578998189
2274,640,1,1570276039
2274,122,1,1582106293
2274,263,1,1580643475
2274,659,1,1601364987
2275,45,1,1578997364
2275,657,1,1580204985
2275,122,1,1582105546
2275,804,1,1603793184
2275,282,1,1579093547
2276,620,1,1622475585
2276,262,1,1616972447
2276,607,1,1631623948
2276,915,1,1630993489
2276,460,1,1623555532
2276,190,1,1615978909
2277,136,1,1584728866
2277,678,1,1583813523
2277,1068,1,1608271757
2277,635,1,1625340617
2277,427,1,1641845679
2278,136,1,1570111173
2278,533,1,1566473410
2278,852,1,1570025515
2278,249,1,1570024385
2278,841,1,1564120633
2279,63,1,1642511888
2279,33,1,1635689625
2279,100,1,1630891223
2279,528,1,1640448284
2279,13,1,1623947888
2280,466,1,1634408066
2280,33,1,1635741513
2280,456,1,1641962947
2280,169,1,1642774152
2280,444,1,1626438993
2281,466,1,1613614152
2281,567,1,1583676816
2281,289,1,1615906503
2281,290,1,1585531966
2281,291,1,1612075480
2282,466,1,1613498221
2282,1371,1,1511809905
2282,1299,1,1630850574
2282,947,1,1605691482
2282,455,1,1592131203
2283,466,1,1613307421
2283,922,1,1612419835
2283,163,1,1609085910
2283,137,1,1609427849
2283,246,1,1611900689
2284,844,1,1614259180
2284,685,1,1612851635
2284,150,1,1616290005
2284,989,1,1625972488
2284,27,1,1619437187
2285,844,1,1614513388
2285,360,1,1630648909
2285,559,1,1645804974
2285,106,1,1643261506
2285,308,1,1630415449
2286,262,1,1620455463
2286,769,1,1647749382
2286,751,1,1630054011
2286,625,1,1599479288
2286,143,1,1634294836
2287,262,1,1618207985
2287,345,1,1588294269
2287,635,1,1625405293
2287,838,1,1602477214
2287,649,1,1618447916
2288,262,1,1617080975
2288,220,1,1593598936
2288,391,1,1636687851
2288,289,1,1615545645
2288,433,1,1607588362
2289,262,1,1616918480
2289,68,1,1635757725
2289,236,1,1606647401
2289,122,1,1582104933
2289,528,1,1640423219
2290,1100,1,1615387014
2290,1253,1,1619278073
2290,476,1,1627637234
2290,289,1,1615077651
2290,143,1,1636251418
2291,1100,1,1614430113
2291,747,1,1575889936
2291,281,1,1566482572
2291,827,1,1576579789
2291,350,1,1588551651
2292,407,1,1641809874
2292,1240,1,1642557172
2292,461,1,1628967879
2292,58,1,1634034814
2292,415,1,1599129964
2293,400,1,1613124801
2293,658,1,1565954938
2293,1232,1,1586169887
2293,336,1,1564221405
2293,430,1,1564738266
2294,145,1,1645548080
2294,720,1,1629045720
2294,743,1,1608790475
2294,125,1,1561045706
2294,371,1,1586619129
2294,433,1,1607443275
2295,145,1,1643559314
2295,353,1,1633023844
2295,130,1,1641084963
2295,456,1,1643460582
2295,1283,1,1636708936
2295,37,1,1636718656
2295,540,1,1636698880
2295,38,1,1638783148
2295,131,1,1638781999
2295,132,1,1640686280
2296,1229,1,1625316085
2296,1053,1,1586963621
2296,850,1,1588475920
2296,863,1,1589110643
2296,140,1,1589279467
2297,549,1,1636456218
2297,303,1,1599969679
2297,987,1,1642127787
2297,137,1,1600484797
2297,335,1,1631181542
2298,877,1,1581354340
2298,1032,1,1612971434
2298,1029,1,1581497243
2298,295,1,1631457390
2298,1052,1,1596024413
2299,89,1,1638075132
2299,55,1,1637391042
2299,332,1,1602855319
2299,1372,1,1643915203
2299,9,1,1612168777
2300,89,1,1614794350
2300,778,1,1598500486
2300,561,1,1614685806
2300,16,1,1638853335
2300,143,1,1634047392
2301,89,1,1614763780
2301,302,1,1584543149
2301,275,1,1581414843
2301,277,1,1556339079
2301,281,1,1566476521
2301,339,1,1569922249
2302,55,1,1637938423
2302,33,1,1635859966
2302,264,1,1617190110
2302,134,1,1621780414
2302,13,1,1624542716
2303,55,1,1637071946
2303,332,1,1602590535
2303,233,1,1600689344
2303,732,1,1595609665
2303,638,1,1567611038
2303,357,1,1564480646
2304,55,1,1637128849
2304,988,1,1627670266
2304,699,1,1634386878
2304,777,1,1640250543
2304,660,1,1638106850
2305,1173,1,1625753551
2305,1220,1,1643995469
2305,15,1,1630671073
2305,932,1,1630682901
2305,30,1,1628763532
2306,396,1,1619533307
2306,1182,1,1620569323
2306,113,1,1620134473
2306,29,1,1632230224
2306,1042,1,1620569000
2307,396,1,1597389481
2307,90,1,1626575189
2307,703,1,1597822044
2307,324,1,1613399352
2307,552,1,1612623992
2308,797,1,1635656409
2308,758,1,1641809212
2308,1364,1,1632213800
2308,545,1,1623478384
2308,665,1,1636526341
2309,797,1,1635515271
2309,28,1,1643173911
2309,190,1,1641557346
2309,618,1,1638708110
2309,552,1,1638959978
2310,797,1,1635417743
2310,68,1,1635758020
2310,14,1,1635243692
2310,1373,1,1640912880
2310,109,1,1636456426
2311,797,1,1636930265
2311,67,1,1605510281
2311,33,1,1635695981
2311,38,1,1638773878
2311,445,1,1632140677
2312,797,1,1640481215
2312,615,1,1642938389
2312,211,1,1639388108
2312,699,1,1636243955
2312,761,1,1639636379
2313,678,1,1565951727
2313,314,1,1570876302
2313,640,1,1570281516
2313,852,1,1570190430
2313,200,1,1566367037
2314,1371,1,1505229112
2314,345,1,1597607904
2314,1143,1,1564116881
2314,125,1,1561057347
2314,683,1,1644564669
2315,511,1,1631191907
2315,898,1,1635417909
2315,790,1,1633778983
2315,757,1,1633787146
2315,688,1,1633779384
2316,511,1,1643270566
2316,642,1,1643270921
2316,1009,1,1641175760
2316,1168,1,1629987452
2316,848,1,1608464085
2317,785,1,1614404160
2317,860,1,1616490124
2317,850,1,1616490474
2317,862,1,1614599595
2317,847,1,1614136293
2317,1010,1,1628767651
2318,785,1,1643990413
2318,730,1,1642858202
2318,898,1,1642858575
2318,896,1,1644658961
2318,908,1,1642878635
2319,861,1,1635085581
2319,730,1,1640263895
2319,20,1,1643612257
2319,896,1,1638610266
2319,761,1,1634965205
2319,510,1,1634964826
2320,861,1,1635423350
2320,868,1,1633953804
2320,688,1,1637105801
2320,827,1,1635465277
2320,510,1,1637106344
2321,567,1,1614500320
2321,746,1,1570530454
2321,793,1,1639922245
2321,371,1,1587970840
2321,1315,1,1629804449
2322,1374,1,1613734654
2322,1142,1,1622304825
2322,1375,1,1644136864
2322,1376,1,1610803049
2322,1377,1,1614352267
2323,640,1,1585325815
2323,108,1,1585110497
2323,248,1,1585150646
2323,263,1,1587700051
2323,849,1,1585150242
2323,702,1,1587699174
2323,278,1,1585500256
2324,1378,1,1604419167
2324,832,1,1613387185
2324,1379,1,1635570312
2324,1040,1,1615202530
2324,602,1,1615865339
2325,67,1,1633448564
2325,362,1,1627959901
2325,295,1,1644939046
2325,416,1,1644938564
2325,732,1,1633452679
2325,973,1,1637417391
2326,51,1,1647523875
2326,52,1,1631941407
2326,189,1,1643898331
2326,4,1,1608121458
2326,527,1,1638165809
2327,626,1,1629974880
2327,710,1,1634436405
2327,211,1,1645088883
2327,426,1,1637393944
2327,246,1,1630037804
2328,353,1,1634186010
2328,1294,1,1644145052
2328,1142,1,1631852298
2328,1035,1,1633022823
2328,156,1,1632485267
2329,353,1,1632718351
2329,1017,1,1627019722
2329,542,1,1632909023
2329,482,1,1597461829
2329,151,1,1575365834
2330,474,1,1628755492
2330,457,1,1625140180
2330,1064,1,1624890173
2330,23,1,1641619493
2330,254,1,1641287604
2331,474,1,1628676391
2331,913,1,1626081518
2331,594,1,1615025416
2331,643,1,1618873137
2331,552,1,1612690853
2332,474,1,1628675787
2332,181,1,1629884205
2332,473,1,1629627196
2332,426,1,1638416372
2332,73,1,1642499042
2333,948,1,1633876335
2333,188,1,1642946797
2333,170,1,1635867461
2333,64,1,1642597270
2333,308,1,1631422683
2333,78,1,1641711021
2333,696,1,1642168673
2334,948,1,1633601255
2334,1167,1,1563025903
2334,1131,1,1632149621
2334,1214,1,1643793109
2334,319,1,1628676726
2334,523,1,1643728016
2334,155,1,1644062789
2335,619,1,1643258953
2335,118,1,1643246547
2335,382,1,1643258589
2335,880,1,1643258453
2335,1164,1,1642747032
2336,619,1,1637770727
2336,599,1,1632231670
2336,385,1,1632232529
2336,802,1,1633428043
2336,765,1,1643026520
2337,949,1,1650552410
2337,321,1,1645457923
2337,643,1,1645456590
2337,644,1,1646326885
2337,134,1,1645903387
2338,1198,1,1636168991
2338,462,1,1636537341
2338,25,1,1639478242
2338,909,1,1639999962
2338,789,1,1631345279
2338,790,1,1633948533
2338,24,1,1641985229
2339,181,1,1648700790
2339,52,1,1648783986
2339,113,1,1638584808
2339,683,1,1644660609
2339,503,1,1641807664
2340,181,1,1642586780
2340,462,1,1642154045
2340,25,1,1643337147
2340,757,1,1642847075
2340,27,1,1642153331
2341,52,1,1645618293
2341,710,1,1643940359
2341,183,1,1643622640
2341,473,1,1645618928
2341,27,1,1645616970
2342,1380,1,1592485091
2342,820,1,1615113946
2342,995,1,1639736398
2342,879,1,1630415860
2342,403,1,1610807000
2343,1182,1,1614677051
2343,565,1,1631417592
2343,916,1,1616212095
2343,114,1,1612907681
2343,1003,1,1592396288
2344,685,1,1613556574
2344,580,1,1629539267
2344,505,1,1629182103
2344,506,1,1614181047
2344,473,1,1629648351
2345,685,1,1615061569
2345,506,1,1614180167
2345,426,1,1639630249
2345,23,1,1640774368
2345,848,1,1618425513
2346,462,1,1635567311
2346,580,1,1630884138
2346,789,1,1629973894
2346,473,1,1630904919
2346,23,1,1642206239
2347,462,1,1644043787
2347,211,1,1636257498
2347,1014,1,1633696470
2347,24,1,1642394161
2347,74,1,1633587305
2348,462,1,1638719203
2348,33,1,1635793376
2348,209,1,1636427149
2348,732,1,1613915219
2348,509,1,1635737467
2349,462,1,1639483460
2349,783,1,1633533270
2349,210,1,1636807540
2349,751,1,1636979207
2349,1042,1,1619969603
2349,58,1,1636364213
2349,510,1,1636976888
2350,188,1,1644248979
2350,1299,1,1630973419
2350,1031,1,1603585073
2350,1269,1,1635445273
2350,13,1,1621336948
2351,1359,1,1528387873
2351,1143,1,1564107355
2351,743,1,1608782730
2351,807,1,1577795052
2351,971,1,1587624791
2352,806,1,1604247258
2352,475,1,1592065809
2352,778,1,1598805761
2352,1381,1,1643379813
2352,214,1,1632930850
2353,887,1,1632575931
2353,899,1,1632402554
2353,730,1,1632271511
2353,766,1,1632140787
2353,704,1,1632576601
2354,432,1,1579068846
2354,37,1,1636179688
2354,23,1,1641364414
2354,1232,1,1590060994
2354,445,1,1632121509
2355,1354,1,1643044854
2355,1192,1,1642783907
2355,425,1,1640509433
2355,1147,1,1640649988
2355,329,1,1643306887
2355,1076,1,1643044577
2355,675,1,1642784622
2356,1354,1,1641472129
2356,425,1,1641534129
2356,93,1,1641480437
2356,1147,1,1641464748
2356,329,1,1641473625
2356,1076,1,1641473851
2357,1192,1,1641132465
2357,1147,1,1643505472
2357,329,1,1641063475
2357,1076,1,1641133481
2357,675,1,1641054519
2358,1192,1,1643294791
2358,425,1,1642948319
2358,93,1,1642947177
2358,1147,1,1642948898
2358,675,1,1643293976
2359,1192,1,1635686437
2359,425,1,1633876098
2359,93,1,1632655842
2359,573,1,1635050083
2359,675,1,1636517211
2360,1192,1,1635650599
2360,425,1,1633905556
2360,93,1,1632572286
2360,1147,1,1638847316
2360,675,1,1636515467
2361,1192,1,1635650296
2361,425,1,1633883488
2361,1147,1,1638847070
2361,329,1,1631334252
2361,1076,1,1645107697
2362,318,1,1643511816
2362,36,1,1643513228
2362,212,1,1643630577
2362,688,1,1643463665
2362,1019,1,1643768498
2363,318,1,1628665806
2363,1051,1,1638169457
2363,236,1,1608175216
2363,210,1,1628685963
2363,251,1,1637032370
2364,641,1,1580712546
2364,632,1,1595663016
2364,263,1,1580552454
2364,234,1,1598608339
2364,134,1,1621642099
2365,220,1,1594011921
2365,236,1,1622693447
2365,108,1,1592821351
2365,703,1,1593260666
2365,402,1,1595750503
2366,936,1,1632558524
2366,820,1,1619021295
2366,330,1,1633395956
2366,418,1,1633235948
2366,1252,1,1632406840
2367,936,1,1587978860
2367,1251,1,1612750034
2367,1103,1,1589040438
2367,725,1,1586240938
2367,1252,1,1586731929
2368,912,1,1606229447
2368,703,1,1598699555
2368,880,1,1598166147
2368,234,1,1598610971
2368,659,1,1601112836
2369,722,1,1639042465
2369,20,1,1639382396
2369,847,1,1639134573
2369,896,1,1639093754
2369,908,1,1639092863
2369,897,1,1639040897
2370,68,1,1635789262
2370,915,1,1630732055
2370,214,1,1632765993
2370,1199,1,1643134731
2370,39,1,1618078449
2371,90,1,1628269055
2371,465,1,1646740402
2371,982,1,1631342197
2371,969,1,1619105888
2371,660,1,1638157474
2372,345,1,1587206610
2372,635,1,1625240393
2372,137,1,1600530346
2372,140,1,1589333865
2372,295,1,1631655839
2373,241,1,1644198700
2373,789,1,1642765482
2373,688,1,1642766020
2373,22,1,1643540197
2373,618,1,1642892683
2373,15,1,1641820747
2374,241,1,1591528193
2374,288,1,1595672564
2374,1382,1,1590289213
2374,1123,1,1593184094
2374,290,1,1595602610
2375,788,1,1624541247
2375,370,1,1581080657
2375,757,1,1591966714
2375,444,1,1635491318
2375,692,1,1609649241
2376,1262,1,1630121238
2376,588,1,1627459848
2376,842,1,1625734357
2376,1383,1,1629810153
2376,761,1,1630072983
2377,1262,1,1630305800
2377,746,1,1570757598
2377,303,1,1599296042
2377,520,1,1567503219
2377,305,1,1575208229
2378,1384,1,1588188478
2378,331,1,1643555009
2378,1209,1,1643716048
2378,798,1,1643968028
2378,78,1,1642349443
2379,624,1,1564560655
2379,275,1,1581329865
2379,150,1,1615024448
2379,430,1,1564737687
2379,883,1,1561810767
2380,635,1,1625212913
2380,14,1,1635156555
2380,643,1,1618827424
2380,1115,1,1641033026
2380,840,1,1643459627
2381,108,1,1591247226
2381,248,1,1591678660
2381,263,1,1590124359
2381,849,1,1591937503
2381,702,1,1587452303
2382,370,1,1595248369
2382,126,1,1608563166
2382,481,1,1606658391
2382,285,1,1591272744
2382,775,1,1617972331
2383,370,1,1612282222
2383,607,1,1630931266
2383,58,1,1636123647
2383,335,1,1631178282
2383,1052,1,1627921530
2384,288,1,1595743958
2384,527,1,1639387435
2384,5,1,1641636507
2384,290,1,1586741350
2384,283,1,1619175748
2385,348,1,1574425860
2385,674,1,1575718040
2385,273,1,1577324472
2385,645,1,1568116540
2385,509,1,1635744246
2386,674,1,1575725372
2386,651,1,1561284273
2386,430,1,1564737349
2386,282,1,1558777615
2386,151,1,1575365440
2387,33,1,1635742599
2387,110,1,1627378486
2387,833,1,1619959018
2387,296,1,1627310867
2387,777,1,1640250923
2388,33,1,1635841307
2388,988,1,1628612264
2388,501,1,1643987794
2388,77,1,1609554307
2388,308,1,1630482467
2389,33,1,1641758517
2389,11,1,1641770428
2389,456,1,1641743024
2389,540,1,1641766444
2389,30,1,1641769728
2390,204,1,1604848912
2390,12,1,1582299021
2390,60,1,1620911016
2390,39,1,1599975561
2390,13,1,1606991289
2391,565,1,1637919249
2391,130,1,1641202038
2391,243,1,1636425539
2391,186,1,1641442584
2391,13,1,1635848889
2392,25,1,1642413450
2392,211,1,1642217775
2392,747,1,1642119538
2392,22,1,1643443888
2392,510,1,1643096673
2392,27,1,1642413555
2393,25,1,1642059827
2393,1025,1,1641393810
2393,211,1,1641292068
2393,505,1,1641290406
2393,506,1,1641220230
2393,473,1,1641291374
2394,25,1,1645091273
2394,211,1,1645179520
2394,190,1,1643791196
2394,58,1,1645352729
2394,27,1,1645181742
2395,580,1,1639454714
2395,615,1,1634465205
2395,210,1,1633585239
2395,36,1,1634553938
2395,26,1,1633584794
2395,1263,1,1636457551
2395,1152,1,1636458085
2395,617,1,1636457608
2396,580,1,1644562560
2396,211,1,1644984104
2396,1042,1,1643981145
2396,73,1,1643196638
2396,589,1,1643543309
2397,298,1,1610108724
2397,447,1,1644209652
2397,792,1,1632824670
2397,1199,1,1643370278
2397,31,1,1643370606
2398,298,1,1610030376
2398,71,1,1631281691
2398,915,1,1630855708
2398,916,1,1616373745
2398,833,1,1619964373
2399,146,1,1629536827
2399,621,1,1615819731
2399,1141,1,1599212440
2399,1385,1,1643628484
2399,1252,1,1592027895
2400,551,1,1630464119
2400,789,1,1630364834
2400,818,1,1642831976
2400,621,1,1630732785
2400,319,1,1630367334
2401,71,1,1632494792
2401,1128,1,1637044302
2401,598,1,1638782365
2401,1102,1,1634319718
2401,214,1,1634534261
2402,209,1,1636972971
2402,915,1,1630999779
2402,477,1,1643952217
2402,426,1,1637635257
2402,445,1,1631789810
2403,607,1,1631939656
2403,1157,1,1642602943
2403,131,1,1638885068
2403,132,1,1640697253
2403,1065,1,1570452591
2404,607,1,1632030836
2404,594,1,1616987706
2404,665,1,1630839383
2404,140,1,1589298907
2404,510,1,1630936912
2405,607,1,1630659442
2405,1386,1,1633603550
2405,257,1,1634530283
2405,1387,1,1632926640
2405,792,1,1633861236
2406,273,1,1577513422
2406,581,1,1629555630
2406,743,1,1608887067
2406,1300,1,1626087035
2406,646,1,1646491092
2407,632,1,1595667599
2407,28,1,1635051081
2407,307,1,1581383017
2407,845,1,1626000986
2407,296,1,1627289413
2408,769,1,1647791541
2408,233,1,1600786145
2408,109,1,1636473916
2408,637,1,1568743617
2408,445,1,1631804683
2409,769,1,1647754485
2409,929,1,1644240283
2409,48,1,1643431252
2409,506,1,1645793768
2409,502,1,1644494204
2409,31,1,1644228502
2410,657,1,1559040443
2410,643,1,1618824955
2410,528,1,1640423078
2410,552,1,1615112367
2410,333,1,1644070236
2410,283,1,1619175567
2411,531,1,1640005221
2411,272,1,1641814801
2411,862,1,1642756951
2411,24,1,1643341453
2411,1358,1,1646306256
2412,14,1,1635168317
2412,594,1,1615047014
2412,109,1,1636470829
2412,644,1,1611159028
2412,552,1,1612617701
2413,14,1,1635159702
2413,111,1,1605805851
2413,376,1,1574255046
2413,646,1,1608656745
2413,989,1,1623891794
2414,533,1,1566469037
2414,281,1,1566468770
2414,336,1,1564237309
2414,638,1,1567596265
2414,357,1,1564420897
2415,533,1,1566468457
2415,636,1,1570874445
2415,249,1,1570018543
2415,278,1,1573378296
2415,376,1,1574222807
2415,151,1,1575371076
2416,1388,1,1609974798
2416,832,1,1613398357
2416,925,1,1613223256
2416,819,1,1611492815
2416,711,1,1609765122
2417,832,1,1613399618
2417,925,1,1613225231
2417,324,1,1613400026
2417,692,1,1609584919
2417,134,1,1621590083
2418,690,1,1577452972
2418,747,1,1577619166
2418,916,1,1616145380
2418,853,1,1561771389
2418,249,1,1570019822
2419,122,1,1582111836
2419,263,1,1580557029
2419,508,1,1620987782
2419,552,1,1612618189
2419,134,1,1621594787
2420,122,1,1582105310
2420,703,1,1564319626
2420,249,1,1570028156
2420,637,1,1568713596
2420,645,1,1568116708
2421,401,1,1615981836
2421,126,1,1615982034
2421,969,1,1615981925
2421,155,1,1615981983
2421,602,1,1615894751
2422,11,1,1627352977
2422,266,1,1614282357
2422,169,1,1643534141
2422,920,1,1610535192
2422,132,1,1640740709
2422,133,1,1638557180
2423,11,1,1625396785
2423,540,1,1632560242
2423,38,1,1638611123
2423,171,1,1631339448
2423,30,1,1626390856
2424,845,1,1626016744
2424,169,1,1642432762
2424,22,1,1636706870
2424,609,1,1636974789
2424,17,1,1640831728
2425,237,1,1608779713
2425,594,1,1615023274
2425,916,1,1616144565
2425,114,1,1612865866
2425,692,1,1609579924
2425,528,1,1641792062
2425,659,1,1601112912
2425,672,1,1606552982
2426,29,1,1632306613
2426,1131,1,1632127007
2426,688,1,1628681466
2426,419,1,1646207195
2426,74,1,1632825032
2427,29,1,1630814895
2427,184,1,1601227091
2427,744,1,1569989210
2427,134,1,1621618990
2427,376,1,1574224880
2428,264,1,1617170045
2428,484,1,1644150664
2428,143,1,1634038816
2428,509,1,1635770188
2428,283,1,1619516002
2429,264,1,1617099317
2429,971,1,1587621676
2429,662,1,1586165833
2429,111,1,1605778267
2429,296,1,1627286604
2430,522,1,1643934690
2430,460,1,1623535960
2430,1171,1,1623502219
2430,508,1,1622700609
2430,376,1,1595910837
2431,522,1,1643814549
2431,882,1,1606209969
2431,1389,1,1566923664
2431,585,1,1585816870
2431,106,1,1629542795
2432,522,1,1643808980
2432,682,1,1589101373
2432,1064,1,1571322065
2432,285,1,1589448611
2432,254,1,1641560385
2433,522,1,1643961700
2433,723,1,1643942839
2433,1227,1,1618028956
2433,1042,1,1641639373
2433,509,1,1645612411
2434,522,1,1643955126
2434,130,1,1641037546
2434,459,1,1632596917
2434,770,1,1640018716
2434,254,1,1640364688
2435,522,1,1643952608
2435,501,1,1643952829
2435,456,1,1641750612
2435,36,1,1633221089
2435,618,1,1635051311
2435,1390,1,1632935857
2435,74,1,1631946293
2436,522,1,1643908594
2436,1153,1,1642251879
2436,1053,1,1588933196
2436,885,1,1597660995
2436,731,1,1603543587
2437,522,1,1643906264
2437,35,1,1613826131
2437,1060,1,1636828684
2437,294,1,1640272738
2437,356,1,1614084370
2437,1218,1,1614086850
2437,789,1,1633538073
2437,790,1,1635263353
2437,763,1,1633540217
2437,770,1,1641582926
2437,618,1,1635262839
2437,1328,1,1613829566
2437,644,1,1634731590
2437,74,1,1633535492
2437,1164,1,1611507667
2437,339,1,1613824116
2437,589,1,1642081363
2438,522,1,1643905658
2438,1017,1,1627479454
2438,476,1,1627057410
2438,898,1,1629261988
2438,636,1,1628747291
2438,24,1,1642069170
2439,522,1,1643904730
2439,3,1,1643953214
2439,170,1,1636126918
2439,211,1,1636541641
2439,190,1,1615989849
2439,22,1,1643953593
2439,17,1,1640182749
2439,13,1,1608369959
2440,522,1,1643892407
2440,266,1,1643794316
2440,473,1,1631288037
2440,1178,1,1642848855
2440,386,1,1638597828
2440,1039,1,1617533813
2440,143,1,1634352535
2440,589,1,1642178557
2441,522,1,1643891847
2441,1279,1,1643890544
2441,463,1,1642791679
2441,238,1,1644750521
2441,119,1,1643381197
2442,522,1,1643882190
2442,842,1,1626427072
2442,1218,1,1563425311
2442,23,1,1641711576
2442,646,1,1610896290
2443,522,1,1643874131
2443,1227,1,1566909725
2443,751,1,1629456413
2443,868,1,1630764774
2443,291,1,1613216990
2444,522,1,1643869584
2444,1341,1,1618219395
2444,742,1,1619836064
2444,1117,1,1608721125
2444,463,1,1643520376
2444,242,1,1644297718
2444,362,1,1644408673
2444,58,1,1646126453
2444,711,1,1610190970
2444,528,1,1643538508
2444,833,1,1644145349
2444,106,1,1609053570
2444,267,1,1624705129
2444,765,1,1644545106
2445,522,1,1643863117
2445,1391,1,1616420803
2445,461,1,1628914145
2445,281,1,1566485132
2445,308,1,1630063525
2446,522,1,1643859476
2446,476,1,1633356315
2446,636,1,1635587656
2446,445,1,1633412572
2446,589,1,1642756804
2447,723,1,1644041362
2447,599,1,1632673358
2447,1311,1,1615218454
2447,49,1,1573406404
2447,81,1,1641992551
2447,31,1,1643636967
2448,723,1,1643953237
2448,1209,1,1643715853
2448,982,1,1630293449
2448,216,1,1644323256
2448,625,1,1628998798
2448,487,1,1638107172
2448,609,1,1637114430
2448,78,1,1638712336
2448,128,1,1607526492
2449,723,1,1643908421
2449,421,1,1644224794
2449,170,1,1635943756
2449,1324,1,1633537613
2449,563,1,1555109468
2449,1035,1,1621609776
2449,221,1,1579623738
2450,723,1,1643901517
2450,1154,1,1642176248
2450,9,1,1631031371
2450,38,1,1639066838
2450,205,1,1643648827
2451,723,1,1644054887
2451,505,1,1631009865
2451,1392,1,1623172196
2451,418,1,1629092852
2451,74,1,1631534080
2452,723,1,1644041073
2452,1279,1,1643884752
2452,36,1,1633149321
2452,211,1,1636261989
2452,629,1,1617603149
2452,916,1,1616338529
2452,853,1,1635680755
2452,143,1,1634367324
2453,723,1,1644032011
2453,520,1,1606206858
2453,879,1,1602559517
2453,594,1,1615024561
2453,233,1,1600686422
2453,1393,1,1641563386
2453,234,1,1598608356
2453,285,1,1589444643
2453,692,1,1609579986
2453,372,1,1590920847
2453,981,1,1636879968
2454,723,1,1644010267
2454,1123,1,1614636050
2454,171,1,1632116494
2454,289,1,1614497971
2454,221,1,1579661733
2454,291,1,1612070528
2455,723,1,1644006635
2455,820,1,1616316511
2455,1062,1,1599993668
2455,186,1,1641278629
2455,1382,1,1591626522
2455,1199,1,1643135623
2456,723,1,1644004050
2456,1268,1,1643152816
2456,1394,1,1636104763
2456,137,1,1635242253
2456,853,1,1618261803
2457,723,1,1643992531
2457,1395,1,1627825926
2457,1396,1,1634043710
2457,48,1,1642916991
2457,1392,1,1623421981
2457,725,1,1638200724
2458,723,1,1643992302
2458,927,1,1643195256
2458,578,1,1590913227
2458,853,1,1627995869
2458,1300,1,1628277256
2459,723,1,1643987806
2459,1147,1,1640850553
2459,481,1,1606627418
2459,637,1,1568715297
2459,884,1,1590156465
2460,723,1,1643978423
2460,879,1,1615739955
2460,1073,1,1632740280
2460,688,1,1628673333
2460,233,1,1600698702
2460,527,1,1638195262
2461,723,1,1643964430
2461,1397,1,1643433240
2461,608,1,1635743181
2461,1386,1,1633502531
2461,256,1,1642937184
2461,257,1,1634533597
2461,386,1,1630114236
2461,965,1,1638712510
2461,150,1,1630940260
2461,932,1,1630519139
2462,723,1,1643963334
2462,233,1,1600923586
2462,184,1,1601109314
2462,349,1,1634440941
2462,150,1,1615098405
2463,723,1,1643957517
2463,792,1,1632669327
2463,1199,1,1643114119
2463,5,1,1642091630
2463,765,1,1644408247
2463,1211,1,1642073800
2464,723,1,1643956197
2464,1365,1,1642867262
2464,1127,1,1643958634
2464,149,1,1596863968
2464,422,1,1637898473
2464,256,1,1642736250
2464,859,1,1589908948
2464,989,1,1624022368
2465,723,1,1643951656
2465,1167,1,1578730708
2465,1364,1,1623337439
2465,1156,1,1609260744
2465,413,1,1619104641
2466,723,1,1643951365
2466,796,1,1642799454
2466,1073,1,1632826737
2466,1293,1,1629088045
2466,256,1,1644898269
2466,1199,1,1643794710
2466,119,1,1643770722
2466,739,1,1622960319
2467,723,1,1643946988
2467,1269,1,1634978299
2467,196,1,1619816039
2467,1050,1,1628434267
2467,119,1,1643535180
2468,723,1,1643941100
2468,931,1,1642596612
2468,100,1,1631930430
2468,243,1,1636293259
2468,186,1,1641370219
2468,413,1,1610883728
2468,1211,1,1642161750
2468,31,1,1643023929
2469,723,1,1643939404
2469,501,1,1643938640
2469,1268,1,1643223884
2469,654,1,1569421857
2469,119,1,1644906278
2470,723,1,1643936348
2470,1127,1,1644230716
2470,1268,1,1642878259
2470,1398,1,1642878390
2470,819,1,1611649244
2470,1277,1,1597910959
2470,253,1,1592139475
2470,229,1,1588949673
2470,1071,1,1642849042
2470,848,1,1587712943
2470,27,1,1619001201
2471,723,1,1643928262
2471,594,1,1615073033
2471,643,1,1618853344
2471,281,1,1566495609
2471,285,1,1589835082
2471,662,1,1586194778
2471,659,1,1601592293
2471,134,1,1621794636
2471,357,1,1564431325
2471,246,1,1600637148
2471,221,1,1579661433
2472,723,1,1643915329
2472,130,1,1641047776
2472,1342,1,1644088320
2472,1361,1,1644224006
2472,1399,1,1643388604
2472,1343,1,1642860627
2472,1178,1,1642762823
2472,132,1,1640696717
2473,723,1,1643910866
2473,154,1,1638979980
2473,445,1,1631810604
2473,143,1,1634223933
2473,981,1,1636737642
2474,1400,1,1643854145
2474,1134,1,1605414418
2474,1324,1,1634557738
2474,621,1,1618138705
2474,542,1,1634178117
2474,289,1,1615989788
2474,229,1,1600509679
2474,155,1,1599130791
2474,775,1,1618028694
2474,128,1,1601636882
2475,1400,1,1643514988
2475,484,1,1644141171
2475,501,1,1643954122
2475,439,1,1639823002
2475,296,1,1628584992
2476,7,1,1643972602
2476,3,1,1643640775
2476,505,1,1629118766
2476,22,1,1634297890
2476,692,1,1609671740
2476,552,1,1612616791
2476,1063,1,1629621326
2477,7,1,1644088528
2477,1401,1,1639914167
2477,211,1,1636878040
2477,58,1,1638636186
2477,683,1,1646766375
2478,7,1,1644080460
2478,183,1,1643503822
2478,975,1,1629839026
2478,365,1,1596813295
2478,1195,1,1642615693
2478,242,1,1595691241
2478,687,1,1596812603
2478,848,1,1588689547
2479,7,1,1643989721
2479,1401,1,1640704454
2479,1209,1,1643716287
2479,1212,1,1643346486
2479,808,1,1598113879
2479,243,1,1636282112
2479,980,1,1648106628
2480,7,1,1643987560
2480,890,1,1553865977
2480,459,1,1632370568
2480,60,1,1620908475
2480,257,1,1634545812
2480,1252,1,1592061344
2481,7,1,1643985994
2481,1386,1,1635182307
2481,160,1,1586263429
2481,502,1,1642305526
2481,1278,1,1633170239
2481,1043,1,1624445961
2482,7,1,1643983242
2482,1394,1,1635313354
2482,1402,1,1643449344
2482,1403,1,1641540713
2482,917,1,1636514080
2482,1404,1,1635406458
2482,1405,1,1633914273
2483,7,1,1643972231
2483,929,1,1643385752
2483,1356,1,1591965114
2483,48,1,1641637961
2483,126,1,1638288166
2484,7,1,1643969081
2484,556,1,1643533434
2484,791,1,1627796773
2484,170,1,1635928545
2484,131,1,1638700609
2484,132,1,1640683625
2484,981,1,1635915728
2485,7,1,1643967425
2485,214,1,1633574091
2485,253,1,1591969651
2485,644,1,1611125602
2485,552,1,1612620492
2485,306,1,1612868291
2486,1406,1,1643808080
2486,1293,1,1628911806
2486,659,1,1601112916
2486,672,1,1606555526
2486,111,1,1605783194
2487,1407,1,1643564791
2487,540,1,1634570594
2487,391,1,1640575391
2487,257,1,1634571445
2487,792,1,1632747824
2488,1304,1,1642509425
2488,384,1,1636353376
2488,114,1,1613296745
2488,78,1,1636979710
2488,479,1,1598274655
2489,1304,1,1642973287
2489,1110,1,1643404396
2489,426,1,1638602226
2489,23,1,1640781353
2489,24,1,1641813085
2489,78,1,1600195502
2489,27,1,1618830748
2490,1408,1,1644133047
2490,1324,1,1634627923
2490,850,1,1585502213
2490,1277,1,1640008190
2490,847,1,1585761213
2490,295,1,1631685857
2490,792,1,1632649210
2490,15,1,1630647311
2490,416,1,1633777469
2490,16,1,1640839951
2491,1240,1,1643119532
2491,1060,1,1636902224
2491,1409,1,1641005821
2491,1410,1,1642959987
2491,48,1,1641649802
2491,110,1,1629450578
2491,200,1,1643046826
2491,589,1,1642067393
2492,130,1,1643290583
2492,1092,1,1630384714
2492,216,1,1644478789
2492,257,1,1635256832
2492,308,1,1630300200
2493,130,1,1642432048
2493,1210,1,1642594929
2493,361,1,1624623705
2493,516,1,1640316553
2493,1218,1,1621256512
2493,1324,1,1640579845
2493,665,1,1629736431
2493,947,1,1609953568
2493,131,1,1638859677
2493,133,1,1637852350
2493,932,1,1628913092
2494,130,1,1641118215
2494,1283,1,1637157748
2494,748,1,1630589998
2494,295,1,1631594251
2494,521,1,1639564288
2495,130,1,1641110878
2495,1342,1,1644060432
2495,643,1,1618830175
2495,109,1,1636454724
2495,131,1,1638703259
2496,130,1,1641092642
2496,153,1,1617438733
2496,64,1,1642582475
2496,463,1,1641884511
2496,335,1,1632047811
2496,131,1,1638797656
2496,132,1,1640818071
2496,133,1,1638020679
2497,130,1,1641050856
2497,931,1,1642593720
2497,1060,1,1638087375
2497,1204,1,1642849048
2497,3,1,1643941473
2497,608,1,1635742656
2497,60,1,1620919125
2497,132,1,1640694750
2498,130,1,1641107766
2498,331,1,1643779480
2498,1209,1,1643714280
2498,1411,1,1644197439
2498,774,1,1643884082
2498,1053,1,1631447668
2498,968,1,1620383392
2498,36,1,1633261898
2498,272,1,1641864024
2498,64,1,1642589264
2498,975,1,1634091870
2498,873,1,1642729680
2498,621,1,1634309041
2498,186,1,1641271345
2498,502,1,1642309880
2498,131,1,1638759679
2498,132,1,1640766352
2498,133,1,1636197676
2499,130,1,1641031712
2499,793,1,1640819806
2499,581,1,1613821194
2499,1183,1,1617642237
2499,602,1,1618359640
2500,130,1,1643033010
2500,275,1,1621943598
2500,542,1,1633587230
2500,274,1,1635987920
2500,1003,1,1592451311
2500,339,1,1614857689
2500,155,1,1622531633
2501,130,1,1643012938
2501,982,1,1627850897
2501,48,1,1641793928
2501,1054,1,1616268106
2501,296,1,1645441858
2502,130,1,1642954646
2502,1412,1,1544014119
2502,277,1,1556455968
2502,853,1,1609058420
2502,338,1,1581092780
2502,416,1,1635764208
2502,989,1,1636800976
2503,130,1,1642555052
2503,64,1,1642585257
2503,698,1,1588783199
2503,665,1,1639411078
2503,131,1,1642665287
2504,130,1,1641619912
2504,274,1,1630917545
2504,252,1,1631176082
2504,833,1,1620019876
2504,413,1,1610874906
2505,130,1,1641291856
2505,1342,1,1644123257
2505,516,1,1643086774
2505,132,1,1640750772
2505,133,1,1636203459
2505,155,1,1645855855
2506,130,1,1641135272
2506,131,1,1638702926
2506,132,1,1640688988
2506,133,1,1637311627
2506,1071,1,1642677278
2507,130,1,1641119691
2507,1231,1,1636367463
2507,38,1,1638700101
2507,132,1,1640758741
2507,133,1,1637597544
2507,739,1,1622990350
2508,130,1,1641115697
2508,171,1,1632369210
2508,131,1,1638713431
2508,132,1,1640825025
2508,445,1,1632119502
2508,488,1,1609251326
2508,308,1,1635781393
2508,291,1,1629636642
2509,130,1,1641069607
2509,1342,1,1644067848
2509,1157,1,1642724614
2509,1045,1,1613006509
2509,132,1,1640723418
2509,1413,1,1619658090
2510,130,1,1641063961
2510,581,1,1585920056
2510,1333,1,1636460879
2510,149,1,1599228050
2510,625,1,1592379821
2510,233,1,1600686423
2510,542,1,1632923907
2510,132,1,1640700288
2510,510,1,1630676163
2510,739,1,1622476038
2510,883,1,1561823443
2510,482,1,1597249348
2511,130,1,1641060747
2511,26,1,1633191568
2511,618,1,1637317626
2511,131,1,1638695738
2511,132,1,1640684839
2512,130,1,1641052251
2512,437,1,1620963954
2512,433,1,1608430594
2512,101,1,1629382363
2512,42,1,1615129013
2513,130,1,1641051498
2513,1342,1,1644077367
2513,1414,1,1644159462
2513,8,1,1627116692
2513,132,1,1640715542
2513,133,1,1636299127
2514,130,1,1641049629
2514,233,1,1600964642
2514,249,1,1570289585
2514,131,1,1638716819
2514,128,1,1567833802
2515,130,1,1641037639
2515,463,1,1642993115
2515,335,1,1631181818
2515,132,1,1640689636
2515,133,1,1636190052
2516,793,1,1640609662
2516,1412,1,1543989176
2516,719,1,1622215546
2516,744,1,1557759771
2516,833,1,1620061603
2516,106,1,1607961232
2516,101,1,1629389683
2516,1301,1,1583236319
2516,143,1,1635582875
2516,78,1,1642490597
2517,793,1,1639843453
2517,581,1,1586010851
2517,170,1,1637323171
2517,163,1,1609152855
2517,996,1,1590488788
2517,1377,1,1603365430
2518,793,1,1640624158
2518,913,1,1625276241
2518,1064,1,1577377721
2518,324,1,1613381946
2518,542,1,1632915280
2518,171,1,1633695814
2519,793,1,1639841226
2519,820,1,1615912866
2519,1218,1,1611404555
2519,1119,1,1610467254
2519,996,1,1590413914
2519,1029,1,1581522696
2519,257,1,1634529735
2519,792,1,1632505404
2520,793,1,1639833299
2520,1110,1,1643259341
2520,1398,1,1643018908
2520,1415,1,1626518200
2520,919,1,1605694371
2520,422,1,1643184375
2520,1270,1,1643017825
2520,211,1,1639063859
2520,4,1,1642500100
2520,1099,1,1644210006
2520,450,1,1626512129
2520,206,1,1621749687
2520,453,1,1626307856
2520,143,1,1634439778
2520,980,1,1638444277
2520,5,1,1643278261
2521,793,1,1639836813
2521,795,1,1612874275
2521,83,1,1613007991
2521,526,1,1626531734
2521,589,1,1641982502
2522,793,1,1639832947
2522,556,1,1643533600
2522,211,1,1637576692
2522,212,1,1642238588
2522,391,1,1637748069
2523,793,1,1641211210
2523,1110,1,1643258014
2523,211,1,1636249294
2523,1416,1,1626244674
2523,24,1,1641726044
2523,557,1,1643678521
2524,793,1,1641200371
2524,447,1,1644216264
2524,1138,1,1644229046
2524,289,1,1622130004
2524,777,1,1640251643
2525,793,1,1640833106
2525,609,1,1638075544
2525,792,1,1632512358
2525,154,1,1601227286
2525,17,1,1640105446
2526,793,1,1640718964
2526,195,1,1630518760
2526,86,1,1626202009
2526,643,1,1637082332
2526,73,1,1644255418
2527,793,1,1640620320
2527,1150,1,1595334055
2527,38,1,1639039718
2527,664,1,1595157059
2527,391,1,1636715537
2527,559,1,1644806961
2527,171,1,1634784679
2527,833,1,1620126973
2527,308,1,1631433370
2527,803,1,1634622131
2528,793,1,1640566376
2528,83,1,1628685357
2528,1399,1,1643367946
2528,422,1,1639576562
2528,463,1,1641986110
2528,770,1,1642042511
2528,889,1,1625640656
2528,552,1,1627795670
2528,333,1,1644171344
2529,793,1,1640515309
2529,277,1,1601120843
2529,274,1,1629612193
2529,552,1,1612736107
2529,350,1,1590032771
2530,793,1,1640089167
2530,515,1,1617077627
2530,636,1,1572495403
2530,954,1,1611302484
2530,207,1,1605758021
2531,793,1,1639925011
2531,916,1,1616157793
2531,413,1,1610878387
2531,510,1,1630390671
2531,1417,1,1628411812
2532,793,1,1639914923
2532,460,1,1623730876
2532,807,1,1615468908
2532,1324,1,1633149505
2532,1418,1,1582350443
2532,1054,1,1630073109
2533,793,1,1639901448
2533,295,1,1631460206
2533,289,1,1615725036
2533,1315,1,1629875909
2533,1063,1,1632135713
2534,793,1,1639890295
2534,444,1,1627877972
2534,289,1,1616583423
2534,27,1,1643435332
2534,589,1,1642067290
2535,793,1,1639847658
2535,1419,1,1641301406
2535,137,1,1614005712
2535,637,1,1569597967
2535,824,1,1597411527
2536,793,1,1639846621
2536,1279,1,1643897471
2536,1053,1,1581084005
2536,253,1,1597506963
2536,111,1,1607950539
2536,479,1,1596890204
2537,793,1,1639845564
2537,361,1,1619281663
2537,1102,1,1620747519
2537,137,1,1616763100
2537,453,1,1622996309
2538,793,1,1639841800
2538,1265,1,1641663757
2538,154,1,1601202059
2538,308,1,1631419183
2538,735,1,1587311696
2539,793,1,1639840959
2539,21,1,1640962405
2539,1054,1,1645445246
2539,15,1,1631676222
2539,932,1,1629572308
2539,286,1,1629907974
2539,976,1,1641831152
2540,793,1,1639824057
2540,1209,1,1643785490
2540,1381,1,1643388489
2540,609,1,1636235557
2540,15,1,1630334761
2540,445,1,1633095673
2540,350,1,1630345570
2540,101,1,1630921672
2541,793,1,1639811548
2541,1092,1,1630750169
2541,356,1,1582892259
2541,637,1,1578915314
2541,74,1,1631460062
2541,735,1,1587314524
2542,1420,1,1643639503
2542,1209,1,1643800894
2542,476,1,1631097744
2542,1131,1,1632209440
2542,243,1,1636195969
2543,1421,1,1643729941
2543,963,1,1639978536
2543,1054,1,1606217110
2543,1422,1,1636856742
2543,552,1,1612627096
2544,331,1,1644161577
2544,1415,1,1633514141
2544,719,1,1619919364
2544,196,1,1621139892
2544,618,1,1635086548
2544,385,1,1631698314
2544,74,1,1631696901
2544,510,1,1631697141
2545,331,1,1643555078
2545,730,1,1629043701
2545,898,1,1629091005
2545,920,1,1625168229
2545,1050,1,1631965054
2545,78,1,1640624665
2545,653,1,1638594524
2546,331,1,1643544116
2546,1372,1,1643889547
2546,467,1,1638506613
2546,1123,1,1593069724
2546,13,1,1606992357
2547,331,1,1643562312
2547,1209,1,1643737487
2547,456,1,1641751861
2547,1114,1,1620500239
2547,333,1,1644083547
2548,331,1,1643546746
2548,427,1,1644034328
2548,106,1,1643303127
2548,696,1,1644423689
2548,765,1,1644689432
2549,331,1,1643544590
2549,1209,1,1643764888
2549,643,1,1618841820
2549,1311,1,1613361335
2549,15,1,1630320506
2550,331,1,1643542769
2550,382,1,1613565990
2550,1152,1,1618306015
2550,508,1,1621030049
2550,393,1,1612778386
2551,331,1,1643557023
2551,64,1,1642607963
2551,186,1,1641266901
2551,951,1,1598234340
2551,295,1,1631528653
2551,542,1,1632928887
2551,1125,1,1598832419
2551,1199,1,1643082986
2551,17,1,1640108714
2551,1423,1,1640271285
2551,78,1,1599015885
2552,331,1,1643550403
2552,310,1,1599391108
2552,932,1,1630067150
2552,368,1,1630319385
2552,101,1,1629934362
2553,331,1,1643545807
2553,384,1,1636591028
2553,604,1,1636594067
2553,212,1,1644458455
2553,392,1,1637380015
2553,338,1,1645365964
2553,339,1,1614414893
2553,78,1,1637000465
2553,5,1,1646482070
2554,331,1,1643686795
2554,1209,1,1643720853
2554,918,1,1642521345
2554,183,1,1643984139
2554,463,1,1643932295
2555,331,1,1643544554
2555,798,1,1643965605
2555,294,1,1623651622
2555,918,1,1642411807
2555,137,1,1600582453
2555,731,1,1603785972
2556,331,1,1643580995
2556,561,1,1614702464
2556,1385,1,1643975228
2556,947,1,1605416184
2556,291,1,1612885739
2557,331,1,1643554506
2557,169,1,1642838466
2557,8,1,1627374079
2557,1199,1,1643175229
2557,1043,1,1625391021
2557,696,1,1642256893
2557,1211,1,1642218240
2558,331,1,1643549889
2558,1062,1,1644653647
2558,81,1,1644987123
2558,1424,1,1630681655
2558,602,1,1646740014
2559,331,1,1643544751
2559,798,1,1643976627
2559,501,1,1644140020
2559,719,1,1618123985
2559,540,1,1634572687
2559,770,1,1642361838
2560,1196,1,1643977070
2560,501,1,1644044422
2560,898,1,1643962853
2560,349,1,1645014951
2560,896,1,1643975726
2560,897,1,1643963336
2561,1196,1,1643970105
2561,756,1,1643619547
2561,899,1,1632112367
2561,898,1,1628660272
2561,896,1,1628739664
2561,704,1,1628909811
2561,897,1,1628659438
2562,1196,1,1643968023
2562,756,1,1643880426
2562,1096,1,1643815562
2562,966,1,1635605213
2562,898,1,1643126905
2562,1263,1,1644559339
2562,617,1,1644559577
2562,391,1,1636720468
2562,896,1,1643127105
2563,1196,1,1643979488
2563,756,1,1643771238
2563,805,1,1626963659
2563,730,1,1626492767
2563,719,1,1626433877
2563,898,1,1627129784
2563,1013,1,1644366270
2563,896,1,1643772038
2564,1196,1,1644053649
2564,756,1,1643627026
2564,1425,1,1640693126
2564,805,1,1640004707
2564,730,1,1639822819
2564,898,1,1640150341
2564,896,1,1646801829
2565,1426,1,1644050665
2565,1427,1,1643809323
2565,868,1,1642077141
2565,1097,1,1643014044
2565,1428,1,1643365159
2565,1429,1,1643102699
2566,1426,1,1643942743
2566,1430,1,1643965568
2566,868,1,1643943118
2566,1097,1,1643942119
2566,1428,1,1645870066
2566,1429,1,1643974884
2567,1431,1,1644100935
2567,421,1,1644232470
2567,1353,1,1640465325
2567,463,1,1643282524
2567,696,1,1642677027
2568,1401,1,1639846343
2568,1419,1,1641307142
2568,1171,1,1622728955
2568,1156,1,1623056381
2568,243,1,1636212952
2568,126,1,1636897347
2568,439,1,1638722594
2568,78,1,1626364901
2568,696,1,1642177800
2568,283,1,1629202797
2569,1401,1,1639839994
2569,271,1,1644065810
2569,505,1,1639904900
2569,1432,1,1645714032
2569,205,1,1643704287
2570,1401,1,1639832517
2570,8,1,1627508588
2570,1321,1,1586094435
2570,362,1,1630024862
2570,980,1,1624957355
2571,1401,1,1639901281
2571,271,1,1644053015
2571,1433,1,1643959406
2571,970,1,1554373058
2571,1280,1,1618898825
2571,1300,1,1626436262
2571,646,1,1636883005
2572,1401,1,1639876204
2572,1053,1,1599544299
2572,356,1,1555160705
2572,621,1,1634235789
2572,78,1,1638104379
2572,31,1,1643030573
2573,1401,1,1639825753
2573,1434,1,1644120107
2573,679,1,1571845854
2573,918,1,1642304567
2573,242,1,1595246421
2573,243,1,1636299201
2573,609,1,1637660176
2573,509,1,1635764883
2574,1401,1,1639820911
2574,501,1,1644064727
2574,1419,1,1641296720
2574,757,1,1632962751
2574,1195,1,1642849046
2575,1435,1,1644047084
2575,1398,1,1643343675
2575,1278,1,1634375120
2575,17,1,1640160674
2575,510,1,1630316271
2576,756,1,1643725437
2576,747,1,1635663008
2576,827,1,1635663152
2576,289,1,1642243608
2576,896,1,1617543242
2576,291,1,1643248838
2577,756,1,1643625087
2577,1018,1,1640101457
2577,1390,1,1637326539
2577,1014,1,1633688182
2577,896,1,1643002120
2578,756,1,1643619538
2578,1147,1,1638851393
2578,732,1,1553869544
2578,675,1,1636520988
2578,704,1,1605409723
2579,756,1,1643717309
2579,1366,1,1644055802
2579,899,1,1642554023
2579,805,1,1642297125
2579,730,1,1642227270
2579,719,1,1642226698
2579,766,1,1642383993
2579,898,1,1642379995
2579,908,1,1642598578
2580,756,1,1643624778
2580,899,1,1619439064
2580,805,1,1615465268
2580,1130,1,1622184034
2580,896,1,1615624152
2580,1161,1,1626969163
2580,897,1,1627992480
2581,756,1,1643620652
2581,664,1,1594185986
2581,896,1,1615622486
2581,78,1,1596715934
2581,246,1,1600488698
2581,115,1,1613117380
2582,756,1,1643643352
2582,1366,1,1643822771
2582,484,1,1644163590
2582,899,1,1619451796
2582,805,1,1615480085
2582,757,1,1642961118
2582,1032,1,1611852191
2582,954,1,1621096378
2582,1187,1,1617034085
2582,207,1,1606527495
2582,704,1,1621691561
2582,908,1,1636737524
2582,653,1,1643530620
2583,756,1,1643621118
2583,991,1,1640855902
2583,805,1,1626106584
2583,898,1,1627122685
2583,621,1,1615817985
2583,523,1,1614258188
2583,1413,1,1621411110
2583,897,1,1628175497
2584,756,1,1643871120
2584,1436,1,1644135557
2584,1433,1,1643956293
2584,913,1,1629167338
2584,205,1,1643610430
2585,756,1,1643776632
2585,485,1,1613708573
2585,1093,1,1577530339
2585,704,1,1605267089
2585,897,1,1627995078
2586,756,1,1643619747
2586,64,1,1642607395
2586,163,1,1609661731
2586,770,1,1640279424
2586,559,1,1644688888
2587,756,1,1643688219
2587,615,1,1643106503
2587,46,1,1643628032
2587,688,1,1631172211
2587,765,1,1643167529
2588,1437,1,1642070688
2588,807,1,1644945893
2588,757,1,1644518367
2588,87,1,1614532100
2588,155,1,1618504704
2589,1438,1,1644151905
2589,791,1,1626529724
2589,820,1,1627821873
2589,1171,1,1623582756
2589,1249,1,1629465818
2589,463,1,1642592014
2590,1439,1,1644071450
2590,1440,1,1642842321
2590,1441,1,1644239314
2590,927,1,1642749619
2590,1442,1,1641287283
2590,1443,1,1642386416
2590,1151,1,1641717043
2590,1444,1,1642269158
2590,799,1,1643054837
2590,807,1,1632928710
2590,1324,1,1639577175
2590,1321,1,1618992986
2590,1445,1,1642322071
2590,1402,1,1642675923
2590,463,1,1644751126
2590,1446,1,1643024160
2590,1291,1,1634221002
2590,1231,1,1642083777
2590,545,1,1626367067
2590,1062,1,1628762335
2590,1447,1,1642498139
2590,661,1,1631797812
2590,979,1,1639717370
2590,1142,1,1632587978
2590,1376,1,1642671910
2590,1448,1,1628754084
2590,1029,1,1621461963
2590,1377,1,1624678042
2590,810,1,1642083349
2590,1125,1,1619978129
2590,1244,1,1627592274
2590,1449,1,1644052104
2590,574,1,1641970996
2590,1422,1,1642891760
2590,1368,1,1630330133
2590,274,1,1631850004
2590,1232,1,1630856665
2590,154,1,1637875071
2590,939,1,1622133817
2590,786,1,1643043307
2590,1450,1,1643043145
2590,413,1,1643218471
2590,1300,1,1636533976
2590,660,1,1642580135
2590,739,1,1644661904
2590,156,1,1631884712
2591,1439,1,1643968465
2591,578,1,1556188880
2591,1353,1,1639401164
2591,716,1,1617514621
2591,196,1,1639404060
2591,488,1,1622740988
2592,1439,1,1643946655
2592,1032,1,1612100641
2592,439,1,1646578920
2592,427,1,1646577611
2592,128,1,1615908351
2593,1209,1,1643801563
2593,1451,1,1643801303
2593,963,1,1639149920
2593,1452,1,1630494305
2593,196,1,1627866577
2593,1252,1,1619535236
2593,653,1,1638357519
2594,1209,1,1643735445
2594,1265,1,1643300363
2594,830,1,1632041842
2594,186,1,1641526183
2594,467,1,1638688839
2594,335,1,1631179250
2595,1209,1,1643721988
2595,1244,1,1610977684
2595,1199,1,1643121174
2595,338,1,1552235768
2595,31,1,1643121446
2596,1209,1,1643808804
2596,1210,1,1642763127
2596,890,1,1554366660
2596,199,1,1488632196
2596,1311,1,1613281385
2597,1209,1,1643984388
2597,1453,1,1638192007
2597,599,1,1633513183
2597,1265,1,1642967063
2597,38,1,1638679221
2597,106,1,1607949064
2598,1209,1,1643909537
2598,1454,1,1596619183
2598,913,1,1624025217
2598,1311,1,1633936290
2598,137,1,1614411271
2599,1209,1,1643893937
2599,918,1,1643557254
2599,384,1,1636639140
2599,22,1,1636615666
2599,256,1,1643554900
2599,16,1,1639142894
2599,296,1,1627827128
2600,1209,1,1643790755
2600,361,1,1636973285
2600,1037,1,1606364253
2600,422,1,1638527335
2600,540,1,1636371657
2600,1270,1,1638852231
2600,1038,1,1636621796
2600,1311,1,1632492147
2600,951,1,1616239610
2600,964,1,1638529878
2600,969,1,1640620131
2600,30,1,1636374927
2600,13,1,1607166496
2601,1209,1,1643730744
2601,751,1,1630477141
2601,277,1,1570114818
2601,295,1,1631450758
2601,416,1,1633768477
2602,1209,1,1643727591
2602,1220,1,1643990126
2602,1398,1,1643344788
2602,571,1,1643990256
2602,980,1,1643729182
2603,1209,1,1643726816
2603,1342,1,1644165234
2603,1361,1,1644227529
2603,982,1,1622835590
2603,1249,1,1617776140
2603,1455,1,1642255783
2603,1346,1,1624910386
2603,155,1,1622049765
2603,78,1,1616084301
2604,1209,1,1643712660
2604,1034,1,1644115585
2604,561,1,1614691668
2604,461,1,1628984233
2604,1039,1,1617339187
2605,1209,1,1643711789
2605,3,1,1643615728
2605,211,1,1636233969
2605,1456,1,1619355464
2605,150,1,1615907165
2606,991,1,1640780652
2606,484,1,1644156343
2606,970,1,1625309733
2606,169,1,1642467336
2606,790,1,1642670990
2606,38,1,1638845479
2606,60,1,1620916345
2606,143,1,1634207044
2607,1457,1,1644030761
2607,642,1,1643100620
2607,22,1,1642296127
2607,119,1,1643506918
2607,74,1,1632197542
2607,696,1,1642325576
2608,1457,1,1643955845
2608,1398,1,1643554672
2608,963,1,1641817990
2608,186,1,1641292239
2608,427,1,1645596924
2608,78,1,1640525751
2609,1434,1,1644128711
2609,456,1,1641903791
2609,540,1,1642167684
2609,38,1,1642506348
2609,527,1,1644934465
2610,1434,1,1644157943
2610,186,1,1642601844
2610,386,1,1644231997
2610,282,1,1575947622
2610,31,1,1644291303
2611,1458,1,1643099807
2611,1398,1,1642732317
2611,1340,1,1642130880
2611,1459,1,1628482666
2611,1393,1,1645242963
2611,644,1,1630121108
2611,1460,1,1630222501
2611,1358,1,1645578607
2612,1458,1,1643036484
2612,598,1,1638699443
2612,418,1,1630390754
2612,186,1,1642402093
2612,257,1,1635774287
2613,1110,1,1643362039
2613,890,1,1554380118
2613,321,1,1596255524
2613,747,1,1580307841
2613,59,1,1609657007
2614,1110,1,1643260502
2614,305,1,1576390792
2614,841,1,1564070600
2614,111,1,1605781127
2614,510,1,1630336905
2615,1110,1,1643890400
2615,38,1,1638700799
2615,289,1,1614594588
2615,155,1,1604379024
2615,509,1,1635758851
2616,1110,1,1643368132
2616,702,1,1589975294
2616,757,1,1591106051
2616,211,1,1643163844
2616,880,1,1623934654
2616,699,1,1635741358
2616,672,1,1606553366
2616,413,1,1610888880
2617,1110,1,1643262192
2617,81,1,1643261997
2617,290,1,1585461228
2617,660,1,1638085429
2617,602,1,1615529326
2618,1110,1,1643255661
2618,863,1,1589097223
2618,1050,1,1635685216
2618,289,1,1614498684
2618,510,1,1630317988
2619,1347,1,1644070225
2619,84,1,1636368869
2619,336,1,1564229749
2619,338,1,1552748605
2619,357,1,1565446939
2620,1347,1,1644055599
2620,556,1,1643538014
2620,863,1,1589097408
2620,48,1,1641636632
2620,847,1,1636118290
2620,1244,1,1610788420
2621,1347,1,1644053127
2621,1220,1,1643983204
2621,527,1,1638009047
2621,559,1,1644654400
2621,15,1,1629625950
2621,16,1,1638618669
2621,777,1,1640249320
2621,5,1,1641640892
2622,1347,1,1644053198
2622,598,1,1638528127
2622,460,1,1623471863
2622,170,1,1635914403
2622,384,1,1636025363
2623,1347,1,1644158707
2623,556,1,1643619193
2623,1265,1,1642401760
2623,1264,1,1630333275
2623,557,1,1624755728
2624,1347,1,1644056558
2624,484,1,1644147828
2624,970,1,1561774208
2624,56,1,1644237393
2624,1325,1,1635242240
2624,1386,1,1634967923
2624,257,1,1634654249
2624,542,1,1634216007
2624,289,1,1615819094
2625,1347,1,1644051926
2625,421,1,1644231016
2625,1127,1,1643959517
2625,556,1,1643808096
2625,918,1,1642608351
2625,1157,1,1642610225
2625,1171,1,1622565444
2625,608,1,1635861074
2625,256,1,1642840532
2625,206,1,1605801395
2625,479,1,1582300363
2625,696,1,1642175180
2626,1347,1,1644140970
2626,540,1,1633357049
2626,206,1,1614939968
2626,143,1,1634483763
2626,1088,1,1578425441
2627,1210,1,1642864948
2627,615,1,1643003927
2627,1324,1,1634620412
2627,594,1,1615205796
2627,1300,1,1616477004
2628,1210,1,1642579434
2628,1409,1,1641326440
2628,211,1,1637550254
2628,22,1,1638356074
2628,214,1,1634801088
2628,74,1,1631476117
2629,1210,1,1642506522
2629,1169,1,1638318207
2629,1037,1,1596958339
2629,608,1,1638101013
2629,621,1,1615907142
2629,1054,1,1630236919
2629,184,1,1601101618
2629,256,1,1642833152
2629,257,1,1634977509
2629,775,1,1618114167
2629,696,1,1642473850
2629,1211,1,1646401924
2630,1210,1,1642502525
2630,1092,1,1636201371
2630,1167,1,1564481587
2630,970,1,1556879481
2630,977,1,1637479278
2630,428,1,1562636423
2630,777,1,1641306293
2631,1210,1,1642518784
2631,1461,1,1643116429
2631,382,1,1642654004
2631,777,1,1641523885
2631,1035,1,1625762565
2632,1210,1,1642503356
2632,781,1,1644214622
2632,1142,1,1578474734
2632,15,1,1631250865
2632,453,1,1607661995
2633,1210,1,1642501042
2633,501,1,1644022967
2633,1337,1,1618410312
2633,362,1,1617354014
2633,386,1,1631088313
2633,78,1,1598632520
2634,1210,1,1642501767
2634,1342,1,1644063613
2634,970,1,1556096631
2634,720,1,1629700639
2634,21,1,1640599547
2634,4,1,1608400708
2634,636,1,1593502600
2634,542,1,1632936413
2634,439,1,1638970893
2634,336,1,1564230048
2634,131,1,1638696354
2634,488,1,1611771987
2634,101,1,1629531218
2634,735,1,1617360449
2635,1210,1,1642660060
2635,1462,1,1645352335
2635,1311,1,1612884716
2635,920,1,1610287561
2635,1326,1,1627078107
2635,416,1,1634487638
2635,1463,1,1643453310
2636,1210,1,1642538202
2636,1464,1,1644171972
2636,58,1,1636024922
2636,574,1,1643310686
2636,683,1,1644593724
2637,1210,1,1642503337
2637,456,1,1641810317
2637,186,1,1641815131
2637,1465,1,1633268025
2637,291,1,1621914265
2638,1210,1,1643491796
2638,1324,1,1635260609
2638,1391,1,1594223084
2638,654,1,1594217011
2638,629,1,1596392999
2639,1210,1,1642500896
2639,137,1,1600488330
2639,527,1,1638009064
2639,775,1,1616840095
2639,660,1,1637936443
2640,484,1,1644194430
2640,1060,1,1637327322
2640,460,1,1624114098
2640,909,1,1630430828
2640,683,1,1644714605
2641,484,1,1644184337
2641,573,1,1634766988
2641,501,1,1643931410
2641,123,1,1615318385
2641,508,1,1626727145
2641,833,1,1619975377
2641,732,1,1625272806
2642,484,1,1644153891
2642,3,1,1644156091
2642,720,1,1629286051
2642,743,1,1623934851
2642,22,1,1642340426
2642,664,1,1619614386
2642,277,1,1626865404
2642,285,1,1619110093
2642,672,1,1612544283
2642,111,1,1612544040
2643,484,1,1644143299
2643,460,1,1623455434
2643,643,1,1618824872
2643,109,1,1636450268
2643,559,1,1644654117
2643,508,1,1620986726
2643,833,1,1619943285
2643,73,1,1642499214
2643,312,1,1590060610
2643,296,1,1627288065
2643,115,1,1613116930
2644,484,1,1644139304
2644,1077,1,1644231002
2644,475,1,1597562030
2644,820,1,1615629631
2644,460,1,1623434650
2644,836,1,1643793402
2644,716,1,1617791321
2644,1375,1,1644948434
2644,1377,1,1604488717
2644,585,1,1585810645
2644,638,1,1573205665
2645,484,1,1644136385
2645,64,1,1642582658
2645,1324,1,1644770417
2645,654,1,1590907102
2645,335,1,1634974243
2645,473,1,1635703206
2645,833,1,1635075949
2646,484,1,1644140195
2646,1466,1,1606910477
2646,1269,1,1636980147
2646,243,1,1636193308
2646,238,1,1606490455
2646,1467,1,1634472606
2646,1326,1,1622187328
2646,1247,1,1632626476
2646,1463,1,1643470467
2647,484,1,1644202292
2647,1220,1,1643981939
2647,902,1,1599406156
2647,833,1,1619961225
2647,488,1,1609196182
2648,484,1,1644180550
2648,77,1,1607585329
2648,637,1,1568754110
2648,308,1,1630147084
2648,1468,1,1642108214
2648,207,1,1607342766
2649,484,1,1644180401
2649,1093,1,1577649170
2649,625,1,1592408462
2649,4,1,1640556560
2649,214,1,1641345279
2649,253,1,1592010239
2649,833,1,1645979414
2649,312,1,1590064607
2649,290,1,1585658833
2649,884,1,1590207878
2650,484,1,1644175172
2650,418,1,1629885578
2650,186,1,1644174742
2650,559,1,1645465747
2650,777,1,1640878763
2650,479,1,1589458430
2650,1211,1,1644174357
2651,484,1,1644173487
2651,1204,1,1643096978
2651,37,1,1634969308
2651,53,1,1631533654
2651,612,1,1588703166
2651,312,1,1590701949
2651,267,1,1622801153
2651,115,1,1614467916
2652,484,1,1644172940
2652,766,1,1601314106
2652,559,1,1644655221
2652,649,1,1613408937
2652,508,1,1622659677
2652,585,1,1586209625
2652,777,1,1640250252
2652,115,1,1613243374
2653,484,1,1644170205
2653,460,1,1623509831
2653,649,1,1618135789
2653,833,1,1619943219
2653,296,1,1627313811
2653,777,1,1640268179
2654,484,1,1644170090
2654,1357,1,1630818596
2654,137,1,1603638496
2654,1469,1,1625326338
2654,335,1,1633162402
2654,1336,1,1496315233
2655,484,1,1644164765
2655,720,1,1628871799
2655,742,1,1619105541
2655,238,1,1601885900
2655,731,1,1603526886
2655,413,1,1610976645
2656,484,1,1644162555
2656,594,1,1615028140
2656,1147,1,1638853882
2656,777,1,1640259769
2656,1082,1,1598779676
2657,484,1,1644161688
2657,519,1,1616522617
2657,968,1,1614876388
2657,190,1,1616407697
2657,362,1,1614447324
2657,214,1,1633270087
2657,238,1,1635342948
2657,833,1,1620036686
2658,484,1,1644161613
2658,628,1,1620582373
2658,363,1,1631392332
2658,296,1,1646059890
2658,308,1,1637077861
2659,484,1,1644161501
2659,1186,1,1643806308
2659,594,1,1615113052
2659,126,1,1612099181
2659,508,1,1621096370
2659,833,1,1619942575
2659,73,1,1642509170
2659,672,1,1606557425
2659,115,1,1613216981
2659,283,1,1619182957
2660,484,1,1644161295
2660,778,1,1599401211
2660,882,1,1604674189
2660,305,1,1576474652
2660,1142,1,1577144074
2660,954,1,1577769049
2660,127,1,1573453308
2660,1125,1,1599627558
2660,889,1,1572072215
2660,97,1,1578388814
2660,207,1,1606223336
2661,484,1,1644160086
2661,1412,1,1543953733
2661,422,1,1637696354
2661,49,1,1572267264
2661,617,1,1645126939
2662,484,1,1644159703
2662,1451,1,1643868600
2662,1064,1,1572268853
2662,1263,1,1642945983
2662,482,1,1597236488
2663,484,1,1644154409
2663,361,1,1627690139
2663,367,1,1629515940
2663,324,1,1613381846
2663,819,1,1628163058
2663,505,1,1629194729
2663,463,1,1643635902
2663,688,1,1628843301
2663,1325,1,1645456660
2663,1152,1,1616939276
2663,1099,1,1638712115
2663,521,1,1639635490
2663,649,1,1643211676
2663,373,1,1627016645
2663,509,1,1635738736
2663,306,1,1612875451
2663,27,1,1645629700
2664,484,1,1644154271
2664,852,1,1570020748
2664,637,1,1568715447
2664,150,1,1615025489
2664,644,1,1611135817
2665,484,1,1644154045
2665,447,1,1644218081
2665,475,1,1592052415
2665,1269,1,1636014576
2665,884,1,1590209878
2665,735,1,1588340570
2666,484,1,1644153763
2666,642,1,1638062886
2666,1022,1,1604655109
2666,39,1,1601465702
2666,696,1,1643300812
2666,291,1,1612155205
2667,484,1,1644149911
2667,882,1,1629304796
2667,982,1,1631947012
2667,667,1,1606844019
2667,1134,1,1587300930
2667,126,1,1633281488
2667,233,1,1600687311
2667,969,1,1600558192
2667,889,1,1602780653
2667,253,1,1602245258
2667,430,1,1580685937
2667,659,1,1601147731
2667,339,1,1642102601
2667,128,1,1608403424
2667,283,1,1644270672
2667,151,1,1580596776
2668,484,1,1644148347
2668,1283,1,1635226061
2668,648,1,1561250770
2668,196,1,1635089204
2668,777,1,1642052605
2668,1035,1,1644242821
2668,13,1,1636167271
2669,484,1,1644148341
2669,36,1,1633244555
2669,790,1,1633615084
2669,1470,1,1598022520
2669,48,1,1641734037
2669,137,1,1601101401
2669,1386,1,1633793246
2669,1152,1,1616984855
2669,1387,1,1633347667
2669,119,1,1644507317
2669,308,1,1630394878
2669,735,1,1587286007
2670,484,1,1644147631
2670,26,1,1629119886
2670,628,1,1640178987
2670,49,1,1592583870
2670,319,1,1629042762
2670,853,1,1637932003
2670,649,1,1621859734
2670,585,1,1586092937
2670,373,1,1627217338
2670,115,1,1620996821
2671,484,1,1644146840
2671,277,1,1556293783
2671,1050,1,1626788054
2671,777,1,1640248676
2671,765,1,1643796337
2672,484,1,1644146789
2672,581,1,1635221860
2672,311,1,1621073750
2672,1117,1,1615220090
2672,990,1,1633794728
2672,242,1,1615391572
2672,77,1,1615042398
2672,362,1,1644854093
2672,744,1,1633787245
2672,916,1,1616858523
2672,692,1,1635694468
2672,455,1,1615391391
2672,649,1,1644147762
2672,289,1,1622290595
2672,290,1,1616900931
2672,775,1,1617433982
2672,1315,1,1647953073
2673,484,1,1644145954
2673,501,1,1644040726
2673,158,1,1634557787
2673,77,1,1609332184
2673,629,1,1590720408
2673,246,1,1600562632
2674,484,1,1644145620
2674,212,1,1643205885
2674,1070,1,1598714089
2674,473,1,1632235432
2674,296,1,1627997892
2674,761,1,1630828795
2675,484,1,1644144959
2675,1104,1,1589977230
2675,118,1,1634475500
2675,751,1,1629866397
2675,1252,1,1588258435
2676,484,1,1644144708
2676,1265,1,1641212153
2676,1269,1,1636578171
2676,654,1,1605943607
2676,487,1,1639545384
2676,196,1,1637850701
2676,1471,1,1634526041
2676,928,1,1638900592
2676,902,1,1599639745
2676,308,1,1630484141
2676,115,1,1613234834
2677,484,1,1644144169
2677,1090,1,1635190210
2677,1018,1,1577119488
2677,349,1,1634672854
2677,559,1,1645122514
2678,484,1,1644142853
2678,849,1,1586083796
2678,460,1,1623493192
2678,813,1,1576493490
2678,688,1,1630628421
2678,609,1,1638347067
2679,484,1,1644142428
2679,1220,1,1643978940
2679,1472,1,1642950228
2679,534,1,1594218314
2679,460,1,1623425038
2679,968,1,1593787055
2680,484,1,1644142335
2680,109,1,1636455312
2680,349,1,1633175785
2680,559,1,1644660721
2680,833,1,1619962478
2680,16,1,1638621401
2681,1342,1,1644125465
2681,516,1,1642261375
2681,581,1,1602159559
2681,542,1,1632913222
2681,1301,1,1581074831
2681,775,1,1618118220
2682,1342,1,1644062895
2682,485,1,1607139049
2682,1218,1,1607149877
2682,125,1,1566657433
2682,934,1,1579358698
2682,277,1,1624770762
2682,1244,1,1610926289
2683,1342,1,1644162126
2683,8,1,1628661300
2683,1324,1,1633130216
2683,1357,1,1617555734
2683,163,1,1609248233
2683,920,1,1617556095
2683,137,1,1618138267
2683,858,1,1599823437
2683,1473,1,1571658084
2683,658,1,1566056244
2683,154,1,1600495483
2684,1342,1,1644075014
2684,913,1,1627084767
2684,272,1,1641821077
2684,934,1,1613969468
2684,126,1,1617596808
2684,527,1,1638010420
2684,252,1,1631121413
2684,521,1,1639542062
2684,368,1,1630162673
2684,291,1,1614521661
2685,1342,1,1644166127
2685,838,1,1622559136
2685,1238,1,1595769088
2685,747,1,1628150691
2685,664,1,1595169317
2685,140,1,1608054874
2685,473,1,1635425082
2685,1050,1,1627098192
2685,132,1,1640707393
2685,848,1,1598542239
2685,589,1,1643038723
2686,1342,1,1644114462
2686,751,1,1630115570
2686,335,1,1631178232
2686,683,1,1644659709
2686,777,1,1641117155
2687,1342,1,1644081733
2687,1037,1,1602087875
2687,335,1,1635801579
2687,683,1,1645875942
2687,24,1,1643719840
2688,1342,1,1644078543
2688,294,1,1641217091
2688,849,1,1639308480
2688,310,1,1598445499
2688,272,1,1641822911
2688,471,1,1625149252
2688,621,1,1627236779
2688,140,1,1589259543
2688,184,1,1602846110
2688,649,1,1599906140
2688,932,1,1629046761
2688,646,1,1639225997
2689,1342,1,1644062531
2689,199,1,1552369166
2689,131,1,1638695882
2689,132,1,1640856727
2689,156,1,1632400604
2690,1342,1,1644062149
2690,798,1,1643977263
2690,516,1,1639883251
2690,132,1,1640690710
2690,133,1,1636190218
2691,1279,1,1643884247
2691,210,1,1628915604
2691,1264,1,1632221441
2691,1311,1,1614483561
2691,763,1,1628914664
2692,1279,1,1643884373
2692,501,1,1644213757
2692,456,1,1641811752
2692,439,1,1641972617
2692,78,1,1628782265
2693,1279,1,1644026589
2693,1470,1,1598069180
2693,243,1,1636185383
2693,155,1,1564658362
2693,1247,1,1631172696
2694,1279,1,1643988119
2694,186,1,1641266906
2694,964,1,1635574763
2694,439,1,1638683440
2694,17,1,1640161031
2695,1279,1,1643956688
2695,36,1,1634198514
2695,542,1,1632917437
2695,426,1,1638940451
2695,155,1,1645429625
2696,1279,1,1643954798
2696,1150,1,1568432536
2696,1097,1,1633824175
2696,22,1,1634318139
2696,841,1,1564063353
2696,644,1,1611129989
2696,646,1,1608630802
2697,1279,1,1643906619
2697,1474,1,1589292584
2697,774,1,1643910262
2697,963,1,1638718385
2697,1183,1,1616582274
2697,561,1,1616929881
2697,1332,1,1631263596
2697,481,1,1606870975
2697,1161,1,1630005999
2697,1475,1,1647428956
2698,1279,1,1643906574
2698,212,1,1643873340
2698,1476,1,1619210568
2698,675,1,1639074469
2698,156,1,1631939535
2699,1279,1,1643897983
2699,1060,1,1637855961
2699,1092,1,1632136981
2699,3,1,1643621930
2699,909,1,1631457248
2699,211,1,1637474878
2699,505,1,1630721018
2699,22,1,1635609105
2699,58,1,1635373037
2699,349,1,1634460754
2699,24,1,1641809078
2699,644,1,1611503187
2699,283,1,1619699551
2699,27,1,1619361558
2699,589,1,1641997938
2700,1279,1,1643892706
2700,77,1,1607604156
2700,609,1,1636273059
2700,792,1,1634653439
2700,1300,1,1585843962
2701,1212,1,1643366545
2701,3,1,1643628594
2701,211,1,1636255587
2701,133,1,1636258125
2701,24,1,1641780632
2702,1212,1,1643345051
2702,1154,1,1642154884
2702,447,1,1644207715
2702,421,1,1644228734
2702,1119,1,1610594219
2703,931,1,1642860697
2703,330,1,1643391421
2703,1269,1,1635000907
2703,628,1,1641968740
2703,473,1,1646314715
2703,1199,1,1644570144
2703,386,1,1631422194
2703,479,1,1645877834
2703,221,1,1629081473
2704,931,1,1642600925
2704,159,1,1595176516
2704,384,1,1636028558
2704,604,1,1626376276
2704,1477,1,1644595098
2704,391,1,1637416369
2704,1387,1,1635434018
2704,792,1,1632752772
2704,508,1,1646496209
2705,931,1,1642600904
2705,3,1,1643872083
2705,487,1,1637493206
2705,186,1,1641292166
2705,467,1,1638507299
2705,1164,1,1587729374
2705,413,1,1610883793
2705,5,1,1643785585
2706,931,1,1642599893
2706,126,1,1573790501
2706,186,1,1641267335
2706,278,1,1573390854
2706,585,1,1585797013
2706,312,1,1589978268
2706,31,1,1643083196
2707,931,1,1642686883
2707,1294,1,1644075566
2707,882,1,1608216821
2707,594,1,1615027502
2707,371,1,1596257036
2707,373,1,1582295261
2707,207,1,1605758511
2708,931,1,1642617527
2708,362,1,1613124845
2708,649,1,1610018965
2708,115,1,1614693887
2708,283,1,1621465481
2709,931,1,1642596279
2709,1478,1,1625918830
2709,37,1,1642347241
2709,22,1,1643294538
2709,60,1,1625645426
2709,649,1,1642895091
2710,931,1,1642594608
2710,37,1,1639134943
2710,1333,1,1635981233
2710,422,1,1637582092
2710,1479,1,1631354455
2710,1477,1,1639496901
2711,931,1,1642887744
2711,169,1,1642891521
2711,929,1,1643389384
2711,1269,1,1636482613
2711,473,1,1630869876
2711,1211,1,1642893136
2712,931,1,1642751972
2712,1391,1,1590774071
2712,131,1,1638870734
2712,133,1,1637257056
2712,373,1,1583149980
2712,696,1,1642185983
2713,931,1,1643937561
2713,1183,1,1617694357
2713,688,1,1633072284
2713,853,1,1608898223
2713,445,1,1632546067
2713,503,1,1633871532
2713,1043,1,1624627420
2713,884,1,1590396348
2714,931,1,1643013127
2714,266,1,1615469913
2714,1056,1,1644249621
2714,444,1,1634464931
2714,487,1,1637397574
2714,289,1,1644163723
2715,931,1,1642839103
2715,421,1,1644230275
2715,1265,1,1642839589
2715,1325,1,1631702928
2715,508,1,1642163426
2716,931,1,1642767841
2716,46,1,1609592030
2716,190,1,1615778710
2716,214,1,1632720798
2716,1199,1,1643094655
2717,931,1,1642695457
2717,636,1,1619523454
2717,1390,1,1619588168
2717,1326,1,1626714263
2717,453,1,1638793141
2718,931,1,1642673333
2718,556,1,1643604988
2718,126,1,1598747878
2718,214,1,1643178982
2718,947,1,1605602099
2718,765,1,1643087994
2719,931,1,1642608170
2719,1062,1,1613816523
2719,243,1,1636175697
2719,126,1,1572863964
2719,285,1,1589463622
2720,931,1,1642598223
2720,1220,1,1643979395
2720,1387,1,1633138353
2720,1473,1,1572052044
2720,1035,1,1621948723
2721,931,1,1642596328
2721,361,1,1629374469
2721,418,1,1640056857
2721,1480,1,1642331592
2721,467,1,1638707468
2721,1199,1,1645676658
2721,427,1,1645342178
2722,1154,1,1642171961
2722,83,1,1613368830
2722,457,1,1624292090
2722,64,1,1642612747
2722,163,1,1611334131
2722,48,1,1641667001
2722,295,1,1632308268
2722,87,1,1614268041
2722,16,1,1638621819
2723,1154,1,1642160957
2723,996,1,1590596457
2723,770,1,1640015259
2723,160,1,1590597918
2723,672,1,1607930171
2724,1154,1,1642165092
2724,516,1,1641181709
2724,485,1,1621160021
2724,216,1,1644337340
2724,372,1,1590983892
2725,1294,1,1644164505
2725,460,1,1623437041
2725,1333,1,1636922049
2725,22,1,1634537501
2725,171,1,1631516830
2725,24,1,1641754760
2725,308,1,1631574137
2726,1294,1,1644162901
2726,796,1,1642776436
2726,995,1,1639600950
2726,60,1,1620927698
2726,947,1,1607795521
2726,777,1,1641534457
2727,1294,1,1644155792
2727,1392,1,1622471048
2727,1038,1,1597154993
2727,114,1,1614600083
2727,1178,1,1642684308
2727,150,1,1615024408
2727,683,1,1645957280
2727,1257,1,1608183863
2727,413,1,1610874945
2728,1294,1,1644147908
2728,1324,1,1633827357
2728,418,1,1631859339
2728,1032,1,1614617272
2728,467,1,1638724579
2728,526,1,1637988655
2728,1422,1,1636557847
2728,131,1,1638722997
2728,1043,1,1624976368
2729,1294,1,1644134043
2729,927,1,1634008661
2729,1324,1,1633053070
2729,1481,1,1623479986
2729,1311,1,1619388590
2730,1482,1,1644203344
2730,598,1,1640121605
2730,118,1,1635043706
2730,885,1,1592395830
2730,74,1,1631454435
2731,157,1,1642191635
2731,1159,1,1633290443
2731,1333,1,1636802991
2731,459,1,1632413894
2731,696,1,1644433508
2732,1483,1,1643946399
2732,1455,1,1641444746
2732,699,1,1635644946
2732,1246,1,1630482779
2732,653,1,1638512598
2733,1483,1,1643117243
2733,1092,1,1635313674
2733,1119,1,1619533716
2733,604,1,1626768764
2733,459,1,1634293119
2733,467,1,1641040647
2734,1484,1,1643809753
2734,1485,1,1643449686
2734,1077,1,1644228686
2734,819,1,1613021184
2734,1392,1,1622801859
2734,1486,1,1625631327
2734,523,1,1614180756
2734,201,1,1627382259
2735,1436,1,1644144082
2735,271,1,1644070614
2735,1433,1,1643956829
2735,873,1,1641383800
2735,1432,1,1644306974
2735,205,1,1643950653
2736,1436,1,1644131067
2736,271,1,1644053169
2736,873,1,1641368819
2736,1432,1,1644299857
2736,205,1,1643609424
2737,1436,1,1644131337
2737,648,1,1528471763
2737,612,1,1603079247
2737,196,1,1621865906
2737,1088,1,1578378186
2738,1436,1,1644131221
2738,271,1,1644053005
2738,1433,1,1643959461
2738,873,1,1643962527
2738,1432,1,1644299297
2739,1436,1,1644143297
2739,629,1,1592995577
2739,617,1,1596178961
2739,229,1,1594487557
2739,16,1,1640886821
2739,848,1,1597236682
2740,1436,1,1644160596
2740,271,1,1644161202
2740,1433,1,1643956568
2740,1219,1,1601634889
2740,873,1,1641398418
2740,205,1,1643607261
2740,1088,1,1641313120
2741,1436,1,1644152006
2741,271,1,1644050400
2741,1433,1,1643965544
2741,873,1,1641365268
2741,1432,1,1644300235
2741,205,1,1643642805
2742,1436,1,1644133568
2742,153,1,1608095797
2742,515,1,1589369093
2742,1432,1,1644306065
2742,205,1,1643651055
2742,1071,1,1641729008
2742,874,1,1632197280
2743,1436,1,1644132508
2743,873,1,1642721222
2743,126,1,1572404907
2743,1448,1,1626109871
2743,1088,1,1610347438
2744,1487,1,1642219288
2744,918,1,1642850425
2744,163,1,1609073212
2744,132,1,1640685304
2744,602,1,1615640053
2745,1220,1,1644149463
2745,730,1,1614943116
2745,1138,1,1644239945
2745,163,1,1609093042
2745,1386,1,1633543390
2745,571,1,1599968509
2745,833,1,1620215299
2745,246,1,1611888574
2746,1220,1,1643981200
2746,1365,1,1642844521
2746,281,1,1567277682
2746,131,1,1638705316
2746,133,1,1636194115
2746,1163,1,1613224384
2747,1220,1,1643980786
2747,1090,1,1634104528
2747,873,1,1641367016
2747,643,1,1620138219
2747,852,1,1623543980
2747,526,1,1632983913
2747,160,1,1589118255
2747,234,1,1599956932
2747,559,1,1644655715
2747,692,1,1609591333
2747,132,1,1640788792
2747,133,1,1637562911
2747,659,1,1601178977
2747,777,1,1640249729
2747,989,1,1623838015
2748,1155,1,1641894222
2748,1102,1,1619958354
2748,1459,1,1629978409
2748,547,1,1630585967
2748,848,1,1619958822
2749,1488,1,1644044596
2749,1037,1,1597760438
2749,1269,1,1634902352
2749,1489,1,1634379707
2749,207,1,1638614108
2750,1488,1,1643984530
2750,1283,1,1639493194
2750,1391,1,1612540478
2750,106,1,1608003404
2750,433,1,1608032365
2751,447,1,1644209836
2751,1032,1,1619877544
2751,858,1,1628758961
2751,1199,1,1644434864
2751,427,1,1644122165
2752,447,1,1644208908
2752,1490,1,1639231698
2752,1204,1,1642847761
2752,4,1,1608113504
2752,60,1,1620908355
2752,502,1,1642318376
2752,509,1,1635736165
2752,739,1,1622473617
2753,447,1,1644206901
2753,937,1,1633446565
2753,382,1,1631112607
2753,879,1,1629269920
2753,880,1,1629161232
2753,46,1,1631115528
2753,1147,1,1638883276
2753,506,1,1641821703
2753,385,1,1631103416
2753,659,1,1631627125
2754,447,1,1644221579
2754,1218,1,1565090715
2754,422,1,1637641512
2754,545,1,1628319020
2754,291,1,1613481435
2755,447,1,1644218465
2755,1479,1,1583609428
2755,196,1,1628261810
2755,418,1,1629294437
2755,186,1,1641286776
2755,792,1,1632826555
2755,267,1,1624361422
2756,447,1,1644210898
2756,540,1,1632561076
2756,467,1,1638507095
2756,221,1,1579601231
2756,31,1,1643001640
2757,447,1,1644210471
2757,1183,1,1639752126
2757,422,1,1637581666
2757,604,1,1634481698
2757,502,1,1642303959
2757,981,1,1635869264
2758,447,1,1644208636
2758,1199,1,1643082100
2758,508,1,1621013102
2758,312,1,1590623428
2758,106,1,1607936069
2758,221,1,1580216590
2759,447,1,1644208566
2759,214,1,1632888539
2759,1275,1,1636031943
2759,252,1,1631184292
2759,39,1,1599980372
2759,291,1,1641655023
2760,447,1,1644207789
2760,766,1,1590589219
2760,46,1,1609472741
2760,763,1,1626860040
2760,618,1,1637850408
2760,1491,1,1640266728
2760,1257,1,1566994923
2760,128,1,1568642379
2761,447,1,1644207165
2761,573,1,1634731452
2761,969,1,1586772437
2761,508,1,1620987547
2761,1079,1,1630146064
2761,78,1,1630248993
2762,447,1,1644206993
2762,1034,1,1644153045
2762,60,1,1630634770
2762,171,1,1631536054
2762,291,1,1621820445
2763,1492,1,1644216628
2763,501,1,1643963728
2763,1025,1,1643195376
2763,158,1,1635324031
2763,790,1,1635400816
2763,1071,1,1643195339
2764,1492,1,1644198934
2764,1248,1,1600616239
2764,1150,1,1572856931
2764,879,1,1601221939
2764,238,1,1602495333
2764,508,1,1620988243
2764,1358,1,1629857345
2765,1485,1,1643466600
2765,184,1,1601131110
2765,1367,1,1621311847
2765,1071,1,1641736601
2765,1079,1,1630146726
2765,482,1,1597241675
2766,1485,1,1643452488
2766,1204,1,1643131070
2766,1278,1,1645088722
2766,192,1,1598105848
2766,1161,1,1626201360
2767,1485,1,1643454493
2767,798,1,1643968815
2767,118,1,1634385787
2767,384,1,1636166186
2767,463,1,1641724245
2767,391,1,1636634509
2767,426,1,1637421498
2767,252,1,1631109709
2767,1278,1,1632741756
2767,368,1,1630245728
2768,1485,1,1643447460
2768,966,1,1630561593
2768,305,1,1575120668
2768,1412,1,1545064668
2768,1064,1,1571157156
2769,1485,1,1643631039
2769,100,1,1630889397
2769,629,1,1594266595
2769,385,1,1633008476
2769,559,1,1644654367
2770,1485,1,1643886554
2770,1361,1,1644202989
2770,1441,1,1644202236
2770,403,1,1642704161
2770,1152,1,1617004195
2770,437,1,1620902139
2770,101,1,1629363324
2770,180,1,1616752820
2770,42,1,1621466623
2770,1493,1,1626119805
2771,1485,1,1643877257
2771,429,1,1562504332
2771,252,1,1631189612
2771,368,1,1630415755
2771,1079,1,1630672577
2771,245,1,1598718968
2771,156,1,1632485253
2772,1485,1,1643469672
2772,842,1,1641216372
2772,397,1,1631607645
2772,372,1,1591707811
2772,884,1,1590172909
2773,1485,1,1643449420
2773,1053,1,1579595069
2773,954,1,1584451563
2773,1301,1,1587893548
2773,735,1,1587186411
2774,1485,1,1643449309
2774,305,1,1592712260
2774,321,1,1594376471
2774,1029,1,1588638848
2774,1003,1,1590162761
2774,884,1,1590162910
2775,271,1,1644075010
2775,873,1,1641363289
2775,1432,1,1644505455
2775,1045,1,1613131798
2775,205,1,1643640314
2776,271,1,1644121254
2776,608,1,1635740993
2776,1416,1,1626772470
2776,648,1,1555258371
2776,873,1,1641740343
2777,271,1,1644068332
2777,1494,1,1541689321
2777,918,1,1642430200
2777,1495,1,1556200757
2777,457,1,1623685256
2777,1131,1,1632152762
2777,1280,1,1618900110
2777,1432,1,1644335209
2777,629,1,1617904351
2777,131,1,1639931891
2777,1003,1,1590159907
2777,1088,1,1578486643
2777,1247,1,1631110389
2778,271,1,1644065389
2778,873,1,1641366598
2778,1432,1,1644301568
2778,15,1,1629625235
2778,205,1,1643609924
2778,521,1,1639491455
2779,1305,1,1643816880
2779,535,1,1592714594
2779,1093,1,1579081721
2779,126,1,1573330349
2779,848,1,1586193828
2780,1305,1,1643236867
2780,561,1,1617031828
2780,1073,1,1632928565
2780,747,1,1576320167
2780,481,1,1606751656
2780,49,1,1572083870
2781,421,1,1644229778
2781,170,1,1635774408
2781,53,1,1632737424
2781,488,1,1610161395
2781,291,1,1619719497
2782,421,1,1644228442
2782,1159,1,1635572291
2782,1383,1,1631622732
2782,422,1,1637577996
2782,618,1,1636550648
2783,421,1,1644226558
2783,361,1,1642261199
2783,170,1,1643396303
2783,1311,1,1637916257
2783,467,1,1638881918
2783,1326,1,1622124605
2784,421,1,1644226402
2784,1114,1,1620843625
2784,1346,1,1610181704
2784,671,1,1625893526
2784,16,1,1638699433
2784,201,1,1627775101
2785,421,1,1644226183
2785,1341,1,1600430894
2785,1090,1,1633255078
2785,216,1,1644763040
2785,964,1,1638289143
2786,421,1,1644225924
2786,791,1,1626968085
2786,38,1,1639116776
2786,1032,1,1626673509
2786,527,1,1639294273
2786,1300,1,1642399984
2787,421,1,1644225649
2787,1268,1,1643620325
2787,422,1,1644084890
2787,1386,1,1640079074
2787,329,1,1643881934
2788,1274,1,1643432475
2788,599,1,1642236776
2788,118,1,1640951370
2788,719,1,1620198130
2788,382,1,1642745806
2788,604,1,1633246640
2788,1496,1,1642235284
2788,385,1,1631370878
2788,391,1,1637840677
2788,802,1,1633247345
2788,392,1,1632571240
2788,386,1,1642745272
2788,393,1,1634301903
2789,1274,1,1643197847
2789,1497,1,1610523993
2789,757,1,1628599843
2789,879,1,1626281656
2789,1332,1,1629947196
2790,1274,1,1643120457
2790,1093,1,1577514148
2790,418,1,1629470441
2790,827,1,1576843087
2790,439,1,1638799711
2791,1274,1,1642947395
2791,609,1,1637582551
2791,296,1,1639720696
2791,777,1,1642516013
2791,221,1,1611467343
2792,1274,1,1642931049
2792,964,1,1635572658
2792,559,1,1644806364
2792,777,1,1640256031
2792,413,1,1610886640
2793,1498,1,1644152936
2793,437,1,1620912934
2793,101,1,1629366090
2793,180,1,1616761464
2793,42,1,1615117822
2794,1464,1,1644232076
2794,361,1,1625467841
2794,1453,1,1637333753
2794,792,1,1634308309
2794,509,1,1635739533
2795,1499,1,1643709668
2795,1324,1,1633132061
2795,384,1,1637926425
2795,391,1,1637950645
2795,488,1,1609844058
2795,777,1,1641156319
2795,308,1,1633914404
2796,1499,1,1643471480
2796,791,1,1627544982
2796,1042,1,1630168868
2796,439,1,1639237351
2796,696,1,1642256518
2797,1499,1,1643448871
2797,1365,1,1642842699
2797,96,1,1604830634
2797,163,1,1611037075
2797,738,1,1585007188
2797,413,1,1611460798
2797,156,1,1637571959
2798,1499,1,1643447631
2798,38,1,1638611188
2798,171,1,1631332820
2798,430,1,1564914357
2798,30,1,1626346014
2798,283,1,1619177753
2799,1500,1,1644087321
2799,1221,1,1641841588
2799,1353,1,1638524799
2799,1323,1,1625025712
2799,1501,1,1615820244
2800,1502,1,1644142582
2800,838,1,1626154092
2800,422,1,1637580106
2800,277,1,1597115432
2800,503,1,1634626242
2801,1472,1,1643107079
2801,1372,1,1644145822
2801,791,1,1627031922
2801,680,1,1563460121
2801,1495,1,1569146845
2801,1093,1,1577505118
2801,625,1,1592910719
2801,1503,1,1509662620
2801,1325,1,1636339654
2801,971,1,1587725613
2801,371,1,1631766305
2801,1199,1,1644670974
2801,413,1,1610979587
2801,739,1,1629803197
2802,1472,1,1643023136
2802,898,1,1629611805
2802,37,1,1635050039
2802,324,1,1616403996
2802,251,1,1599567503
2802,704,1,1605010125
2802,897,1,1628481769
2803,1472,1,1643042059
2803,879,1,1601255059
2803,692,1,1610936003
2803,508,1,1620999831
2803,289,1,1614483740
2803,39,1,1601468127
2803,134,1,1621596127
2803,246,1,1601947483
2803,115,1,1614400225
2803,735,1,1587264453
2804,1472,1,1642931869
2804,1324,1,1633155081
2804,267,1,1624268145
2804,1211,1,1644050778
2804,602,1,1615615656
2805,1361,1,1644205324
2805,598,1,1638541012
2805,118,1,1634382889
2805,419,1,1645847485
2805,386,1,1629979000
2806,1433,1,1644060820
2806,384,1,1636292387
2806,873,1,1641378114
2806,1332,1,1629853954
2806,1467,1,1634473556
2806,413,1,1610975107
2807,1504,1,1644161204
2807,683,1,1644483919
2807,528,1,1640424785
2807,563,1,1554195621
2807,509,1,1635737242
2808,1505,1,1642933686
2808,1199,1,1643093546
2808,1076,1,1630258170
2808,445,1,1631965459
2808,453,1,1596463102
2809,1365,1,1642845303
2809,119,1,1643724991
2809,427,1,1640754273
2809,1163,1,1644413258
2809,31,1,1643120874
2810,1478,1,1624785367
2810,667,1,1625551060
2810,485,1,1625657765
2810,510,1,1630316377
2810,509,1,1637417139
2811,1478,1,1606318019
2811,890,1,1568292121
2811,467,1,1639579793
2811,363,1,1565604073
2811,732,1,1561821674
2811,282,1,1564033657
2812,1478,1,1629453427
2812,82,1,1635312442
2812,1270,1,1640440231
2812,1062,1,1627988199
2812,830,1,1631876574
2812,1325,1,1631466369
2812,792,1,1633850489
2812,1367,1,1644298766
2812,761,1,1630073651
2813,1478,1,1627664096
2813,1092,1,1630504670
2813,1037,1,1627671533
2813,392,1,1626541077
2813,989,1,1626114335
2814,1478,1,1618496204
2814,1248,1,1606604167
2814,920,1,1613468883
2814,200,1,1612245465
2814,155,1,1646395741
2814,221,1,1618573680
2814,13,1,1645479863
2814,128,1,1607282337
2814,283,1,1646398797
2815,1478,1,1606474599
2815,1017,1,1635861793
2815,1379,1,1636079504
2815,599,1,1632920344
2815,789,1,1630896379
2816,1478,1,1631347191
2816,540,1,1633146234
2816,362,1,1643979702
2816,527,1,1641122478
2816,473,1,1633104862
2816,15,1,1644651851
2816,16,1,1644651457
2816,765,1,1643287271
2816,589,1,1643731030
2817,1478,1,1640135930
2817,36,1,1634573993
2817,459,1,1634629500
2817,214,1,1633927487
2817,335,1,1631254480
2817,445,1,1631842191
2818,1478,1,1643110080
2818,1248,1,1642779180
2818,627,1,1628848521
2818,110,1,1628307178
2818,510,1,1630741590
2819,1478,1,1642490085
2819,642,1,1644048062
2819,1506,1,1634933294
2819,8,1,1633691061
2819,1053,1,1614153265
2819,682,1,1626289483
2819,757,1,1645457368
2819,1357,1,1641879459
2819,1481,1,1641879425
2819,1054,1,1645279996
2819,184,1,1628430381
2819,636,1,1626286797
2819,617,1,1620203682
2819,281,1,1626289469
2819,822,1,1639441666
2819,15,1,1642058553
2819,419,1,1646898834
2819,119,1,1646898874
2819,339,1,1646363919
2819,16,1,1642058566
2819,155,1,1627531576
2819,286,1,1644048080
2819,453,1,1645705231
2819,156,1,1647575068
2819,187,1,1647575081
2820,1026,1,1641388306
2820,598,1,1640494112
2820,730,1,1637749738
2820,627,1,1636019208
2820,1005,1,1636882212
2820,1339,1,1637105780
2820,349,1,1645696696
2820,662,1,1645943322
2820,119,1,1644987506
2820,528,1,1642553196
2820,339,1,1642552938
2821,1026,1,1633436610
2821,1228,1,1633436692
2821,1060,1,1636841028
2821,384,1,1636116954
2821,391,1,1636689504
2822,1026,1,1624714748
2822,1228,1,1635959985
2822,1379,1,1635177719
2822,1491,1,1629709476
2822,338,1,1635466989
2822,602,1,1637038201
2823,1026,1,1613561078
2823,598,1,1640263549
2823,1054,1,1605359357
2823,110,1,1627377307
2823,735,1,1591551406
2824,1026,1,1642280888
2824,1248,1,1642533893
2824,751,1,1630026997
2824,594,1,1630316125
2824,649,1,1627329651
2825,1026,1,1637673986
2825,49,1,1628316606
2825,253,1,1628049864
2825,339,1,1637504393
2825,372,1,1637932157
2826,1026,1,1635070972
2826,444,1,1638351058
2826,418,1,1630028944
2826,186,1,1642659433
2826,1054,1,1640869308
2827,1026,1,1633687866
2827,790,1,1638184646
2827,319,1,1637230780
2827,761,1,1637147829
2827,510,1,1637147627
2828,1026,1,1627191519
2828,35,1,1618643150
2828,898,1,1628056467
2828,1501,1,1628065457
2828,306,1,1617177534
2829,1026,1,1627103956
2829,48,1,1641696792
2829,58,1,1635517985
2829,24,1,1642821856
2829,106,1,1608000992
2829,1164,1,1587719640
2830,1026,1,1616593221
2830,820,1,1616857907
2830,702,1,1590218763
2830,990,1,1590235501
2830,1054,1,1616590174
2830,662,1,1603359424
2831,1026,1,1614000500
2831,879,1,1614200762
2831,880,1,1614200861
2831,1022,1,1604622330
2831,1257,1,1600651183
2832,1026,1,1612948575
2832,83,1,1613627231
2832,1150,1,1626691327
2832,1263,1,1599215686
2832,1018,1,1590418970
2832,852,1,1612696810
2832,649,1,1602941319
2832,1429,1,1643102344
2832,253,1,1594108691
2832,289,1,1619942500
2832,111,1,1627172596
2832,306,1,1614495463
2833,1026,1,1612187683
2833,46,1,1626496338
2833,114,1,1616764148
2833,1232,1,1612279602
2833,42,1,1615291634
2834,1026,1,1625487672
2834,1147,1,1642475694
2834,49,1,1626406591
2834,1424,1,1624176798
2834,510,1,1630314593
2835,1026,1,1616320890
2835,1396,1,1635416865
2835,742,1,1620384344
2835,628,1,1619699274
2835,1480,1,1642323822
2836,1026,1,1611488509
2836,35,1,1612608890
2836,795,1,1611491419
2836,742,1,1619187421
2836,654,1,1595810767
2836,386,1,1629972443
2837,1026,1,1612508443
2837,1396,1,1634055654
2837,612,1,1624038167
2837,1062,1,1630935103
2837,765,1,1646563746
2838,1026,1,1623499763
2838,1283,1,1636372082
2838,418,1,1630988556
2838,238,1,1601794962
2838,15,1,1632130644
2839,1026,1,1612849202
2839,1283,1,1635435152
2839,153,1,1609387593
2839,1268,1,1643225724
2839,1264,1,1630320452
2839,913,1,1627199964
2839,963,1,1638854728
2839,754,1,1628524849
2839,137,1,1612622459
2839,1054,1,1606811435
2839,200,1,1608011034
2839,644,1,1631006827
2839,775,1,1626710354
2839,1300,1,1616549729
2840,1026,1,1626690791
2840,1340,1,1642920322
2840,1147,1,1640406976
2840,618,1,1635080842
2840,101,1,1629730209
2841,1026,1,1623729947
2841,524,1,1624005897
2841,1264,1,1630383480
2841,757,1,1621590144
2841,1324,1,1633649048
2841,445,1,1631848426
2842,1026,1,1642900361
2842,275,1,1627691212
2842,928,1,1628424140
2842,889,1,1628212025
2842,1300,1,1628253751
2843,1026,1,1641646664
2843,898,1,1630225820
2843,897,1,1630225031
2843,291,1,1644402155
2843,306,1,1632577030
2844,1026,1,1631237221
2844,1507,1,1630891015
2844,153,1,1632712874
2844,644,1,1627436744
2844,246,1,1628731475
2845,1026,1,1628083265
2845,813,1,1598525588
2845,444,1,1627355538
2845,275,1,1596882227
2845,853,1,1597811218
2845,731,1,1603523270
2845,192,1,1596534520
2845,453,1,1596290698
2846,1026,1,1614156955
2846,820,1,1616771285
2846,163,1,1610542206
2846,990,1,1589801185
2846,747,1,1628228539
2846,827,1,1628228520
2846,453,1,1597224068
2846,13,1,1607265452
2847,1026,1,1611398487
2847,748,1,1629107016
2847,1292,1,1644180240
2847,335,1,1631178047
2847,653,1,1638803550
2848,1026,1,1614228930
2848,82,1,1633144574
2848,751,1,1629624077
2848,58,1,1635508826
2848,969,1,1614231865
2848,1278,1,1633265518
2848,110,1,1627621529
2848,430,1,1619854324
2848,106,1,1629798021
2848,42,1,1627626695
2849,1077,1,1644236318
2849,233,1,1600690856
2849,636,1,1570890468
2849,1199,1,1643118671
2849,150,1,1615213308
2849,415,1,1599565926
2850,1077,1,1644229039
2850,661,1,1589724988
2850,621,1,1615816241
2850,506,1,1614260805
2850,249,1,1582709232
2851,1077,1,1644231433
2851,149,1,1596775894
2851,744,1,1570018983
2851,252,1,1631163644
2851,833,1,1620019250
2851,638,1,1570549692
2851,415,1,1599142567
2852,927,1,1642507837
2852,1507,1,1641735635
2852,1092,1,1633000762
2852,1398,1,1643449431
2852,1508,1,1524144785
2852,1381,1,1643446803
2852,216,1,1644514283
2852,985,1,1542982190
2852,199,1,1542977721
2853,927,1,1641890221
2853,1497,1,1632199381
2853,1337,1,1618022743
2853,361,1,1616320985
2853,725,1,1619857796
2853,1460,1,1641889932
2854,927,1,1641619316
2854,382,1,1614295890
2854,968,1,1614600566
2854,688,1,1629364691
2854,1480,1,1644930534
2854,510,1,1630314682
2854,1023,1,1613612550
2854,1358,1,1645524513
2855,927,1,1635386335
2855,1398,1,1644124162
2855,1453,1,1637131830
2855,545,1,1633756230
2855,1386,1,1633599134
2855,385,1,1632870391
2855,426,1,1637483959
2855,1423,1,1639545216
2856,927,1,1644168835
2856,1398,1,1642707887
2856,216,1,1644856341
2856,770,1,1640825327
2856,1161,1,1626978216
2857,927,1,1643023120
2857,210,1,1629790659
2857,789,1,1629791801
2857,1013,1,1626261607
2857,688,1,1632039833
2858,927,1,1643002281
2858,1396,1,1634130328
2858,1340,1,1635182538
2858,1264,1,1632322828
2858,1263,1,1614776851
2858,1480,1,1644075495
2858,253,1,1597070518
2859,927,1,1633602475
2859,1017,1,1642657996
2859,477,1,1643894419
2859,1357,1,1642167728
2859,688,1,1629726520
2859,1480,1,1642343388
2859,973,1,1642164120
2860,927,1,1643108737
2860,799,1,1644667335
2860,149,1,1596725926
2860,625,1,1592403243
2860,321,1,1605780438
2860,1375,1,1644364073
2860,376,1,1608177956
2860,453,1,1617881572
2861,927,1,1642503562
2861,210,1,1631352622
2861,36,1,1637316625
2861,1392,1,1624169166
2861,22,1,1637314871
2862,927,1,1637068571
2862,1130,1,1622381906
2862,1119,1,1623322464
2862,1392,1,1622460523
2862,186,1,1641287680
2862,397,1,1629603490
2862,653,1,1638957848
2863,927,1,1642470588
2863,1215,1,1642274630
2863,820,1,1640282097
2863,1269,1,1635102994
2863,295,1,1633454476
2863,542,1,1633051642
2863,97,1,1578253219
2863,932,1,1629267873
2863,16,1,1639422565
2864,927,1,1643527113
2864,842,1,1625471849
2864,853,1,1610131889
2864,672,1,1606553411
2864,221,1,1579606601
2865,927,1,1642849225
2865,49,1,1586408777
2865,971,1,1593345393
2865,23,1,1641557305
2865,221,1,1632641938
2866,927,1,1642619253
2866,35,1,1639847557
2866,1338,1,1638105508
2866,1346,1,1630893295
2866,131,1,1638707495
2866,290,1,1618238453
2867,927,1,1642532734
2867,1403,1,1641988511
2867,22,1,1636557383
2867,664,1,1597146725
2867,1071,1,1641893084
2868,927,1,1636972936
2868,77,1,1609336529
2868,1386,1,1635053149
2868,711,1,1611092441
2868,246,1,1627661053
2869,927,1,1636857579
2869,1340,1,1642839943
2869,26,1,1633267342
2869,1022,1,1643988636
2869,81,1,1642853227
2870,927,1,1634636487
2870,242,1,1632313749
2870,664,1,1594189149
2870,459,1,1634602391
2870,58,1,1635901545
2870,430,1,1564755587
2870,267,1,1622733517
2871,927,1,1634449047
2871,524,1,1620199082
2871,1044,1,1626796215
2871,114,1,1612885437
2871,5,1,1642333590
2872,927,1,1633954245
2872,1017,1,1633952267
2872,367,1,1633953954
2872,751,1,1631855095
2872,526,1,1638089816
2872,510,1,1631855891
2873,927,1,1632651213
2873,515,1,1631536321
2873,1276,1,1536848231
2873,329,1,1630139425
2873,415,1,1599153589
2874,1096,1,1638688861
2874,1090,1,1638689668
2874,790,1,1633494186
2874,688,1,1635070884
2874,114,1,1613028766
2874,427,1,1645710966
2875,1096,1,1637041750
2875,158,1,1634634306
2875,397,1,1629472042
2875,731,1,1605758281
2875,192,1,1595144425
2875,101,1,1629378435
2876,1096,1,1636871828
2876,925,1,1613642038
2876,26,1,1636817633
2876,618,1,1635051468
2876,1256,1,1595635414
2877,1096,1,1638643015
2877,361,1,1624273339
2877,838,1,1604324309
2877,702,1,1586700164
2877,1332,1,1630408233
2877,1377,1,1603558155
2878,1242,1,1644113122
2878,850,1,1583986480
2878,979,1,1581714260
2878,928,1,1641785303
2878,1256,1,1564270504
2878,1076,1,1630586182
2878,282,1,1558798868
2879,1242,1,1643461980
2879,37,1,1636457191
2879,1324,1,1633026510
2879,38,1,1640718337
2879,17,1,1640144954
2880,615,1,1638949844
2880,456,1,1643433663
2880,628,1,1632267431
2880,385,1,1633422974
2880,965,1,1638787513
2880,229,1,1630655304
2880,1211,1,1642143489
2881,615,1,1638276336
2881,524,1,1640443480
2881,795,1,1627211247
2881,720,1,1636791385
2881,1269,1,1638024233
2881,233,1,1627221700
2881,238,1,1634402886
2881,114,1,1639571305
2882,615,1,1637583061
2882,524,1,1628061740
2882,1044,1,1628061246
2882,249,1,1643558127
2882,602,1,1628077039
2883,615,1,1635953299
2883,1507,1,1630848222
2883,26,1,1633707897
2883,463,1,1642170271
2883,319,1,1643124422
2883,989,1,1629217290
2884,615,1,1635914897
2884,1092,1,1631535862
2884,720,1,1628853794
2884,184,1,1601202469
2884,683,1,1644583453
2885,615,1,1634780671
2885,158,1,1635403517
2885,720,1,1628859403
2885,743,1,1635301960
2885,4,1,1636542832
2885,171,1,1633687464
2885,1178,1,1642685437
2885,312,1,1589973421
2886,615,1,1639808302
2886,751,1,1631619159
2886,990,1,1614266668
2886,594,1,1641608467
2886,274,1,1637841308
2886,841,1,1587476050
2886,683,1,1644727782
2887,615,1,1639574506
2887,904,1,1641625988
2887,37,1,1644308310
2887,505,1,1643097767
2887,22,1,1641037834
2887,503,1,1643422732
2887,290,1,1639490805
2888,615,1,1638716108
2888,742,1,1619936409
2888,1323,1,1625465363
2888,1343,1,1644583313
2888,368,1,1630565527
2889,615,1,1637814928
2889,35,1,1616725639
2889,966,1,1641286972
2889,909,1,1630576937
2889,743,1,1610269164
2889,879,1,1615279577
2889,594,1,1615086174
2889,238,1,1617606506
2890,615,1,1636289240
2890,807,1,1605406679
2890,403,1,1611675119
2890,110,1,1627376830
2890,1039,1,1617349745
2891,615,1,1643531389
2891,875,1,1619790571
2891,628,1,1617118066
2891,125,1,1637483531
2891,192,1,1596947655
2892,615,1,1639989098
2892,289,1,1629053644
2892,1082,1,1599334248
2892,761,1,1630178188
2892,1315,1,1631295945
2893,615,1,1635908125
2893,1060,1,1636593873
2893,305,1,1580219187
2893,476,1,1627105885
2893,1053,1,1577587581
2893,363,1,1613887424
2893,115,1,1613817130
2894,615,1,1635863437
2894,598,1,1638697167
2894,561,1,1616593953
2894,289,1,1641743549
2894,1015,1,1633417226
2894,976,1,1642259265
2895,615,1,1643183873
2895,795,1,1615626922
2895,72,1,1638017167
2895,4,1,1639798253
2895,1328,1,1615629051
2895,1256,1,1612490930
2896,615,1,1641960595
2896,1270,1,1642694489
2896,48,1,1641819264
2896,1123,1,1641697624
2896,5,1,1641698031
2897,615,1,1639743859
2897,1340,1,1639312555
2897,919,1,1641720505
2897,628,1,1639826144
2897,115,1,1639745304
2898,615,1,1638174561
2898,879,1,1602596900
2898,1216,1,1639731678
2898,1054,1,1604825825
2898,527,1,1639975687
2898,528,1,1640425609
2898,1164,1,1588472082
2898,13,1,1607091556
2899,615,1,1637138600
2899,702,1,1587214696
2899,467,1,1638554886
2899,1199,1,1645355052
2899,965,1,1638814189
2899,415,1,1599143772
2900,615,1,1636359871
2900,1159,1,1633119216
2900,38,1,1638678968
2900,101,1,1642190645
2900,1035,1,1643521006
2901,615,1,1636297280
2901,1249,1,1616553700
2901,1275,1,1628228130
2901,671,1,1627293043
2901,1244,1,1619451616
2901,338,1,1587493632
2901,939,1,1623420474
2902,615,1,1636260500
2902,501,1,1643942173
2902,38,1,1638671327
2902,1234,1,1645175392
2902,128,1,1617272598
2903,615,1,1636182016
2903,1060,1,1636596820
2903,1204,1,1642930563
2903,1381,1,1643434603
2903,53,1,1631596742
2903,463,1,1641781616
2903,692,1,1609602864
2903,1246,1,1581318519
2904,615,1,1635936156
2904,1346,1,1635074348
2904,824,1,1605870295
2904,1326,1,1629386712
2904,510,1,1630336586
2904,1043,1,1634984432
2905,615,1,1635934525
2905,403,1,1613475382
2905,1032,1,1611713883
2905,552,1,1613992714
2905,101,1,1631799046
2905,115,1,1618126426
2905,739,1,1638363303
2906,615,1,1635833269
2906,169,1,1642446791
2906,540,1,1637109052
2906,444,1,1627423666
2906,60,1,1645159346
2906,114,1,1639183124
2906,426,1,1639070979
2906,1252,1,1643726716
2906,833,1,1620137992
2907,615,1,1635795554
2907,1268,1,1643091988
2907,190,1,1617726998
2907,23,1,1642150127
2907,427,1,1643575971
2907,1211,1,1642094555
2907,291,1,1614202164
2908,615,1,1635766113
2908,899,1,1619453017
2908,598,1,1639551056
2908,766,1,1602944377
2908,898,1,1627121398
2908,53,1,1631640310
2908,214,1,1633019250
2908,419,1,1647177917
2909,615,1,1635758267
2909,195,1,1633691755
2909,1509,1,1642667415
2909,216,1,1644652999
2909,4,1,1636271623
2909,928,1,1632752597
2909,1246,1,1572064522
2910,615,1,1635724880
2910,524,1,1621842392
2910,1159,1,1634191282
2910,1333,1,1635675215
2910,114,1,1614154766
2910,1050,1,1627945575
2910,1035,1,1632019569
2911,35,1,1629897905
2911,730,1,1616853902
2911,1339,1,1626005511
2911,114,1,1615613409
2911,289,1,1639637592
2912,35,1,1613355355
2912,163,1,1641057376
2912,196,1,1621732151
2912,1510,1,1644674699
2912,81,1,1644247465
2913,35,1,1613910214
2913,515,1,1625321962
2913,849,1,1606574964
2913,149,1,1596764183
2913,275,1,1596562174
2913,437,1,1623560643
2913,433,1,1607442859
2913,180,1,1616775036
2913,42,1,1623048001
2913,779,1,1617201835
2914,35,1,1627900432
2914,1060,1,1637909281
2914,524,1,1634186821
2914,627,1,1634187675
2914,170,1,1635807565
2914,444,1,1633751213
2914,426,1,1637367825
2914,289,1,1636376482
2914,437,1,1625883748
2914,101,1,1637901371
2914,1161,1,1627897517
2915,35,1,1602482583
2915,742,1,1619957038
2915,1022,1,1610414179
2915,238,1,1602329927
2915,725,1,1606239794
2916,35,1,1615397800
2916,1394,1,1635556927
2916,658,1,1567072090
2916,488,1,1609302663
2916,308,1,1630135266
2917,35,1,1612110934
2917,305,1,1609938244
2917,720,1,1634715130
2917,275,1,1609587106
2917,1377,1,1635675839
2917,426,1,1637421166
2917,339,1,1612110739
2918,35,1,1620304734
2918,524,1,1626069867
2918,791,1,1628767440
2918,1025,1,1634378328
2918,77,1,1626762564
2919,35,1,1604404238
2919,266,1,1614623284
2919,649,1,1605636892
2919,833,1,1620064300
2919,296,1,1628812433
2920,35,1,1625206143
2920,748,1,1640270277
2920,879,1,1603086208
2920,155,1,1563944077
2920,207,1,1605794572
2921,35,1,1597511197
2921,778,1,1619926297
2921,599,1,1633794251
2921,118,1,1638376054
2921,897,1,1628060694
2922,1511,1,1621164724
2922,100,1,1631515984
2922,233,1,1600695934
2922,481,1,1611153600
2922,779,1,1587825012
2923,1511,1,1629614337
2923,210,1,1628686668
2923,849,1,1624353042
2923,633,1,1624705867
2923,898,1,1627384467
2923,643,1,1625318348
2923,659,1,1625317904
2923,111,1,1624963878
2924,1511,1,1629961975
2924,294,1,1622979906
2924,210,1,1630840319
2924,599,1,1644237391
2924,83,1,1628730723
2924,310,1,1630838771
2924,26,1,1630840799
2924,233,1,1621154375
2924,277,1,1632549896
2924,802,1,1621152472
2924,119,1,1643506934
2925,1511,1,1616070153
2925,1338,1,1637207567
2925,1333,1,1636545593
2925,830,1,1632654217
2925,964,1,1636389310
2926,1511,1,1645576345
2926,1044,1,1625057566
2926,83,1,1643710147
2926,1412,1,1636629181
2926,253,1,1602506493
2927,1511,1,1645177842
2927,1017,1,1642832547
2927,790,1,1643164700
2927,757,1,1643697077
2927,212,1,1642819116
2927,49,1,1644063639
2927,1295,1,1645452040
2928,1511,1,1625219056
2928,805,1,1619859983
2928,766,1,1624956226
2928,763,1,1626946871
2928,339,1,1625218494
2929,1511,1,1582978638
2929,1356,1,1591952474
2929,744,1,1557749364
2929,1328,1,1584703301
2929,127,1,1573925828
2929,969,1,1581939400
2930,1511,1,1582978349
2930,648,1,1528470647
2930,1328,1,1584702653
2930,281,1,1566466306
2930,658,1,1565949689
2930,824,1,1584698492
2930,253,1,1591960074
2930,357,1,1564395114
2930,246,1,1600488282
2930,739,1,1622476720
2931,1511,1,1582978286
2931,233,1,1600686101
2931,319,1,1620818283
2931,234,1,1598608272
2931,989,1,1623833130
2932,1511,1,1583063625
2932,664,1,1631057232
2932,137,1,1600620646
2932,349,1,1633203735
2932,278,1,1573757789
2932,841,1,1564526999
2932,329,1,1629671019
2932,645,1,1568144279
2932,357,1,1564420827
2932,246,1,1600627752
2932,735,1,1589648326
2933,1228,1,1643211382
2933,1340,1,1641725023
2933,463,1,1641995630
2933,526,1,1641716566
2933,696,1,1642172363
2934,1228,1,1640602793
2934,875,1,1633863450
2934,964,1,1636355269
2934,106,1,1608915027
2934,5,1,1643179852
2935,1345,1,1629441584
2935,210,1,1629035456
2935,1021,1,1627991273
2935,233,1,1633274316
2935,349,1,1639789496
2935,289,1,1630243776
2936,1345,1,1628168180
2936,879,1,1601442930
2936,1123,1,1597040155
2936,552,1,1612756098
2936,510,1,1630804384
2937,1345,1,1627081882
2937,1044,1,1627101575
2937,1340,1,1641734904
2937,612,1,1636860381
2937,747,1,1627082081
2937,1050,1,1627719034
2937,24,1,1642221700
2938,1345,1,1627104839
2938,1044,1,1627068045
2938,937,1,1629048727
2938,324,1,1624968562
2938,143,1,1634132583
2939,1345,1,1624681055
2939,633,1,1634185477
2939,628,1,1621228141
2939,934,1,1611554671
2939,238,1,1630291046
2939,969,1,1607998354
2939,1050,1,1627270382
2939,973,1,1634100501
2940,1127,1,1644164021
2940,476,1,1627950766
2940,862,1,1643537559
2940,1099,1,1645452849
2940,792,1,1633072361
2940,221,1,1625122425
2941,1127,1,1643966383
2941,37,1,1635748305
2941,84,1,1643540189
2941,256,1,1643060987
2941,192,1,1595843095
2942,1127,1,1643967286
2942,456,1,1643768569
2942,84,1,1644481208
2942,256,1,1643967176
2942,171,1,1645838932
2942,376,1,1646798512
2942,30,1,1644725353
2942,509,1,1646668644
2943,1127,1,1644126955
2943,1160,1,1642074449
2943,1512,1,1623248816
2943,1386,1,1644755336
2943,256,1,1644754672
2943,16,1,1638629301
2943,373,1,1642940774
2944,1127,1,1644249981
2944,608,1,1635786720
2944,1270,1,1627058131
2944,1054,1,1619617668
2944,792,1,1632602552
2944,1246,1,1604081798
2945,1127,1,1644151705
2945,995,1,1639503057
2945,471,1,1623689248
2945,618,1,1636793927
2945,24,1,1641769151
2945,1071,1,1641760110
2946,1127,1,1644055458
2946,918,1,1642316592
2946,598,1,1639146894
2946,599,1,1632574465
2946,118,1,1635752471
2946,384,1,1636279163
2946,444,1,1634825940
2946,391,1,1636813216
2947,1127,1,1643964340
2947,918,1,1642309494
2947,1159,1,1633114351
2947,836,1,1643858833
2947,1508,1,1566044189
2947,1073,1,1632737155
2947,792,1,1634326446
2947,1278,1,1632738040
2948,1127,1,1643959968
2948,918,1,1642306650
2948,8,1,1639401954
2948,608,1,1636178543
2948,257,1,1636180798
2948,792,1,1636182089
2949,1127,1,1643956195
2949,1017,1,1626014238
2949,863,1,1590924081
2949,335,1,1631177536
2949,295,1,1631439786
2949,339,1,1569936521
2949,932,1,1628847897
2949,16,1,1638606340
2950,1507,1,1632616328
2950,966,1,1631114524
2950,1340,1,1643272035
2950,502,1,1642307183
2950,31,1,1644490266
2951,1507,1,1631423696
2951,159,1,1594884970
2951,699,1,1634571844
2951,416,1,1634825565
2951,509,1,1638625129
2952,1507,1,1643461999
2952,1513,1,1643617089
2952,1017,1,1643166566
2952,1025,1,1643461226
2952,81,1,1643542156
2953,1507,1,1626687462
2953,925,1,1635510277
2953,947,1,1607177386
2953,1071,1,1642137697
2953,267,1,1624159120
2954,1507,1,1628585145
2954,627,1,1628433600
2954,48,1,1641915432
2954,1278,1,1633521953
2954,386,1,1630074447
2954,373,1,1627385893
2954,840,1,1644138699
2955,1507,1,1628957031
2955,384,1,1636901913
2955,391,1,1636901253
2955,119,1,1643371679
2955,1424,1,1641659559
2956,1507,1,1638188682
2956,598,1,1638793478
2956,1338,1,1619612365
2956,386,1,1631241798
2956,932,1,1629978504
2956,696,1,1642306834
2957,1507,1,1627221221
2957,667,1,1625830393
2957,361,1,1630932583
2957,1114,1,1621226235
2957,8,1,1627392195
2957,1324,1,1635937422
2957,444,1,1627732224
2957,649,1,1635158520
2957,488,1,1642503629
2957,660,1,1639739643
2958,1507,1,1643531069
2958,36,1,1640002677
2958,790,1,1640000824
2958,1042,1,1643113116
2958,1339,1,1637753376
2958,618,1,1640000457
2958,115,1,1645508090
2959,1514,1,1643129596
2959,1340,1,1630068461
2959,990,1,1595858620
2959,502,1,1645613586
2959,192,1,1595601604
2959,453,1,1645703081
2960,1514,1,1642601165
2960,72,1,1636293636
2960,1152,1,1616936247
2960,559,1,1646314737
2960,777,1,1646315264
2960,115,1,1646316250
2961,966,1,1630333965
2961,1327,1,1592228896
2961,461,1,1629125725
2961,15,1,1646481149
2961,416,1,1646231051
2961,585,1,1639200315
2962,966,1,1643026561
2962,324,1,1613385712
2962,594,1,1626969701
2962,109,1,1641991936
2962,73,1,1642499894
2962,552,1,1612624706
2963,966,1,1636865509
2963,82,1,1636865177
2963,982,1,1639908205
2963,1324,1,1642774119
2963,123,1,1642164466
2963,295,1,1631540550
2963,16,1,1638609414
2964,966,1,1633951802
2964,83,1,1636373460
2964,324,1,1634646094
2964,86,1,1634646467
2964,233,1,1633960778
2965,966,1,1632067591
2965,720,1,1629295592
2965,1515,1,1619969303
2965,1278,1,1632892884
2965,972,1,1586357899
2966,966,1,1631343276
2966,613,1,1620624332
2966,889,1,1571939598
2966,74,1,1635391744
2966,207,1,1605709414
2966,151,1,1623395853
2967,966,1,1630566540
2967,1497,1,1549021541
2967,1283,1,1640630594
2967,1512,1,1595876923
2967,1412,1,1567703312
2967,743,1,1608789649
2967,471,1,1623416866
2967,184,1,1601117920
2967,277,1,1597211762
2967,295,1,1632366678
2967,649,1,1604641855
2968,966,1,1630509540
2968,1044,1,1626418818
2968,1053,1,1582697196
2968,1076,1,1630308740
2968,24,1,1643641120
2969,966,1,1630322168
2969,82,1,1634562356
2969,72,1,1634650235
2969,430,1,1629621590
2969,339,1,1629897673
2970,1060,1,1640501923
2970,808,1,1612013021
2970,463,1,1643537694
2970,242,1,1613632664
2970,1244,1,1641397806
2970,659,1,1616337841
2971,1060,1,1638376662
2971,375,1,1604848184
2971,667,1,1605541090
2971,668,1,1593702889
2971,1147,1,1642777181
2971,1404,1,1634385422
2971,329,1,1642773998
2971,1076,1,1644597298
2971,696,1,1642218879
2971,765,1,1644594559
2972,1060,1,1636965584
2972,48,1,1643155399
2972,763,1,1636807013
2972,618,1,1635672204
2972,391,1,1638610726
2972,74,1,1636803241
2972,510,1,1630398932
2973,1060,1,1643630013
2973,1025,1,1643642599
2973,628,1,1642241498
2973,802,1,1643642407
2973,339,1,1643642765
2973,372,1,1642750473
2974,1060,1,1636714418
2974,1090,1,1633010690
2974,319,1,1635332801
2974,74,1,1636723583
2974,761,1,1636723711
2974,645,1,1636800127
2975,1060,1,1640494441
2975,216,1,1644802576
2975,315,1,1645015613
2975,1147,1,1645105997
2975,1199,1,1643091854
2975,31,1,1642998324
2976,1060,1,1637219438
2976,699,1,1634405501
2976,131,1,1638715416
2976,132,1,1640692204
2976,133,1,1636192720
2976,683,1,1644487111
2976,1315,1,1629806892
2976,739,1,1622982357
2977,1060,1,1636614760
2977,1092,1,1632323931
2977,1037,1,1577074870
2977,1183,1,1616288245
2977,127,1,1573663229
2977,306,1,1612917990
2978,1060,1,1643310411
2978,375,1,1605362297
2978,1171,1,1623436195
2978,1324,1,1633184269
2978,1326,1,1622141398
2978,13,1,1607148680
2979,1060,1,1637435697
2979,598,1,1640170163
2979,792,1,1633310692
2979,965,1,1640706706
2979,1071,1,1641876396
2979,134,1,1621637660
2980,1060,1,1641016283
2980,661,1,1589797089
2980,971,1,1587707841
2980,238,1,1601884430
2980,426,1,1637576145
2980,1232,1,1589796437
2980,368,1,1632136367
2981,1060,1,1636935948
2981,545,1,1623624521
2981,430,1,1598472489
2981,437,1,1622022259
2981,433,1,1607462432
2981,207,1,1608750022
2982,1060,1,1636826426
2982,266,1,1614426103
2982,774,1,1644083636
2982,1218,1,1603191759
2982,1310,1,1593065194
2982,1018,1,1589033743
2982,1473,1,1596689291
2982,200,1,1642676179
2982,306,1,1614309537
2983,1060,1,1638190581
2983,573,1,1635125758
2983,778,1,1635646090
2983,158,1,1636084368
2983,101,1,1636777486
2983,180,1,1617174330
2984,1060,1,1638169110
2984,1283,1,1636258301
2984,1356,1,1593255088
2984,1142,1,1577510722
2984,155,1,1629727516
2984,283,1,1619183890
2985,1060,1,1637927059
2985,153,1,1601343507
2985,4,1,1639222962
2985,1071,1,1641725027
2985,563,1,1554537831
2986,1060,1,1636992063
2986,918,1,1642337916
2986,256,1,1644143893
2986,939,1,1623515768
2986,453,1,1640776977
2987,1060,1,1636962746
2987,1453,1,1637236102
2987,1379,1,1635911288
2987,463,1,1643116762
2987,664,1,1595822688
2987,215,1,1604207172
2987,150,1,1616753484
2987,290,1,1597073927
2988,1060,1,1636897640
2988,524,1,1622298804
2988,853,1,1617804444
2988,559,1,1645281204
2988,732,1,1604046892
2989,1060,1,1636875496
2989,524,1,1624943793
2989,763,1,1626860619
2989,510,1,1630316796
2989,602,1,1616224978
2990,1060,1,1636860115
2990,599,1,1632539025
2990,885,1,1629802035
2990,1332,1,1630256992
2990,609,1,1636858618
2990,1161,1,1633651344
2990,696,1,1642320010
2991,1104,1,1594901627
2991,361,1,1616130184
2991,305,1,1606047245
2991,1114,1,1629869874
2991,1412,1,1552315517
2991,356,1,1583164475
2991,1310,1,1583334917
2991,467,1,1638574665
2991,184,1,1607242732
2991,277,1,1583164279
2991,1199,1,1643091078
2991,725,1,1599361204
2991,1252,1,1613988087
2991,865,1,1576670633
2991,373,1,1569411743
2991,1211,1,1642131968
2992,1104,1,1588933166
2992,520,1,1588766771
2992,233,1,1601473407
2992,770,1,1644814448
2992,488,1,1609193752
2992,638,1,1600296364
2993,1104,1,1582784624
2993,281,1,1566468409
2993,833,1,1619973296
2993,1164,1,1603209250
2993,1035,1,1621098270
2994,1104,1,1572614778
2994,751,1,1630721685
2994,688,1,1629442511
2994,186,1,1641282365
2994,319,1,1623691126
2994,60,1,1620952089
2995,1104,1,1561160526
2995,26,1,1627822154
2995,467,1,1638505643
2995,671,1,1626085672
2995,439,1,1638706623
2995,171,1,1631407259
2995,338,1,1552228517
2995,732,1,1550482580
2995,30,1,1626362221
2995,989,1,1623969730
2996,1104,1,1592281527
2996,679,1,1568489513
2996,195,1,1631240821
2996,476,1,1627443014
2996,356,1,1596024312
2996,246,1,1600489610
2997,1104,1,1600678281
2997,171,1,1631922640
2997,508,1,1626438881
2997,645,1,1602757319
2997,739,1,1622950640
2998,1372,1,1643970354
2998,233,1,1646214352
2998,1018,1,1639894408
2998,527,1,1641627664
2998,552,1,1644937463
2998,1019,1,1640170507
2999,1372,1,1644228890
2999,805,1,1615619084
2999,719,1,1618072932
2999,896,1,1615628694
2999,589,1,1642082760
3000,1372,1,1643902098
3000,847,1,1587748891
3000,830,1,1631702349
3000,467,1,1638505845
3000,119,1,1645585014
3001,1372,1,1643889392
3001,1260,1,1595770089
3001,1277,1,1624853723
3001,621,1,1617551659
3001,765,1,1644379882
3002,798,1,1643975519
3002,642,1,1636878840
3002,37,1,1635836368
3002,289,1,1643283172
3002,5,1,1643191925
3003,798,1,1644133884
3003,82,1,1633026461
3003,598,1,1639032989
3003,233,1,1635053504
3003,391,1,1636697090
3004,798,1,1643975405
3004,982,1,1635929227
3004,937,1,1629881508
3004,444,1,1626090590
3004,21,1,1640570788
3004,1015,1,1640953256
3005,573,1,1636117880
3005,820,1,1616597142
3005,312,1,1589970280
3005,488,1,1610160987
3005,932,1,1628959321
3006,573,1,1634744062
3006,882,1,1631196357
3006,1064,1,1571232163
3006,243,1,1636283102
3006,335,1,1632566912
3006,282,1,1573822652
3006,376,1,1626575983
3006,286,1,1641825563
3006,859,1,1589889791
3006,775,1,1618406068
3007,573,1,1634723392
3007,594,1,1615823037
3007,285,1,1589525942
3007,692,1,1609740537
3007,542,1,1633691648
3008,573,1,1634719641
3008,1093,1,1577502708
3008,625,1,1592359671
3008,126,1,1572346183
3008,233,1,1600686091
3008,527,1,1638155094
3008,971,1,1587630572
3008,559,1,1644654673
3008,15,1,1629625561
3008,889,1,1571819673
3008,338,1,1552216715
3008,683,1,1644483705
3008,528,1,1640423417
3008,508,1,1620986490
3008,312,1,1589973855
3008,1003,1,1590160569
3008,777,1,1640246842
3008,1082,1,1598946190
3008,368,1,1630296978
3008,282,1,1558779978
3008,376,1,1574221050
3008,101,1,1629365259
3008,180,1,1616750038
3008,246,1,1600488402
3008,509,1,1635735940
3008,291,1,1619528698
3009,573,1,1636277732
3009,1337,1,1632719172
3009,519,1,1627618379
3009,1399,1,1643437505
3009,688,1,1629450195
3009,4,1,1634617133
3009,319,1,1629450840
3009,110,1,1628865671
3009,683,1,1644737070
3009,296,1,1629724715
3009,246,1,1630412064
3009,660,1,1638081160
3009,589,1,1644219334
3010,573,1,1635644410
3010,540,1,1632542673
3010,53,1,1632125492
3010,190,1,1628846664
3010,214,1,1633068016
3011,573,1,1635354249
3011,524,1,1621658184
3011,1064,1,1571148546
3011,211,1,1638013590
3011,629,1,1590582183
3011,660,1,1638360386
3011,589,1,1642357766
3012,573,1,1635182331
3012,838,1,1604714255
3012,637,1,1570853532
3012,336,1,1573490143
3012,1076,1,1639380028
3012,939,1,1647254823
3013,573,1,1635101149
3013,100,1,1631047142
3013,242,1,1595271908
3013,243,1,1636203725
3013,22,1,1634321232
3013,58,1,1634151395
3013,455,1,1592156059
3013,290,1,1600887556
3014,573,1,1635087668
3014,1064,1,1571141735
3014,636,1,1573261409
3014,629,1,1590595359
3014,281,1,1566479134
3014,373,1,1561653255
3014,290,1,1585575817
3014,1315,1,1631866548
3014,221,1,1579603206
3015,573,1,1635079766
3015,243,1,1636448587
3015,77,1,1607514957
3015,238,1,1601901950
3015,508,1,1622417805
3015,427,1,1640711688
3015,30,1,1626390566
3016,573,1,1635067175
3016,637,1,1568732222
3016,1199,1,1643117892
3016,439,1,1638682510
3016,1164,1,1636255305
3017,573,1,1635052351
3017,456,1,1641736174
3017,654,1,1567342996
3017,916,1,1616150377
3017,60,1,1620911620
3017,143,1,1636628565
3017,30,1,1626352431
3018,573,1,1635014166
3018,169,1,1644230396
3018,913,1,1625019176
3018,540,1,1634365092
3018,629,1,1590684871
3019,573,1,1634867934
3019,460,1,1623462800
3019,422,1,1639586953
3019,833,1,1619980394
3019,106,1,1607957166
3019,115,1,1619939032
3020,573,1,1634821811
3020,594,1,1615023811
3020,692,1,1609580691
3020,110,1,1629022904
3020,552,1,1612607226
3020,306,1,1612877545
3021,573,1,1634805524
3021,501,1,1643952043
3021,882,1,1637830095
3021,838,1,1634805855
3021,1324,1,1643324481
3021,100,1,1634399833
3021,540,1,1634464739
3021,665,1,1637294717
3021,214,1,1635042558
3021,256,1,1642946313
3021,171,1,1634396827
3021,696,1,1643244136
3022,573,1,1634801845
3022,909,1,1630242733
3022,1269,1,1635394760
3022,238,1,1629425438
3022,735,1,1587914897
3023,573,1,1634797077
3023,724,1,1626152069
3023,190,1,1615731648
3023,643,1,1621603226
3023,362,1,1610719349
3023,109,1,1638137069
3023,649,1,1604589994
3023,430,1,1623667865
3023,833,1,1619998183
3023,732,1,1631166033
3023,552,1,1614722842
3023,704,1,1606388667
3023,897,1,1628022177
3023,989,1,1623908680
3024,573,1,1634740922
3024,643,1,1618826883
3024,281,1,1566469144
3024,338,1,1552217006
3024,1079,1,1630150514
3024,155,1,1579021911
3025,573,1,1634739726
3025,757,1,1639883494
3025,53,1,1631543963
3025,190,1,1617506268
3025,77,1,1607605429
3026,758,1,1638543747
3026,795,1,1614519896
3026,460,1,1623490462
3026,485,1,1624210020
3026,742,1,1619106402
3026,329,1,1638191540
3027,758,1,1643339710
3027,642,1,1643354273
3027,324,1,1643807269
3027,819,1,1643815935
3027,464,1,1645942926
3027,644,1,1643343378
3028,758,1,1642451393
3028,679,1,1575518617
3028,520,1,1576095360
3028,363,1,1575219420
3028,1424,1,1587487516
3028,976,1,1645370529
3028,735,1,1589101711
3029,758,1,1640514131
3029,616,1,1632401246
3029,599,1,1632390211
3029,118,1,1634394197
3029,604,1,1632396235
3030,758,1,1640491151
3030,505,1,1642169742
3030,1195,1,1642305577
3030,23,1,1642169200
3030,589,1,1642131007
3031,501,1,1644129912
3031,1053,1,1579431807
3031,913,1,1624905335
3031,1381,1,1643375866
3031,473,1,1639231282
3032,501,1,1644039155
3032,1451,1,1643873281
3032,48,1,1643045576
3032,1275,1,1628394783
3032,433,1,1607522962
3033,501,1,1643893935
3033,778,1,1598499076
3033,1495,1,1561648289
3033,1022,1,1604575123
3033,289,1,1615998298
3034,501,1,1644172767
3034,1516,1,1643043455
3034,540,1,1632623175
3034,257,1,1634571306
3034,150,1,1615052916
3034,450,1,1589561108
3034,16,1,1638719640
3035,501,1,1644163633
3035,275,1,1581349313
3035,692,1,1609651774
3035,659,1,1601135403
3035,229,1,1585916079
3035,739,1,1622488688
3036,501,1,1644163491
3036,22,1,1635551857
3036,274,1,1627792102
3036,252,1,1631117015
3036,74,1,1632058865
3036,368,1,1630411684
3036,908,1,1636747190
3036,602,1,1615563960
3037,501,1,1644157933
3037,636,1,1570934989
3037,386,1,1640397884
3037,150,1,1615087240
3037,430,1,1566548058
3038,501,1,1644155023
3038,475,1,1592212770
3038,1131,1,1632490919
3038,37,1,1635741487
3038,159,1,1594885170
3038,163,1,1609065693
3038,362,1,1612932601
3038,184,1,1602910160
3038,775,1,1616891025
3039,501,1,1644078021
3039,391,1,1645711340
3039,841,1,1597332986
3039,119,1,1645709751
3039,308,1,1631342771
3039,282,1,1569143191
3039,510,1,1630504676
3040,501,1,1644053976
3040,724,1,1632587729
3040,170,1,1635788924
3040,96,1,1604824028
3040,126,1,1609168890
3040,488,1,1609169738
3041,501,1,1644045963
3041,3,1,1643722699
3041,757,1,1644313613
3041,190,1,1642950477
3041,22,1,1642797093
3041,362,1,1642950715
3042,501,1,1644045868
3042,790,1,1636755935
3042,757,1,1590029717
3042,362,1,1610701900
3042,339,1,1611490984
3042,777,1,1640273528
3042,1063,1,1629737783
3043,501,1,1644032427
3043,1114,1,1619615052
3043,428,1,1562338639
3043,1183,1,1616407046
3043,505,1,1642754012
3043,847,1,1636459983
3043,22,1,1637141582
3043,455,1,1595223945
3043,252,1,1631240304
3043,939,1,1623130932
3043,1164,1,1588508010
3043,17,1,1640247762
3043,156,1,1631935014
3044,501,1,1643992047
3044,475,1,1615287538
3044,169,1,1642347561
3044,833,1,1620036894
3044,589,1,1642048435
3045,501,1,1643967073
3045,1490,1,1641222548
3045,920,1,1610285908
3045,792,1,1632660029
3045,13,1,1607840109
3046,501,1,1643956866
3046,3,1,1644145958
3046,995,1,1640234614
3046,23,1,1641526202
3046,589,1,1642837697
3047,501,1,1643951303
3047,196,1,1619758949
3047,964,1,1635714881
3047,609,1,1638809710
3047,1052,1,1572317315
3047,16,1,1638722545
3047,134,1,1623785432
3047,78,1,1595443763
3048,501,1,1643946539
3048,1324,1,1633094681
3048,48,1,1641647358
3048,23,1,1641115473
3048,589,1,1642350150
3049,501,1,1643939854
3049,1128,1,1632399675
3049,751,1,1629596287
3049,628,1,1638726141
3049,527,1,1640453406
3049,916,1,1616560222
3049,430,1,1628437770
3050,501,1,1643914065
3050,612,1,1612405046
3050,1050,1,1627132623
3050,246,1,1625983378
3050,128,1,1584345224
3051,1497,1,1582534174
3051,375,1,1606367821
3051,1318,1,1598536295
3051,510,1,1630319498
3051,291,1,1613406088
3051,735,1,1587640796
3052,1497,1,1557589673
3052,294,1,1635733944
3052,37,1,1636692227
3052,757,1,1620545558
3052,246,1,1626830480
3053,1497,1,1629228837
3053,618,1,1636359695
3053,60,1,1629548959
3053,1367,1,1634549889
3053,445,1,1632242989
3054,1497,1,1569957270
3054,720,1,1629104737
3054,742,1,1629099059
3054,196,1,1621593554
3054,786,1,1623168027
3055,1497,1,1589524165
3055,598,1,1639395704
3055,3,1,1643625582
3055,1009,1,1625057374
3055,604,1,1636549995
3055,1042,1,1627105799
3055,664,1,1596022924
3055,77,1,1640703061
3055,58,1,1641738718
3055,171,1,1632744393
3055,119,1,1644900426
3055,253,1,1595514105
3055,644,1,1635739627
3056,1497,1,1569483354
3056,950,1,1642800043
3056,1474,1,1589284422
3056,725,1,1597570849
3056,1336,1,1500019458
3057,1497,1,1630831496
3057,210,1,1629544548
3057,789,1,1637645066
3057,319,1,1637848486
3057,510,1,1633341078
3058,1497,1,1533458797
3058,1171,1,1624866218
3058,751,1,1631377310
3058,362,1,1611573515
3058,792,1,1634629117
3058,1424,1,1603800111
3058,453,1,1637393753
3059,1497,1,1642779869
3059,84,1,1642610021
3059,444,1,1626361654
3059,1022,1,1604716351
3059,418,1,1646044203
3059,902,1,1599206649
3059,1199,1,1646409243
3059,368,1,1630699204
3060,1497,1,1550234593
3060,367,1,1583607076
3060,356,1,1581620948
3060,581,1,1586160235
3060,97,1,1584347769
3061,475,1,1595124599
3061,64,1,1642683047
3061,850,1,1584421140
3061,60,1,1620985884
3061,39,1,1599979713
3061,333,1,1644107075
3062,475,1,1594983097
3062,234,1,1598608284
3062,644,1,1611127109
3062,672,1,1606564749
3062,111,1,1605781592
3062,645,1,1568116517
3063,475,1,1592817055
3063,616,1,1617603176
3063,853,1,1618380272
3063,1517,1,1629255596
3063,488,1,1609246321
3063,1247,1,1631096056
3064,475,1,1592348535
3064,311,1,1624445470
3064,1324,1,1633090957
3064,371,1,1598425050
3064,1377,1,1632383691
3064,1178,1,1642894747
3064,373,1,1569123521
3065,475,1,1592148537
3065,882,1,1606237527
3065,1218,1,1615312050
3065,53,1,1631563099
3065,418,1,1631184718
3065,371,1,1586969849
3065,13,1,1645544600
3066,475,1,1592042472
3066,1249,1,1616408113
3066,1045,1,1613541516
3066,439,1,1638683140
3066,433,1,1608992495
3067,475,1,1608687443
3067,913,1,1644219883
3067,37,1,1634665268
3067,540,1,1634663073
3067,39,1,1622868598
3067,13,1,1622892173
3068,475,1,1592401517
3068,4,1,1636415257
3068,150,1,1621388956
3068,981,1,1636299655
3068,739,1,1625468660
3069,475,1,1592107436
3069,562,1,1594988875
3069,1391,1,1594863294
3069,996,1,1590396328
3069,160,1,1586252733
3070,475,1,1592100326
3070,305,1,1586428677
3070,612,1,1615713355
3070,137,1,1614648052
3070,629,1,1594299718
3071,475,1,1592097248
3071,463,1,1641731340
3071,1187,1,1616989292
3071,1351,1,1632570548
3071,13,1,1607001974
3072,475,1,1592149891
3072,391,1,1636635188
3072,363,1,1562336705
3072,786,1,1619808609
3072,488,1,1610588058
3073,475,1,1597829742
3073,1518,1,1640936563
3073,39,1,1600096328
3073,192,1,1602915599
3073,13,1,1607011431
3074,475,1,1596009882
3074,520,1,1571760609
3074,125,1,1561040237
3074,971,1,1592366509
3074,585,1,1585837253
3074,482,1,1598364977
3075,475,1,1593692081
3075,1249,1,1616406754
3075,215,1,1602420365
3075,1456,1,1613555196
3075,363,1,1604138020
3076,475,1,1592073189
3076,456,1,1641732850
3076,9,1,1612194537
3076,1481,1,1621672774
3076,371,1,1586538005
3077,475,1,1592104412
3077,598,1,1640526555
3077,418,1,1631877213
3077,467,1,1638670115
3077,127,1,1574152095
3077,267,1,1628390447
3078,475,1,1592095395
3078,489,1,1536585124
3078,502,1,1642309851
3078,1234,1,1646373894
3078,427,1,1641394155
3078,413,1,1610901074
3079,475,1,1592059152
3079,60,1,1620983603
3079,1199,1,1643084207
3079,1039,1,1618383013
3079,376,1,1574224775
3079,1246,1,1573819813
3079,976,1,1643986840
3079,884,1,1590557328
3080,475,1,1592049086
3080,1131,1,1632166921
3080,1324,1,1633078139
3080,1054,1,1605022867
3080,1079,1,1630156482
3081,475,1,1592511670
3081,963,1,1638614006
3081,349,1,1634454324
3081,969,1,1598862705
3081,672,1,1608864784
3081,413,1,1610881570
3082,475,1,1592048779
3082,882,1,1609829534
3082,159,1,1594954144
3082,1123,1,1595205575
3082,39,1,1601112789
3083,950,1,1643649588
3083,875,1,1619705392
3083,1073,1,1633536937
3083,951,1,1598052030
3083,256,1,1644696932
3083,1387,1,1633435226
3083,187,1,1585089502
3084,1519,1,1641103511
3084,1038,1,1597160845
3084,1199,1,1644048506
3084,308,1,1630114764
3084,509,1,1635745874
3084,739,1,1645372199
3084,1211,1,1642104873
3085,82,1,1639708932
3085,937,1,1642903995
3085,1470,1,1598436412
3085,84,1,1642503269
3085,662,1,1592737382
3086,82,1,1638685357
3086,1221,1,1642736394
3086,1520,1,1639795875
3086,84,1,1638671413
3086,618,1,1639886679
3087,82,1,1632991007
3087,1092,1,1630484971
3087,1412,1,1562767483
3087,628,1,1642866241
3087,275,1,1586660994
3087,184,1,1601446228
3087,277,1,1587635012
3087,969,1,1588211254
3087,683,1,1644850366
3087,229,1,1613290489
3087,128,1,1586578477
3087,151,1,1628746809
3088,82,1,1632488379
3088,1248,1,1607524988
3088,53,1,1632487321
3088,1073,1,1632842854
3088,830,1,1631722544
3089,82,1,1632323998
3089,913,1,1624890057
3089,1381,1,1643525823
3089,150,1,1615393855
3089,110,1,1627574073
3089,283,1,1619192699
3090,82,1,1633570882
3090,799,1,1643851284
3090,74,1,1631827769
3090,39,1,1600544627
3090,1079,1,1630707310
3090,433,1,1607801194
3090,973,1,1640925020
3090,1023,1,1507657715
3090,897,1,1628476011
3091,82,1,1632410372
3091,524,1,1626884339
3091,820,1,1623647287
3091,365,1,1597810903
3091,1385,1,1643730536
3091,645,1,1630942567
3091,848,1,1624974170
3092,82,1,1633953540
3092,616,1,1618651796
3092,599,1,1632916022
3092,1324,1,1633266579
3092,1071,1,1641785861
3092,1035,1,1622043726
3093,82,1,1633302376
3093,1512,1,1598812503
3093,1156,1,1629146413
3093,1054,1,1605980530
3093,542,1,1633389240
3094,82,1,1632708987
3094,83,1,1614309069
3094,1152,1,1619067577
3094,660,1,1638169538
3094,739,1,1622599503
3095,82,1,1632399116
3095,535,1,1565528225
3095,457,1,1624509232
3095,1064,1,1571577839
3095,163,1,1609128512
3095,335,1,1631506874
3095,110,1,1629453747
3095,775,1,1616917930
3096,82,1,1636725324
3096,982,1,1634301923
3096,233,1,1632398412
3096,133,1,1646296504
3096,865,1,1568449057
3096,283,1,1636876798
3097,82,1,1633170483
3097,599,1,1632110246
3097,1353,1,1638720028
3097,212,1,1644417482
3097,385,1,1632110958
3097,833,1,1621427300
3097,765,1,1645024465
3098,82,1,1633077889
3098,53,1,1631517184
3098,214,1,1632677120
3098,59,1,1606023102
3098,585,1,1585810933
3099,82,1,1632433672
3099,384,1,1636488466
3099,688,1,1629435972
3099,385,1,1631202309
3099,386,1,1645653879
3100,82,1,1632220082
3100,679,1,1568307602
3100,1147,1,1640702140
3100,1244,1,1622395327
3100,329,1,1640607607
3100,675,1,1641215489
3100,1521,1,1644767371
3101,778,1,1633089049
3101,667,1,1614679432
3101,633,1,1625268790
3101,402,1,1621530872
3101,285,1,1625269758
3101,350,1,1621285264
3102,778,1,1609599504
3102,402,1,1592853012
3102,1238,1,1612043561
3102,747,1,1630604559
3102,285,1,1631639430
3102,827,1,1630604716
3102,312,1,1593565050
3103,778,1,1601842692
3103,243,1,1636470617
3103,928,1,1628180951
3103,508,1,1620990464
3103,363,1,1602802779
3104,778,1,1598338908
3104,1119,1,1606230873
3104,659,1,1601134319
3104,672,1,1606571626
3104,111,1,1607093009
3104,989,1,1623853874
3105,778,1,1598783123
3105,365,1,1596112025
3105,654,1,1590463078
3105,126,1,1607505546
3105,687,1,1597022850
3106,778,1,1605008327
3106,26,1,1645064895
3106,84,1,1643042428
3106,123,1,1631038156
3106,644,1,1633389884
3107,778,1,1622372661
3107,365,1,1596169836
3107,190,1,1616925687
3107,687,1,1597145224
3107,350,1,1625720572
3108,778,1,1599460500
3108,251,1,1599566976
3108,1076,1,1630477238
3108,110,1,1628590954
3108,552,1,1612604308
3109,778,1,1598615417
3109,679,1,1585727720
3109,123,1,1612869272
3109,234,1,1598612507
3109,372,1,1591009572
3110,456,1,1642003180
3110,233,1,1600721611
3110,238,1,1601760705
3110,1522,1,1602439488
3110,731,1,1603511008
3111,456,1,1641811499
3111,460,1,1623582042
3111,53,1,1631630858
3111,612,1,1618350994
3111,613,1,1620740232
3111,1376,1,1611835774
3111,60,1,1620993862
3111,39,1,1621804809
3112,456,1,1641790732
3112,169,1,1642275050
3112,310,1,1598363961
3112,170,1,1635805106
3112,53,1,1632784266
3112,137,1,1622661006
3112,131,1,1638699923
3112,5,1,1641835293
3112,775,1,1623413759
3113,456,1,1641774774
3113,1509,1,1642835822
3113,22,1,1635779272
3113,5,1,1643473649
3113,602,1,1617093494
3114,456,1,1641739174
3114,444,1,1627815112
3114,60,1,1627815635
3114,252,1,1631107758
3114,1234,1,1645100855
3115,456,1,1641732340
3115,796,1,1642842478
3115,1054,1,1632848004
3115,792,1,1633742416
3115,552,1,1612832666
3115,989,1,1625982926
3116,456,1,1643282719
3116,1340,1,1641483264
3116,599,1,1633356272
3116,963,1,1640429006
3116,53,1,1632135284
3116,126,1,1611831406
3116,60,1,1621044670
3116,889,1,1589110971
3116,731,1,1603553212
3116,221,1,1583579546
3117,456,1,1642332464
3117,540,1,1633185110
3117,38,1,1638960545
3117,171,1,1633527063
3117,865,1,1588864220
3118,456,1,1641988373
3118,169,1,1642259614
3118,628,1,1639996372
3118,1042,1,1629959912
3118,4,1,1645592497
3118,267,1,1627872643
3119,456,1,1641911428
3119,540,1,1634012647
3119,889,1,1571922705
3119,1246,1,1617769534
3119,1300,1,1583674266
3120,456,1,1641822729
3120,184,1,1601119198
3120,286,1,1574847175
3120,509,1,1635760716
3120,13,1,1608443213
3121,456,1,1641799044
3121,540,1,1632549655
3121,38,1,1638633065
3121,60,1,1620917313
3121,39,1,1599979808
3121,13,1,1607002653
3122,456,1,1641792690
3122,1523,1,1597281492
3122,977,1,1637637765
3122,37,1,1636448414
3122,807,1,1595671592
3122,540,1,1633339850
3122,38,1,1639543038
3122,140,1,1589369827
3122,171,1,1633332446
3122,39,1,1600014710
3122,775,1,1617293782
3123,456,1,1641791575
3123,982,1,1634626637
3123,1310,1,1595143533
3123,594,1,1615047648
3123,827,1,1584027085
3123,649,1,1613885483
3123,552,1,1612712018
3124,456,1,1641788278
3124,970,1,1554530519
3124,929,1,1643385394
3124,687,1,1596952669
3124,368,1,1635346358
3125,456,1,1641740518
3125,1204,1,1642922589
3125,604,1,1626782273
3125,1328,1,1598854220
3125,60,1,1621011955
3125,13,1,1607269785
3126,456,1,1642168820
3126,310,1,1630837443
3126,330,1,1644159787
3126,184,1,1628299391
3126,171,1,1635638037
3127,456,1,1641817413
3127,169,1,1644190494
3127,540,1,1632561838
3127,38,1,1638610326
3127,60,1,1620913516
3127,171,1,1631348377
3127,30,1,1634078946
3127,13,1,1607002855
3128,456,1,1641779399
3128,184,1,1601099875
3128,671,1,1626093823
3128,416,1,1633766422
3128,777,1,1640491771
3128,453,1,1596277173
3129,456,1,1641740750
3129,324,1,1613828227
3129,38,1,1639583450
3129,123,1,1616945544
3129,649,1,1622909797
3129,659,1,1613828988
3129,312,1,1601745683
3129,13,1,1623659149
3130,456,1,1642430903
3130,4,1,1635783733
3130,527,1,1639702865
3130,214,1,1632981056
3130,171,1,1632588020
3131,456,1,1641816380
3131,489,1,1529308998
3131,830,1,1633063387
3131,275,1,1592070563
3131,1252,1,1592779784
3131,453,1,1603618231
3132,456,1,1641876079
3132,520,1,1602033899
3132,1263,1,1635761686
3132,545,1,1641559471
3132,649,1,1601771222
3132,972,1,1633779960
3132,13,1,1633144200
3133,456,1,1641827929
3133,169,1,1643610528
3133,1227,1,1595826532
3133,463,1,1641976146
3133,1403,1,1642001188
3133,1050,1,1641920063
3134,456,1,1641743165
3134,540,1,1634358805
3134,38,1,1639967056
3134,60,1,1621531434
3134,453,1,1625977335
3135,456,1,1642231054
3135,37,1,1635927699
3135,444,1,1627474245
3135,1392,1,1623850124
3135,459,1,1632410508
3135,186,1,1642729213
3135,1199,1,1643112347
3135,502,1,1643596768
3135,171,1,1632218371
3135,289,1,1633964208
3135,589,1,1642230723
3136,456,1,1641901491
3136,720,1,1628913190
3136,275,1,1606122524
3136,110,1,1629634322
3136,552,1,1614091417
3136,30,1,1628422811
3137,456,1,1643841246
3137,22,1,1638699808
3137,186,1,1644452838
3137,109,1,1637950899
3137,282,1,1623411774
3138,456,1,1642389103
3138,1092,1,1630947692
3138,879,1,1602581673
3138,84,1,1638025945
3138,559,1,1645520272
3138,1199,1,1643595823
3138,761,1,1632547097
3138,510,1,1632546553
3138,1043,1,1640914172
3138,31,1,1643136009
3139,456,1,1642275170
3139,37,1,1634662404
3139,628,1,1639157691
3139,308,1,1630964623
3139,5,1,1641641592
3140,456,1,1642226046
3140,1323,1,1625670114
3140,38,1,1638669242
3140,171,1,1633250728
3140,368,1,1630240238
3141,679,1,1590207552
3141,1310,1,1575083259
3141,212,1,1644465149
3141,184,1,1601179754
3141,392,1,1611735360
3141,393,1,1612789100
3142,679,1,1585636855
3142,1167,1,1613813457
3142,847,1,1615627884
3142,140,1,1589272504
3142,1257,1,1615595600
3142,111,1,1613816715
3143,679,1,1578725060
3143,1310,1,1578291721
3143,428,1,1562321204
3143,852,1,1570017924
3143,281,1,1566480410
3143,637,1,1568790439
3143,662,1,1586880477
3143,638,1,1567599152
3143,645,1,1568219770
3144,679,1,1574698465
3144,970,1,1574613289
3144,1150,1,1571565522
3144,428,1,1572526522
3144,637,1,1573621202
3144,1252,1,1617260294
3144,638,1,1575654196
3144,282,1,1573709726
3144,357,1,1573057360
3145,679,1,1569426619
3145,428,1,1569069067
3145,38,1,1640752819
3145,450,1,1587380557
3145,357,1,1569068255
3145,343,1,1633101259
3146,679,1,1617706188
3146,281,1,1595247977
3146,542,1,1636857682
3146,336,1,1595231517
3146,282,1,1595232072
3146,207,1,1633350208
3147,679,1,1571644841
3147,1073,1,1632831657
3147,386,1,1630426961
3147,201,1,1627578987
3147,192,1,1624174064
3148,679,1,1570362089
3148,520,1,1565511166
3148,356,1,1561262786
3148,1216,1,1583488650
3148,137,1,1600488360
3149,679,1,1640525184
3149,1092,1,1635741254
3149,126,1,1626702129
3149,155,1,1626357077
3149,660,1,1639485672
3150,679,1,1577578342
3150,361,1,1623065481
3150,150,1,1617800565
3150,229,1,1590586316
3150,357,1,1577509768
3151,679,1,1569944309
3151,294,1,1631513479
3151,60,1,1620909420
3151,865,1,1568477325
3151,13,1,1614511230
3152,679,1,1586205324
3152,909,1,1630946104
3152,668,1,1598787557
3152,1512,1,1600193614
3152,485,1,1622438871
3152,281,1,1586059268
3152,637,1,1586045581
3152,1232,1,1598848017
3152,841,1,1585797916
3152,585,1,1585841583
3152,638,1,1586049380
3152,282,1,1586220985
3152,267,1,1629039919
3153,679,1,1582524496
3153,1524,1,1643633080
3153,210,1,1628993494
3153,36,1,1633172087
3153,510,1,1630766137
3154,679,1,1571234285
3154,3,1,1643798047
3154,114,1,1629870365
3154,23,1,1641552140
3154,508,1,1641387636
3154,589,1,1643799537
3155,679,1,1568800233
3155,1044,1,1625745765
3155,853,1,1599015374
3155,391,1,1636634698
3155,803,1,1630129440
3155,291,1,1614437594
3156,375,1,1605426792
3156,190,1,1615711873
3156,527,1,1638030959
3156,964,1,1635583932
3156,1099,1,1637669943
3156,732,1,1613457005
3157,375,1,1605363892
3157,403,1,1587309119
3157,648,1,1602342740
3157,1156,1,1591582906
3157,128,1,1603297141
3158,375,1,1604835456
3158,169,1,1643458869
3158,163,1,1609074571
3158,1022,1,1604757195
3158,214,1,1633188825
3158,60,1,1620910481
3158,115,1,1618315549
3159,375,1,1606021086
3159,149,1,1596865801
3159,163,1,1609041712
3159,621,1,1615857020
3159,137,1,1600491159
3159,523,1,1614169712
3160,375,1,1605518723
3160,520,1,1568942851
3160,977,1,1637795826
3160,1098,1,1616174147
3160,450,1,1587276693
3160,1010,1,1639615683
3160,289,1,1616072793
3160,833,1,1620037217
3160,192,1,1597896376
3160,1300,1,1585361114
3161,375,1,1605074295
3161,807,1,1598964313
3161,48,1,1641724362
3161,77,1,1607852957
3161,732,1,1599146451
3162,375,1,1605434421
3162,598,1,1638682130
3162,184,1,1601129315
3162,916,1,1618227368
3162,508,1,1647009637
3163,375,1,1633753174
3163,791,1,1637659742
3163,1412,1,1594959542
3163,1009,1,1629697049
3163,885,1,1612323399
3163,49,1,1595409682
3163,1460,1,1635668885
3163,308,1,1631497549
3164,375,1,1606193599
3164,702,1,1593587394
3164,371,1,1604284543
3164,853,1,1619331071
3164,969,1,1594089040
3164,278,1,1593664694
3165,375,1,1606040590
3165,266,1,1633270193
3165,324,1,1615715890
3165,636,1,1617795359
3165,853,1,1617796659
3165,1040,1,1643117214
3165,42,1,1616333848
3166,1525,1,1616398637
3166,963,1,1638753858
3166,243,1,1636281163
3166,226,1,1620747025
3166,976,1,1645361730
3166,589,1,1642122051
3167,1525,1,1621512478
3167,838,1,1619565948
3167,1324,1,1643150110
3167,1270,1,1636784709
3167,847,1,1602452830
3167,186,1,1642783230
3167,488,1,1622060632
3167,30,1,1634931920
3167,13,1,1617058187
3168,1525,1,1616300901
3168,1159,1,1636975208
3168,1333,1,1636356075
3168,853,1,1617805782
3168,439,1,1638783459
3168,1043,1,1638837581
3168,31,1,1643004679
3169,1525,1,1618708656
3169,1128,1,1631514617
3169,968,1,1595164770
3169,699,1,1634514599
3169,739,1,1622461456
3170,1525,1,1616504826
3170,1157,1,1642788312
3170,1324,1,1633029372
3170,1392,1,1622439257
3170,30,1,1628725706
3170,575,1,1643138212
3171,1525,1,1616391256
3171,1204,1,1642998476
3171,439,1,1639021235
3171,772,1,1644901719
3171,267,1,1624606382
3172,1525,1,1619275579
3172,77,1,1607862198
3172,1448,1,1615985526
3172,201,1,1627374901
3172,1417,1,1628777597
3173,1525,1,1621097113
3173,918,1,1642307165
3173,1340,1,1642931258
3173,1399,1,1643533493
3173,1249,1,1642739593
3173,1386,1,1633510373
3173,256,1,1642734093
3173,1178,1,1644185595
3173,1326,1,1623385550
3173,453,1,1606612357
3174,1525,1,1635519800
3174,820,1,1638720770
3174,195,1,1637137103
3174,1444,1,1640338079
3174,1270,1,1639748699
3174,1393,1,1640242425
3174,928,1,1636821122
3175,1525,1,1625919994
3175,1515,1,1625919702
3175,664,1,1612528213
3175,338,1,1646565943
3175,151,1,1623155089
3176,1513,1,1643096941
3176,1526,1,1635433603
3176,1231,1,1614529631
3176,1073,1,1633013833
3176,1232,1,1621587307
3176,965,1,1640695779
3177,1513,1,1643186687
3177,242,1,1607945409
3177,126,1,1572751059
3177,526,1,1630144617
3177,1099,1,1637926454
3177,761,1,1630247253
3177,848,1,1641989636
3177,981,1,1636293061
3178,1513,1,1643685391
3178,169,1,1643655738
3178,477,1,1643865731
3178,256,1,1642922537
3178,31,1,1643386419
3179,1513,1,1643682265
3179,196,1,1621081139
3179,267,1,1624062630
3179,1035,1,1621433400
3179,602,1,1617017554
3180,1513,1,1642962453
3180,153,1,1614188976
3180,1249,1,1616517721
3180,879,1,1601541525
3180,1211,1,1642229181
3181,1513,1,1642927219
3181,1093,1,1577540801
3181,488,1,1611056259
3181,308,1,1630317104
3181,660,1,1639121935
3182,1017,1,1643361250
3182,305,1,1594884236
3182,925,1,1622360623
3182,1053,1,1582398822
3182,1227,1,1594453995
3182,819,1,1621359048
3183,1017,1,1642427870
3183,774,1,1644239397
3183,1443,1,1639211426
3183,1527,1,1644174163
3183,979,1,1581881447
3183,329,1,1645231734
3183,1460,1,1627974822
3184,1017,1,1638352896
3184,1425,1,1640861650
3184,898,1,1640862750
3184,789,1,1639567037
3184,618,1,1639564386
3184,253,1,1638704347
3184,74,1,1639567171
3184,896,1,1640698973
3185,1017,1,1632115024
3185,367,1,1627991970
3185,820,1,1632114900
3185,719,1,1619954389
3185,898,1,1627823977
3186,1017,1,1626017455
3186,667,1,1605852870
3186,979,1,1594169957
3186,1032,1,1611999611
3186,1041,1,1608645307
3187,1017,1,1642784841
3187,1037,1,1598279444
3187,49,1,1572071881
3187,127,1,1573323329
3187,59,1,1644337697
3187,1063,1,1631084154
3188,1017,1,1639191204
3188,820,1,1639192330
3188,1338,1,1639191436
3188,216,1,1644510115
3188,843,1,1639375713
3188,403,1,1633240172
3188,979,1,1629515112
3188,1141,1,1637658535
3188,215,1,1603207872
3188,1244,1,1610815911
3188,413,1,1631871445
3189,1017,1,1635960327
3189,904,1,1632925595
3189,820,1,1634943238
3189,505,1,1634548437
3189,1195,1,1644605403
3189,321,1,1644953808
3189,699,1,1634491360
3189,226,1,1644702438
3189,1385,1,1644886793
3189,672,1,1608961620
3189,74,1,1633720341
3189,696,1,1642447828
3190,1017,1,1633540669
3190,1092,1,1630499977
3190,459,1,1632230537
3190,916,1,1629690991
3190,291,1,1613724754
3191,1017,1,1629540390
3191,667,1,1619968980
3191,1134,1,1604842037
3191,22,1,1634296273
3191,128,1,1617971175
3192,1017,1,1627199244
3192,1338,1,1621518572
3192,849,1,1593758996
3192,311,1,1630407486
3192,1161,1,1625932084
3193,1017,1,1626015105
3193,1461,1,1643988180
3193,885,1,1593185921
3193,890,1,1554348879
3193,1318,1,1601218283
3193,585,1,1585929308
3193,735,1,1589821339
3194,1017,1,1625990227
3194,1444,1,1641741342
3194,822,1,1639721124
3194,1232,1,1637802327
3194,101,1,1629364271
3194,42,1,1615269615
3194,602,1,1615473845
3195,1017,1,1643300472
3195,621,1,1623424020
3195,665,1,1624461979
3195,1339,1,1628009610
3195,114,1,1613576469
3196,1017,1,1626710796
3196,842,1,1625982643
3196,1270,1,1636106288
3196,1263,1,1623042667
3196,1022,1,1635856147
3196,1382,1,1626711240
3196,617,1,1622803186
3197,1017,1,1642677280
3197,789,1,1632635848
3197,628,1,1642669994
3197,385,1,1641023557
3197,391,1,1641910635
3197,725,1,1626162082
3198,1017,1,1642533908
3198,1114,1,1619417790
3198,795,1,1635378790
3198,1264,1,1630665179
3198,879,1,1630459832
3198,1325,1,1640283117
3198,439,1,1639554713
3198,672,1,1606554478
3199,1017,1,1641658628
3199,1021,1,1627730289
3199,849,1,1643380337
3199,1265,1,1641561039
3199,704,1,1621689595
3200,1017,1,1634732756
3200,46,1,1609550314
3200,126,1,1572385091
3200,186,1,1641276855
3200,1032,1,1611943733
3200,42,1,1615225133
3200,646,1,1609596622
3201,1017,1,1630768324
3201,1090,1,1634393522
3201,751,1,1629795370
3201,789,1,1634124556
3201,761,1,1630234858
3201,115,1,1641905909
3201,1063,1,1631197648
3202,1017,1,1630632274
3202,820,1,1619686051
3202,1364,1,1624272258
3202,1159,1,1633224844
3202,226,1,1620557909
3203,1017,1,1630603321
3203,667,1,1612766801
3203,1032,1,1611681391
3203,1232,1,1628748446
3203,675,1,1643568726
3203,883,1,1590257240
3203,884,1,1591017855
3204,1017,1,1629480034
3204,505,1,1629466468
3204,506,1,1614237670
3204,252,1,1631165423
3204,932,1,1628847739
3204,246,1,1600488324
3205,1017,1,1629438465
3205,210,1,1628845821
3205,763,1,1628846098
3205,74,1,1631419902
3205,765,1,1643019357
3206,1017,1,1627762540
3206,1073,1,1633053937
3206,1147,1,1642952373
3206,119,1,1644739348
3206,329,1,1642849182
3207,1017,1,1627628140
3207,226,1,1623241597
3207,763,1,1626962632
3207,1050,1,1627196120
3207,973,1,1627813747
3208,1017,1,1627535636
3208,838,1,1631148417
3208,1227,1,1584306149
3208,968,1,1595261481
3208,428,1,1565946204
3208,964,1,1645905745
3208,637,1,1580545150
3208,638,1,1582009057
3208,267,1,1625506181
3208,5,1,1648003787
3209,1017,1,1627297705
3209,481,1,1634441797
3209,1082,1,1600873567
3209,1161,1,1626441927
3209,897,1,1629394162
3210,1017,1,1626565919
3210,361,1,1617537297
3210,820,1,1616648523
3210,36,1,1633182606
3210,238,1,1602985982
3210,127,1,1580302220
3210,413,1,1611413709
3210,207,1,1607491178
3211,1017,1,1626526839
3211,820,1,1616645997
3211,682,1,1583232871
3211,330,1,1626153406
3211,196,1,1621489079
3211,470,1,1624375588
3212,1524,1,1643732484
3212,979,1,1581300845
3212,1528,1,1606374691
3212,1152,1,1617073719
3212,453,1,1596528247
3213,642,1,1640545385
3213,153,1,1637957860
3213,719,1,1618376062
3213,627,1,1641909238
3213,664,1,1604908092
3213,306,1,1629985021
3214,642,1,1643198662
3214,982,1,1635701791
3214,37,1,1643547138
3214,1357,1,1622190309
3214,540,1,1637999740
3214,969,1,1633168728
3214,363,1,1617695809
3215,642,1,1643103685
3215,1131,1,1632118290
3215,841,1,1583440522
3215,329,1,1639606097
3215,675,1,1639807821
3216,642,1,1634454472
3216,1053,1,1588734812
3216,1171,1,1622722218
3216,508,1,1622637957
3216,289,1,1618328651
3216,1164,1,1617623848
3216,761,1,1631960204
3216,510,1,1631959845
3217,642,1,1642768384
3217,1337,1,1633185325
3217,716,1,1627371695
3217,1382,1,1627649086
3217,646,1,1630327614
3217,989,1,1633064206
3218,642,1,1635089953
3218,1383,1,1618846959
3218,875,1,1621235302
3218,1503,1,1510665112
3218,643,1,1632902108
3218,688,1,1632409939
3218,74,1,1632473151
3218,761,1,1632121826
3218,291,1,1621284123
3219,642,1,1635077413
3219,820,1,1643039722
3219,995,1,1639670123
3219,1054,1,1643039625
3219,59,1,1645293806
3220,642,1,1642421073
3220,1265,1,1643262020
3220,1249,1,1631372473
3220,58,1,1634127496
3220,964,1,1635660763
3221,1337,1,1627444154
3221,83,1,1613739910
3221,403,1,1612498513
3221,233,1,1613743718
3221,1032,1,1612409043
3222,1337,1,1626417823
3222,928,1,1629642843
3222,59,1,1646818201
3222,450,1,1621954929
3222,289,1,1635050264
3223,1337,1,1619101047
3223,743,1,1609596009
3223,1376,1,1612632408
3223,1232,1,1631814065
3223,415,1,1599191948
3223,1065,1,1609557357
3224,1337,1,1612885596
3224,1495,1,1575103229
3224,77,1,1607611027
3224,453,1,1606534369
3224,246,1,1617444904
3225,1337,1,1618117480
3225,1183,1,1617449680
3225,308,1,1630163469
3225,696,1,1642187737
3225,589,1,1642239073
3226,1337,1,1613206679
3226,616,1,1636895004
3226,1529,1,1639826500
3226,598,1,1638536601
3226,1495,1,1570837429
3226,1150,1,1565222156
3226,790,1,1635081257
3226,1324,1,1634462613
3226,471,1,1629022384
3226,604,1,1634215279
3226,1263,1,1595405479
3226,617,1,1596183137
3226,928,1,1637645110
3226,59,1,1605867741
3226,386,1,1631615642
3226,119,1,1643544823
3226,329,1,1630099530
3226,638,1,1567607115
3226,1247,1,1632976679
3226,646,1,1608703757
3227,1337,1,1628614642
3227,1340,1,1640335075
3227,719,1,1618392472
3227,1263,1,1640001647
3227,1256,1,1619960798
3227,973,1,1643619781
3228,1337,1,1644249146
3228,1399,1,1643364311
3228,1353,1,1638864123
3228,1232,1,1587738901
3228,1252,1,1606045778
3229,1337,1,1640180008
3229,968,1,1641972413
3229,1263,1,1636638749
3229,1339,1,1639866453
3229,617,1,1623502711
3229,972,1,1641737548
3230,1337,1,1612689832
3230,939,1,1623776416
3230,101,1,1629381509
3230,1035,1,1621526209
3230,602,1,1617032071
3231,1337,1,1611048868
3231,1389,1,1566473495
3231,1187,1,1617006882
3231,1003,1,1594884421
3231,488,1,1612238895
3231,308,1,1630070195
3231,282,1,1574220906
3231,155,1,1563952509
3231,283,1,1619374623
3232,1337,1,1620010485
3232,1231,1,1631942244
3232,87,1,1614409151
3232,1043,1,1624367557
3232,976,1,1643896828
3233,1337,1,1627958690
3233,636,1,1570938819
3233,671,1,1626140743
3233,336,1,1565517974
3233,373,1,1561215643
3234,1337,1,1631695971
3234,654,1,1567930198
3234,196,1,1621257584
3234,426,1,1637374037
3234,653,1,1638510400
3235,1337,1,1616562276
3235,476,1,1627178149
3235,36,1,1633180347
3235,1275,1,1628806887
3235,445,1,1631788670
3236,1337,1,1614690120
3236,77,1,1607872412
3236,253,1,1599378695
3236,644,1,1612448641
3236,229,1,1586744777
3237,1337,1,1643034942
3237,1340,1,1641727373
3237,1325,1,1625113673
3237,928,1,1628311044
3237,24,1,1641832375
3238,1337,1,1616098296
3238,422,1,1637688871
3238,84,1,1635847511
3238,612,1,1587286245
3238,186,1,1641267969
3238,467,1,1638505242
3238,1199,1,1643247935
3238,312,1,1589972988
3238,989,1,1626113945
3239,1419,1,1642573062
3239,1409,1,1641463869
3239,36,1,1633519016
3239,698,1,1620806538
3239,873,1,1641454208
3239,123,1,1616233416
3239,699,1,1636466053
3239,1280,1,1618902705
3240,1092,1,1631098547
3240,1339,1,1629901289
3240,1382,1,1590406888
3240,127,1,1573449458
3240,171,1,1633094908
3240,74,1,1631452992
3240,1071,1,1641750710
3240,101,1,1629383488
3240,976,1,1643976429
3241,1092,1,1630236924
3241,1134,1,1618483994
3241,743,1,1609083484
3241,403,1,1608560255
3241,126,1,1617965743
3241,683,1,1646143505
3242,1092,1,1631529498
3242,367,1,1596939456
3242,979,1,1581679136
3242,503,1,1634520121
3242,373,1,1598596512
3243,1092,1,1630424357
3243,1131,1,1632152830
3243,163,1,1612197070
3243,1073,1,1632762466
3243,980,1,1582907465
3244,1092,1,1642151910
3244,1495,1,1575879159
3244,275,1,1581412487
3244,508,1,1621077698
3244,585,1,1585799114
3245,1092,1,1632066021
3245,968,1,1597246383
3245,919,1,1605713482
3245,385,1,1631190510
3245,725,1,1592048155
3245,1252,1,1592047525
3245,290,1,1586348679
3246,1092,1,1630494135
3246,467,1,1638611197
3246,1199,1,1643203970
3246,30,1,1629114180
3246,509,1,1635765245
3247,1092,1,1630521100
3247,169,1,1642825849
3247,37,1,1635196231
3247,38,1,1638951979
3247,126,1,1622977577
3247,1054,1,1639071283
3247,312,1,1589970592
3248,1092,1,1635150681
3248,266,1,1637141981
3248,72,1,1635159206
3248,1025,1,1630945025
3248,1119,1,1632627731
3248,233,1,1634013093
3249,1092,1,1633506879
3249,153,1,1609427304
3249,361,1,1630500306
3249,875,1,1631692361
3249,295,1,1633200499
3249,1300,1,1609350398
3250,1092,1,1631411654
3250,882,1,1612546004
3250,751,1,1642167263
3250,190,1,1615826619
3250,214,1,1632838014
3250,902,1,1599270348
3251,1092,1,1630852867
3251,169,1,1642937938
3251,37,1,1639840493
3251,964,1,1636788751
3251,30,1,1633164064
3252,1092,1,1630769219
3252,1268,1,1642836934
3252,1398,1,1642835423
3252,439,1,1639655868
3252,154,1,1605092470
3252,445,1,1632239039
3252,1071,1,1641748550
3252,151,1,1610903099
3253,1092,1,1630602061
3253,1131,1,1637732341
3253,879,1,1608218875
3253,186,1,1641280423
3253,971,1,1587624728
3253,928,1,1630348519
3253,502,1,1642347675
3253,989,1,1624481137
3254,1092,1,1630577437
3254,170,1,1635806634
3254,362,1,1628756834
3254,1386,1,1634128967
3254,1465,1,1636408971
3254,1456,1,1611444657
3255,1092,1,1630469938
3255,993,1,1643705177
3255,450,1,1587207380
3255,206,1,1605802529
3255,453,1,1596609245
3256,1092,1,1630412274
3256,982,1,1643214411
3256,126,1,1584127645
3256,110,1,1628363624
3256,775,1,1616951423
3257,1092,1,1630382093
3257,243,1,1636209642
3257,665,1,1631205341
3257,1152,1,1617030753
3257,171,1,1631546424
3257,932,1,1628862686
3257,134,1,1621594303
3258,524,1,1630400807
3258,795,1,1613743759
3258,83,1,1614763148
3258,1037,1,1627226685
3258,581,1,1603729446
3258,1098,1,1626613241
3258,604,1,1626923659
3258,1042,1,1627388291
3258,403,1,1614251611
3258,934,1,1629554150
3258,251,1,1629551328
3258,972,1,1614610184
3258,13,1,1627226034
3258,128,1,1606570191
3258,283,1,1626425457
3259,524,1,1627810784
3259,1425,1,1640698355
3259,1044,1,1627717695
3259,48,1,1641649116
3259,1161,1,1626953001
3259,156,1,1634292847
3260,524,1,1623856078
3260,790,1,1633540999
3260,321,1,1642792818
3260,110,1,1627971291
3260,74,1,1633966968
3261,524,1,1621699852
3261,1000,1,1612377600
3261,849,1,1613713227
3261,633,1,1610879435
3261,702,1,1607695094
3261,211,1,1636292586
3261,594,1,1615040389
3261,643,1,1618840837
3261,22,1,1634299683
3261,234,1,1616673563
3261,1123,1,1623581790
3261,508,1,1620991087
3261,659,1,1619951846
3261,372,1,1612974758
3261,134,1,1621600927
3261,286,1,1612377853
3261,602,1,1616671217
3262,524,1,1621749822
3262,805,1,1615467073
3262,1495,1,1556325457
3262,719,1,1617946010
3262,311,1,1618834751
3262,743,1,1609524184
3262,238,1,1602985575
3262,822,1,1639405788
3262,23,1,1642511416
3262,368,1,1630325183
3263,524,1,1622455094
3263,1328,1,1626586553
3263,969,1,1625457413
3263,150,1,1627541432
3263,339,1,1622863842
3263,552,1,1618067843
3263,368,1,1630302236
3264,524,1,1621933459
3264,159,1,1596259062
3264,190,1,1615874618
3264,658,1,1565950986
3264,883,1,1561973852
3265,524,1,1621868652
3265,305,1,1607587252
3265,1000,1,1625920204
3265,1381,1,1643806208
3265,1324,1,1637288670
3265,1391,1,1594725047
3265,604,1,1625575726
3265,403,1,1625907037
3265,612,1,1624704599
3265,38,1,1640068207
3265,123,1,1639573465
3265,275,1,1595935539
3265,473,1,1636971304
3265,1232,1,1625135844
3265,267,1,1623158271
3266,524,1,1628775519
3266,485,1,1606913660
3266,362,1,1610704947
3266,4,1,1608216367
3266,658,1,1607587151
3266,602,1,1615815052
3267,524,1,1626146323
3267,361,1,1625619994
3267,1044,1,1626145846
3267,1394,1,1639491644
3267,770,1,1643871563
3267,376,1,1646709680
3268,524,1,1622419615
3268,612,1,1613371886
3268,629,1,1633221275
3268,385,1,1631440840
3268,637,1,1568814774
3269,524,1,1622012855
3269,882,1,1623825851
3269,1530,1,1603257987
3269,1134,1,1622698624
3269,720,1,1630565278
3269,311,1,1631078214
3269,1324,1,1633051243
3269,628,1,1624264767
3269,1032,1,1628071664
3269,275,1,1604468576
3269,744,1,1604145229
3269,238,1,1630216546
3269,542,1,1633578627
3269,1232,1,1620281709
3269,939,1,1624168293
3269,368,1,1630214868
3269,433,1,1607499431
3269,101,1,1630988212
3269,180,1,1625746819
3269,42,1,1615169801
3269,245,1,1626514300
3269,482,1,1622700113
3270,524,1,1621593491
3270,460,1,1623473169
3270,742,1,1620039062
3270,363,1,1603169742
3270,433,1,1607609557
3271,524,1,1622389778
3271,724,1,1622601793
3271,720,1,1629610105
3271,742,1,1619180742
3271,790,1,1634283288
3271,1392,1,1622472367
3271,308,1,1630574020
3271,290,1,1621270213
3271,735,1,1587208303
3272,524,1,1624982934
3272,979,1,1581688734
3272,295,1,1635855569
3272,692,1,1613486798
3272,552,1,1613751145
3273,524,1,1626619540
3273,842,1,1628302553
3273,879,1,1625666893
3273,880,1,1627784755
3273,46,1,1627785916
3273,1152,1,1627188962
3274,1283,1,1635873915
3274,171,1,1631333219
3274,508,1,1620987293
3274,30,1,1626347210
3274,306,1,1612948161
3275,1283,1,1640899581
3275,126,1,1572345924
3275,4,1,1632519036
3275,527,1,1638011244
3275,295,1,1631460672
3275,171,1,1633055594
3275,289,1,1635959701
3275,932,1,1628861064
3275,5,1,1641745571
3275,290,1,1635962732
3275,333,1,1644063335
3276,1283,1,1635599577
3276,361,1,1633947225
3276,1248,1,1616732285
3276,83,1,1613953950
3276,913,1,1630341881
3276,233,1,1617838489
3276,110,1,1627600872
3276,883,1,1612713240
3277,1283,1,1635140988
3277,83,1,1613659310
3277,527,1,1638201206
3277,542,1,1633148419
3277,508,1,1621054336
3277,659,1,1601212279
3277,672,1,1606565674
3277,134,1,1621658933
3278,1283,1,1636384207
3278,1157,1,1643360403
3278,272,1,1641825206
3278,1270,1,1643209994
3278,9,1,1612117311
3278,932,1,1628963345
3278,16,1,1639876812
3279,1283,1,1636105213
3279,457,1,1623064760
3279,163,1,1609072511
3279,1109,1,1594647174
3279,335,1,1631277236
3279,523,1,1614184114
3279,87,1,1614347634
3279,357,1,1570548322
3279,775,1,1617081685
3280,1283,1,1635865154
3280,53,1,1632371494
3280,137,1,1600526084
3280,542,1,1633539749
3280,865,1,1567596745
3280,254,1,1641657031
3281,1283,1,1639234594
3281,913,1,1630857001
3281,471,1,1632582666
3281,15,1,1643781370
3281,649,1,1635594274
3281,97,1,1584033381
3281,865,1,1636993865
3281,192,1,1595432951
3282,1283,1,1635331670
3282,72,1,1636801128
3282,913,1,1624418558
3282,1119,1,1628879574
3282,426,1,1646157280
3282,1076,1,1630161711
3283,1283,1,1635334979
3283,1227,1,1607188386
3283,1131,1,1632279634
3283,184,1,1604599051
3283,277,1,1603020433
3283,308,1,1630309312
3284,1283,1,1640090555
3284,310,1,1600558897
3284,64,1,1642595559
3284,654,1,1567490042
3284,336,1,1570961086
3284,508,1,1620988036
3284,833,1,1619962252
3284,1326,1,1622804299
3284,488,1,1612061756
3284,308,1,1630105405
3284,115,1,1613125288
3285,1283,1,1638829640
3285,365,1,1596862571
3285,643,1,1618853571
3285,285,1,1590424694
3285,687,1,1596862565
3286,1283,1,1636691150
3286,913,1,1624957443
3286,621,1,1618565667
3286,275,1,1581348041
3286,964,1,1636810601
3286,1385,1,1644138125
3286,775,1,1628609951
3286,283,1,1626584251
3287,1283,1,1636248774
3287,535,1,1564899259
3287,1227,1,1572633766
3287,428,1,1568132608
3287,127,1,1573957430
3287,282,1,1568526734
3287,739,1,1626329520
3288,1283,1,1635216797
3288,46,1,1609493475
3288,238,1,1601643202
3288,1029,1,1583847635
3288,249,1,1575801520
3288,638,1,1567603679
3289,882,1,1630953299
3289,540,1,1633785308
3289,1062,1,1599358849
3289,699,1,1635975535
3289,636,1,1570973269
3290,882,1,1604638212
3290,1064,1,1571144280
3290,110,1,1629191510
3290,528,1,1640434446
3290,97,1,1606309381
3291,882,1,1596193614
3291,163,1,1622092892
3291,137,1,1601484732
3291,1082,1,1602136706
3291,1023,1,1505584607
3292,882,1,1596022402
3292,795,1,1643228559
3292,1455,1,1644358338
3292,233,1,1602336724
3292,1244,1,1632960046
3292,672,1,1607320467
3293,882,1,1630823568
3293,633,1,1629678084
3293,879,1,1632322956
3293,349,1,1634560122
3293,249,1,1629605465
3293,253,1,1630218248
3294,882,1,1604747069
3294,1070,1,1595166437
3294,833,1,1620268453
3294,339,1,1610876780
3294,883,1,1603379969
3295,882,1,1631710224
3295,153,1,1624975927
3295,578,1,1605312403
3295,1412,1,1555648856
3295,625,1,1593845259
3295,612,1,1593571172
3295,664,1,1594512046
3295,1054,1,1616067180
3295,1142,1,1635503999
3295,792,1,1632742039
3295,649,1,1625563893
3295,155,1,1601967094
3295,413,1,1610966412
3296,882,1,1625674055
3296,1064,1,1571266308
3296,356,1,1571103302
3296,277,1,1570934798
3296,1387,1,1633199524
3297,882,1,1604728728
3297,382,1,1613629458
3297,1064,1,1571231756
3297,654,1,1570815699
3297,527,1,1638093668
3297,889,1,1574483560
3297,289,1,1614499837
3297,644,1,1611221136
3297,731,1,1603617311
3297,1417,1,1628775822
3297,765,1,1643278164
3297,883,1,1561895260
3297,306,1,1613179611
3298,882,1,1598113382
3298,214,1,1632646773
3298,506,1,1614175351
3298,109,1,1636583446
3298,473,1,1629654889
3298,114,1,1612926037
3298,312,1,1590074385
3299,882,1,1601425731
3299,1037,1,1601769240
3299,702,1,1599822314
3299,1117,1,1592528283
3299,184,1,1601732280
3299,430,1,1601424987
3299,221,1,1599485702
3300,882,1,1638872229
3300,1409,1,1640881268
3300,275,1,1595162165
3300,429,1,1638274516
3300,508,1,1622473136
3300,286,1,1598515498
3301,882,1,1630039223
3301,720,1,1629853513
3301,643,1,1633094957
3301,110,1,1629193660
3301,1071,1,1642233524
3302,882,1,1603981951
3302,1248,1,1600004369
3302,1150,1,1603454194
3302,1324,1,1633079700
3302,275,1,1605451768
3302,1328,1,1600149417
3302,15,1,1629967201
3302,253,1,1600864248
3302,833,1,1619968878
3302,433,1,1607441414
3302,180,1,1616764724
3302,42,1,1615119972
3302,1300,1,1609892659
3303,882,1,1604830271
3303,820,1,1616485972
3303,1131,1,1633423941
3303,53,1,1632802821
3303,981,1,1636769922
3304,882,1,1631797244
3304,125,1,1561039502
3304,233,1,1600694227
3304,1054,1,1625241113
3304,969,1,1590552650
3305,882,1,1630477703
3305,294,1,1627957636
3305,535,1,1627318582
3305,275,1,1630517120
3305,150,1,1625242762
3305,430,1,1630689301
3305,363,1,1599583932
3305,246,1,1628002161
3305,151,1,1630601507
3306,882,1,1598445100
3306,361,1,1630226789
3306,100,1,1632804931
3306,625,1,1593594591
3306,1332,1,1630228885
3306,1211,1,1642116182
3307,882,1,1598015754
3307,37,1,1637587421
3307,444,1,1630416909
3307,625,1,1593056534
3307,527,1,1638278191
3307,853,1,1600796486
3307,1187,1,1617037494
3307,649,1,1603298407
3307,150,1,1625825930
3307,289,1,1630331170
3307,106,1,1608219804
3307,30,1,1630419210
3307,13,1,1638639916
3308,882,1,1596290103
3308,680,1,1563202098
3308,1248,1,1601480384
3308,457,1,1623253447
3308,199,1,1488445511
3308,150,1,1615475775
3308,87,1,1616333210
3308,453,1,1596461530
3309,1425,1,1640695730
3309,1453,1,1637405158
3309,719,1,1620575514
3309,898,1,1627132456
3309,59,1,1646119140
3310,1425,1,1640739508
3310,833,1,1620787549
3310,296,1,1627529405
3310,896,1,1622604532
3310,101,1,1629457929
3310,704,1,1621562727
3310,646,1,1626790903
3310,897,1,1627990950
3311,781,1,1643721288
3311,1340,1,1639054003
3311,594,1,1615784050
3311,467,1,1642035596
3311,502,1,1643590215
3311,1211,1,1642211104
3312,781,1,1643859611
3312,692,1,1625170745
3312,649,1,1621436992
3312,267,1,1625421567
3312,115,1,1621438535
3312,1043,1,1627540663
3313,781,1,1643906339
3313,918,1,1643475669
3313,1268,1,1643029520
3313,321,1,1614822181
3313,186,1,1642796527
3313,1199,1,1644377005
3313,683,1,1644815216
3313,587,1,1642382713
3314,781,1,1643816081
3314,1461,1,1642678015
3314,1326,1,1622140780
3314,17,1,1640080702
3314,884,1,1590784043
3315,294,1,1611831781
3315,169,1,1642393742
3315,1321,1,1592627933
3315,1093,1,1577588357
3315,609,1,1636796424
3315,281,1,1566488528
3315,349,1,1633344649
3315,827,1,1582377407
3315,1199,1,1643091837
3315,427,1,1641843615
3315,376,1,1628387258
3316,294,1,1610778714
3316,730,1,1617728098
3316,277,1,1587583278
3316,1252,1,1615707083
3316,896,1,1617640227
3317,294,1,1610771245
3317,1324,1,1633081632
3317,830,1,1631824001
3317,770,1,1640006138
3317,609,1,1637713090
3317,1278,1,1633585436
3317,508,1,1621139918
3317,696,1,1642159418
3318,294,1,1640579833
3318,1324,1,1633025485
3318,87,1,1614250092
3318,453,1,1596464772
3318,290,1,1586338319
3318,874,1,1567156148
3318,291,1,1612075148
3319,294,1,1635783176
3319,661,1,1590940728
3319,777,1,1640258907
3319,306,1,1612870847
3319,602,1,1616818545
3320,294,1,1632787783
3320,1516,1,1642846605
3320,1171,1,1635686828
3320,330,1,1642682235
3320,1310,1,1605089131
3320,1324,1,1635389172
3320,1050,1,1627128004
3320,155,1,1605268360
3320,78,1,1627824032
3321,294,1,1631524506
3321,699,1,1634437836
3321,242,1,1631541395
3321,22,1,1634456274
3321,58,1,1634456872
3322,294,1,1631336111
3322,1275,1,1642520157
3322,277,1,1631338043
3322,1326,1,1631768015
3322,1071,1,1641742439
3323,294,1,1620228018
3323,904,1,1633361240
3323,426,1,1637768109
3323,74,1,1632131895
3323,883,1,1621947050
3324,294,1,1611416504
3324,49,1,1628014820
3324,429,1,1625524073
3324,1232,1,1627053872
3324,725,1,1630265499
3324,645,1,1588718849
3324,115,1,1629921529
3324,989,1,1623856592
3325,294,1,1625382055
3325,277,1,1598890369
3325,150,1,1615957233
3325,110,1,1628608125
3325,453,1,1596601772
3326,294,1,1611835883
3326,1531,1,1644105959
3326,1310,1,1611989780
3326,368,1,1632027581
3326,5,1,1643034603
3326,246,1,1645761866
3327,294,1,1610721852
3327,367,1,1626183988
3327,356,1,1631544515
3327,471,1,1626490126
3327,184,1,1631543697
3327,349,1,1637982371
3327,114,1,1633786828
3327,644,1,1625383751
3327,552,1,1640003447
3327,246,1,1609597759
3328,294,1,1633527801
3328,628,1,1615214386
3328,295,1,1632580270
3328,15,1,1632580671
3328,884,1,1599922357
3329,294,1,1620292776
3329,402,1,1607353084
3329,751,1,1629644967
3329,790,1,1637855691
3329,110,1,1629990504
3329,645,1,1624178576
3329,510,1,1630766219
3330,294,1,1610465718
3330,158,1,1635682934
3330,1324,1,1633429124
3330,1391,1,1613632731
3330,920,1,1613633098
3330,207,1,1631022099
3331,294,1,1641110574
3331,540,1,1638691871
3331,947,1,1627309301
3331,171,1,1633178901
3331,39,1,1639057314
3331,1164,1,1639298756
3331,732,1,1626453608
3332,294,1,1640536994
3332,929,1,1643433537
3332,1532,1,1579673913
3332,1037,1,1600468432
3332,629,1,1606760050
3332,649,1,1642314504
3332,445,1,1633256037
3332,78,1,1645108307
3333,294,1,1633595387
3333,1025,1,1633227397
3333,751,1,1631338546
3333,59,1,1642414625
3333,339,1,1633227627
3334,294,1,1622028530
3334,310,1,1612875229
3334,1324,1,1633008140
3334,1164,1,1614942404
3334,509,1,1635736147
3335,294,1,1642135672
3335,519,1,1611918194
3335,594,1,1628250421
3335,1255,1,1628063884
3335,281,1,1623841309
3335,229,1,1611297524
3336,294,1,1617721757
3336,1249,1,1616508803
3336,159,1,1594805998
3336,126,1,1617085748
3336,295,1,1635507750
3336,336,1,1571059869
3336,932,1,1635509920
3336,128,1,1635335960
3337,294,1,1617149311
3337,540,1,1633214534
3337,527,1,1638059147
3337,792,1,1632953521
3337,338,1,1584399213
3338,294,1,1633612587
3338,751,1,1629939974
3338,852,1,1598760073
3338,841,1,1598779796
3338,645,1,1598761244
3339,294,1,1618141049
3339,428,1,1575548490
3339,1533,1,1609772955
3339,418,1,1629542758
3339,281,1,1566481672
3339,155,1,1563928134
3339,78,1,1617941392
3340,294,1,1616493435
3340,751,1,1629753697
3340,508,1,1621002602
3340,833,1,1619957951
3340,761,1,1630145549
3340,246,1,1616514606
3340,13,1,1616109553
3341,294,1,1614611927
3341,118,1,1636263334
3341,1037,1,1614616065
3341,125,1,1561091631
3341,696,1,1642156287
3342,294,1,1633164187
3342,982,1,1637031842
3342,1037,1,1577525153
3342,913,1,1635039915
3342,790,1,1635765277
3342,1032,1,1611658815
3342,155,1,1637032689
3343,294,1,1628567352
3343,1037,1,1628751828
3343,742,1,1619181781
3343,628,1,1617533546
3343,1156,1,1609083215
3343,459,1,1633604666
3343,731,1,1603511862
3343,155,1,1617258845
3343,373,1,1569913221
3344,294,1,1612351510
3344,171,1,1633623892
3344,150,1,1615635079
3344,683,1,1644773099
3344,246,1,1612351909
3345,294,1,1611221747
3345,540,1,1633172481
3345,450,1,1587355577
3345,437,1,1621478325
3345,246,1,1611463781
3346,294,1,1610773562
3346,310,1,1602513842
3346,384,1,1636660735
3346,463,1,1641724325
3346,1275,1,1629125636
3346,200,1,1623089033
3346,1460,1,1629550202
3346,1161,1,1626926205
3346,1247,1,1633164248
3346,897,1,1628060478
3347,294,1,1627203776
3347,330,1,1627133968
3347,163,1,1609069509
3347,110,1,1629805832
3347,739,1,1624170671
3348,294,1,1613631387
3348,982,1,1627527506
3348,361,1,1618478271
3348,1134,1,1622549620
3348,1037,1,1603197984
3348,913,1,1625285291
3348,38,1,1638716066
3348,664,1,1595571140
3348,184,1,1606733572
3348,439,1,1638955548
3348,602,1,1615651890
3349,294,1,1612014902
3349,367,1,1595067214
3349,384,1,1636979041
3349,1054,1,1606010573
3349,215,1,1602908489
3349,928,1,1628172231
3349,827,1,1613308321
3349,450,1,1598091742
3349,308,1,1642774262
3349,343,1,1641655792
3350,294,1,1610292608
3350,520,1,1568742368
3350,1064,1,1571153338
3350,308,1,1633516340
3350,453,1,1622661402
3351,294,1,1643452046
3351,796,1,1642761139
3351,716,1,1617512710
3351,160,1,1590590569
3351,15,1,1630246135
3351,502,1,1642342760
3351,200,1,1611466946
3351,932,1,1629127425
3351,17,1,1640090062
3351,1315,1,1631629953
3352,294,1,1612080513
3352,847,1,1637820800
3352,226,1,1625672158
3352,947,1,1607273420
3352,106,1,1610098475
3353,294,1,1611759856
3353,968,1,1596618212
3353,196,1,1621264483
3353,184,1,1611797900
3353,559,1,1646225483
3353,711,1,1609834798
3353,246,1,1624687009
3353,1247,1,1631099757
3354,294,1,1624195965
3354,310,1,1624196291
3354,356,1,1600593238
3354,362,1,1645683300
3354,1386,1,1643993183
3354,792,1,1635488536
3354,115,1,1645681214
3355,1167,1,1578766889
3355,680,1,1578762664
3355,818,1,1585992118
3355,422,1,1637769090
3355,964,1,1635579391
3355,575,1,1643056404
3356,1167,1,1578281237
3356,719,1,1619077156
3356,216,1,1644759685
3356,463,1,1641965955
3356,744,1,1641036589
3356,385,1,1631630508
3356,822,1,1639541917
3356,786,1,1620380123
3357,556,1,1643629451
3357,324,1,1613405373
3357,109,1,1637843346
3357,1050,1,1626796188
3357,450,1,1606751993
3357,206,1,1606752247
3357,644,1,1611128733
3357,350,1,1595607603
3357,557,1,1623589360
3358,556,1,1643560733
3358,929,1,1643878691
3358,1534,1,1644084475
3358,186,1,1641465662
3358,467,1,1638871082
3358,251,1,1599653151
3358,1199,1,1643879020
3358,502,1,1644251379
3358,430,1,1569390601
3358,31,1,1643879097
3358,602,1,1615612873
3359,556,1,1643566892
3359,1073,1,1632977321
3359,830,1,1632976834
3359,467,1,1638610979
3359,761,1,1630387127
3359,1211,1,1642625941
3360,266,1,1643482883
3360,361,1,1628998014
3360,1470,1,1598449164
3360,1062,1,1598723009
3360,1232,1,1642183927
3360,267,1,1644350052
3360,1300,1,1607172946
3360,653,1,1642621500
3361,266,1,1641433614
3361,842,1,1640178200
3361,1147,1,1642921228
3361,618,1,1636637277
3361,852,1,1633602943
3361,526,1,1634042497
3361,386,1,1632998496
3361,761,1,1630381363
3362,266,1,1636008069
3362,820,1,1624183367
3362,321,1,1580450866
3362,1232,1,1635560466
3362,156,1,1632030438
3363,266,1,1623653399
3363,361,1,1625675435
3363,169,1,1643452261
3363,1114,1,1627361707
3363,1171,1,1622816398
3363,73,1,1644001696
3363,267,1,1626369454
3364,266,1,1615635192
3364,581,1,1585983886
3364,625,1,1592743595
3364,215,1,1602166374
3364,415,1,1599144496
3365,266,1,1614715739
3365,1495,1,1558280280
3365,1053,1,1578157985
3365,879,1,1603027212
3365,48,1,1641711422
3365,545,1,1631555944
3365,542,1,1633577354
3365,675,1,1643173420
3365,128,1,1595231504
3365,883,1,1561904045
3366,266,1,1614404147
3366,1367,1,1623340090
3366,738,1,1584966686
3366,1257,1,1576141982
3366,503,1,1635097453
3366,509,1,1635740322
3367,266,1,1626815191
3367,8,1,1627439107
3367,1535,1,1600297370
3367,1418,1,1575708812
3367,1054,1,1632945151
3368,266,1,1623313852
3368,667,1,1623313611
3368,356,1,1562819053
3368,1013,1,1636357764
3368,211,1,1636293180
3368,444,1,1635670103
3368,1473,1,1580700399
3368,649,1,1603815815
3368,150,1,1630585347
3368,110,1,1630582101
3368,289,1,1632569337
3368,1257,1,1588251713
3368,283,1,1632671374
3369,266,1,1615400399
3369,742,1,1619737473
3369,48,1,1642788460
3369,101,1,1630436620
3369,775,1,1620682217
3370,266,1,1627910079
3370,1515,1,1624776018
3370,87,1,1614663860
3370,363,1,1562339585
3370,732,1,1603363242
3370,932,1,1628866888
3370,246,1,1615111195
3371,266,1,1614410864
3371,467,1,1638757807
3371,1050,1,1626770557
3371,1326,1,1622292139
3371,156,1,1631876472
3372,266,1,1631238905
3372,153,1,1628168764
3372,1000,1,1630750844
3372,720,1,1629186718
3372,86,1,1634476515
3372,643,1,1632230934
3372,618,1,1635052846
3372,109,1,1636453791
3372,1071,1,1642051773
3372,306,1,1624338801
3373,266,1,1624717310
3373,196,1,1619968988
3373,770,1,1640185208
3373,24,1,1641948384
3373,1326,1,1622170200
3374,266,1,1614504651
3374,667,1,1598167900
3374,305,1,1576990490
3374,598,1,1638687372
3374,599,1,1634729978
3374,118,1,1634563279
3374,1093,1,1577512053
3374,613,1,1620647461
3374,391,1,1636877886
3374,585,1,1585832830
3374,488,1,1609332369
3374,333,1,1644052822
3374,291,1,1616938768
3375,918,1,1642400944
3375,1324,1,1634345208
3375,321,1,1570266771
3375,459,1,1632264504
3375,171,1,1631336481
3375,445,1,1631788919
3375,373,1,1561465551
3375,1315,1,1629958314
3375,509,1,1635965776
3375,696,1,1642161484
3375,156,1,1632613951
3376,918,1,1642350636
3376,3,1,1643624302
3376,1199,1,1643219954
3376,24,1,1641755712
3376,1079,1,1630262264
3376,589,1,1642241780
3377,918,1,1642309873
3377,838,1,1607174270
3377,1534,1,1644213266
3377,692,1,1638003577
3377,646,1,1610633551
3378,918,1,1643637635
3378,1490,1,1640619385
3378,1265,1,1643883073
3378,150,1,1615025837
3378,683,1,1644721111
3379,918,1,1643277043
3379,186,1,1641306754
3379,467,1,1639238602
3379,1390,1,1636582622
3379,1199,1,1643191090
3379,1071,1,1641915778
3379,1468,1,1641805897
3380,918,1,1643110090
3380,667,1,1603823870
3380,970,1,1612759959
3380,367,1,1599546559
3380,820,1,1615473471
3380,766,1,1601664032
3380,658,1,1646472592
3380,291,1,1613418970
3381,918,1,1642758312
3381,789,1,1629971229
3381,1456,1,1639612968
3381,24,1,1641784441
3381,696,1,1642227279
3382,918,1,1642610595
3382,256,1,1642764172
3382,15,1,1631959302
3382,488,1,1610426923
3382,16,1,1640064894
3383,918,1,1642601916
3383,356,1,1562445262
3383,747,1,1575888007
3383,732,1,1552099428
3383,731,1,1604987586
3384,918,1,1642425457
3384,1134,1,1616035177
3384,1218,1,1608193717
3384,22,1,1634462028
3384,251,1,1599624440
3384,252,1,1631152805
3384,128,1,1616055917
3385,918,1,1642392984
3385,1128,1,1631287061
3385,1216,1,1601093069
3385,186,1,1641290134
3385,467,1,1638518858
3386,918,1,1642356944
3386,1515,1,1610639683
3386,609,1,1637007709
3386,257,1,1635161175
3386,792,1,1632898174
3387,918,1,1642328391
3387,186,1,1641268815
3387,1386,1,1633761055
3387,792,1,1633251729
3387,502,1,1642307096
3388,918,1,1642307671
3388,126,1,1573612388
3388,186,1,1641268216
3388,226,1,1620184241
3388,467,1,1638508008
3389,918,1,1642305553
3389,382,1,1615655061
3389,1324,1,1633058180
3389,917,1,1636720686
3389,277,1,1582453921
3390,918,1,1642304259
3390,324,1,1613411178
3390,22,1,1636638757
3390,256,1,1642734482
3390,234,1,1598614674
3391,153,1,1629887428
3391,904,1,1633363011
3391,3,1,1643615687
3391,1321,1,1615015241
3391,196,1,1629554995
3391,58,1,1637405269
3391,23,1,1642259613
3391,24,1,1641786557
3391,267,1,1633103903
3392,153,1,1624341450
3392,1269,1,1635151772
3392,1333,1,1635510616
3392,96,1,1604832380
3392,654,1,1567334872
3392,688,1,1629039409
3392,126,1,1572347195
3392,186,1,1642665380
3392,238,1,1630207876
3392,277,1,1556273972
3392,106,1,1609229498
3392,128,1,1567781207
3392,283,1,1619180720
3393,153,1,1615085833
3393,1221,1,1643255540
3393,190,1,1633570732
3393,275,1,1609034769
3393,646,1,1608643227
3394,153,1,1610811506
3394,820,1,1616821263
3394,1227,1,1569046402
3394,1536,1,1568516218
3394,1339,1,1614345619
3394,853,1,1626140297
3394,200,1,1588920708
3394,732,1,1636529818
3395,153,1,1627026243
3395,1231,1,1626935340
3395,951,1,1626935414
3395,725,1,1629649159
3395,1252,1,1629650025
3395,939,1,1629803771
3395,415,1,1599135299
3395,373,1,1569103740
3395,482,1,1597238424
3396,153,1,1635569551
3396,1102,1,1633185912
3396,688,1,1628674406
3396,106,1,1630494915
3396,510,1,1630317715
3397,153,1,1623148526
3397,1310,1,1578897578
3397,46,1,1633152254
3397,1332,1,1643195939
3397,1039,1,1617448972
3397,1326,1,1622301052
3397,777,1,1641117842
3398,153,1,1602596227
3398,820,1,1619757329
3398,604,1,1625285963
3398,761,1,1631678451
3398,739,1,1633406363
3399,153,1,1628505334
3399,625,1,1605845519
3399,114,1,1612925978
3399,510,1,1630321834
3399,704,1,1606475078
3399,897,1,1628254552
3400,153,1,1627808684
3400,791,1,1627247982
3400,126,1,1572392040
3400,528,1,1641197174
3400,602,1,1616919718
3401,153,1,1632503744
3401,820,1,1621748307
3401,1231,1,1632635189
3401,487,1,1639137545
3401,221,1,1627602362
3402,153,1,1632056070
3402,196,1,1621164175
3402,4,1,1644504287
3402,1491,1,1632061558
3402,416,1,1634823592
3403,153,1,1626154265
3403,481,1,1632642321
3403,289,1,1625939594
3403,786,1,1623514423
3403,5,1,1642914774
3403,156,1,1631977783
3404,153,1,1606311201
3404,1398,1,1642095833
3404,995,1,1639683633
3404,422,1,1637601424
3404,1325,1,1624971643
3404,964,1,1635587899
3404,1035,1,1638443908
3404,765,1,1644257272
3404,646,1,1628742822
3405,153,1,1620369606
3405,1311,1,1613731903
3405,1339,1,1637213923
3405,1385,1,1645267872
3405,283,1,1646636161
3406,153,1,1617888858
3406,599,1,1632571873
3406,1415,1,1633164287
3406,384,1,1636254620
3406,48,1,1643283570
3406,1392,1,1623506148
3406,1376,1,1633187036
3407,153,1,1614631743
3407,1291,1,1618928703
3407,1231,1,1619293790
3407,126,1,1632663689
3407,1244,1,1611085816
3407,439,1,1639082647
3407,187,1,1633315191
3408,153,1,1622581592
3408,367,1,1587453080
3408,879,1,1634058055
3408,150,1,1615474448
3408,373,1,1623680960
3409,153,1,1615214223
3409,581,1,1619753642
3409,49,1,1613661914
3409,902,1,1597680231
3409,338,1,1601286725
3409,1261,1,1617106690
3409,111,1,1605795780
3409,413,1,1611061181
3409,373,1,1604503569
3409,128,1,1585414358
3410,153,1,1599931687
3410,1265,1,1642184374
3410,382,1,1615542013
3410,384,1,1636044200
3410,636,1,1572372440
3411,534,1,1638208470
3411,540,1,1634032653
3411,77,1,1624175418
3411,285,1,1624368063
3411,286,1,1605539472
3412,534,1,1613619688
3412,968,1,1613814134
3412,1052,1,1613397121
3412,585,1,1613482712
3412,286,1,1613655525
3413,534,1,1593755755
3413,519,1,1591932257
3413,535,1,1591781201
3413,281,1,1588065797
3413,637,1,1588059451
3413,824,1,1593662436
3414,534,1,1597238116
3414,968,1,1606475750
3414,384,1,1636160251
3414,604,1,1640349639
3414,638,1,1601895113
3415,534,1,1605003877
3415,1053,1,1599364883
3415,702,1,1596774091
3415,682,1,1600252338
3415,1536,1,1558362720
3416,534,1,1598333348
3416,169,1,1643894187
3416,520,1,1568985788
3416,1093,1,1577527234
3416,39,1,1600087688
3417,534,1,1594612031
3417,757,1,1588364010
3417,1533,1,1607993455
3417,4,1,1642445351
3417,58,1,1634086171
3417,853,1,1574914553
3417,285,1,1622321543
3417,274,1,1627869384
3417,267,1,1633990938
3417,290,1,1606642966
3418,534,1,1595956029
3418,535,1,1590888711
3418,968,1,1639079708
3418,125,1,1562542015
3418,312,1,1590095509
3418,732,1,1595107515
3418,731,1,1603540069
3418,865,1,1567604335
3419,534,1,1619010695
3419,457,1,1622980753
3419,216,1,1644819655
3419,190,1,1615736562
3419,916,1,1616163177
3419,989,1,1623836826
3420,534,1,1606562740
3420,535,1,1566505718
3420,356,1,1597636544
3420,1218,1,1624989040
3420,625,1,1594668460
3420,277,1,1570182370
3421,982,1,1633871395
3421,1383,1,1617439776
3421,1324,1,1633342409
3421,84,1,1638011595
3421,349,1,1635333305
3421,841,1,1608482377
3421,372,1,1617674321
3422,982,1,1627468487
3422,1379,1,1636317691
3422,402,1,1593446170
3422,853,1,1582629144
3422,585,1,1586093536
3422,732,1,1611402552
3423,982,1,1604245285
3423,64,1,1642607366
3423,163,1,1609254939
3423,865,1,1615025030
3423,775,1,1616902602
3423,128,1,1598605696
3424,982,1,1637734057
3424,795,1,1612944461
3424,485,1,1617890131
3424,159,1,1611052321
3424,1328,1,1600774918
3424,585,1,1585893493
3425,982,1,1633846349
3425,540,1,1633323091
3425,738,1,1585887198
3425,1300,1,1586413073
3425,884,1,1590414408
3426,982,1,1632112671
3426,169,1,1643348961
3426,742,1,1620208671
3426,308,1,1630577283
3426,155,1,1636677320
3427,982,1,1635084100
3427,460,1,1623503260
3427,457,1,1622978255
3427,516,1,1641275276
3427,170,1,1635767389
3427,1311,1,1612756773
3427,1244,1,1612712813
3427,252,1,1631342374
3427,427,1,1645933261
3427,97,1,1576899009
3427,339,1,1637663894
3427,413,1,1611916682
3427,696,1,1642750369
3427,653,1,1638892174
3427,291,1,1613142131
3428,982,1,1640705008
3428,382,1,1615727396
3428,802,1,1610345917
3428,1257,1,1608206504
3428,413,1,1611162169
3428,156,1,1631947797
3429,982,1,1632675325
3429,422,1,1637597954
3429,540,1,1632632003
3429,4,1,1642087966
3429,629,1,1590596991
3429,349,1,1633171199
3429,683,1,1645751828
3429,509,1,1635740575
3430,982,1,1625287995
3430,169,1,1642378119
3430,1324,1,1633030550
3430,467,1,1638513963
3430,60,1,1620947022
3430,662,1,1586198351
3430,338,1,1552260173
3430,282,1,1558826545
3430,283,1,1626743828
3430,31,1,1643075684
3431,982,1,1635508189
3431,275,1,1587803360
3431,238,1,1628471746
3431,889,1,1586685862
3431,339,1,1569934896
3432,982,1,1630807144
3432,963,1,1638607820
3432,1537,1,1601308610
3432,137,1,1600585382
3432,256,1,1643706717
3432,16,1,1639668185
3433,982,1,1627725048
3433,519,1,1615185733
3433,158,1,1635413051
3433,649,1,1613394627
3433,972,1,1613984470
3433,585,1,1594651405
3433,115,1,1613978156
3433,739,1,1624758433
3434,1490,1,1640153172
3434,1453,1,1637332308
3434,385,1,1631632089
3434,150,1,1615100179
3434,253,1,1591959978
3434,430,1,1564744960
3434,289,1,1614606077
3434,1257,1,1566646202
3434,976,1,1641857877
3434,291,1,1614607219
3435,1490,1,1640015472
3435,559,1,1644654377
3435,1377,1,1603359390
3435,1456,1,1619866215
3435,865,1,1567762987
3436,1490,1,1639921695
3436,608,1,1636474839
3436,422,1,1637577288
3436,1386,1,1633711288
3436,1054,1,1604838028
3436,78,1,1627923265
3437,1490,1,1639529038
3437,822,1,1639440755
3437,257,1,1634528280
3437,792,1,1634619188
3437,738,1,1584960046
3437,308,1,1632441844
3438,1490,1,1639230072
3438,719,1,1620052170
3438,1218,1,1610763024
3438,422,1,1643116649
3438,1263,1,1642020012
3438,1073,1,1633216221
3438,1386,1,1634307758
3438,792,1,1632930623
3438,649,1,1613246615
3438,17,1,1642227475
3438,246,1,1609996405
3438,115,1,1613245803
3439,1474,1,1590001649
3439,1062,1,1598365436
3439,665,1,1644573224
3439,234,1,1605723500
3439,969,1,1613467195
3439,455,1,1639650326
3439,111,1,1605786726
3439,865,1,1619161845
3439,207,1,1605734219
3439,646,1,1611126256
3440,1474,1,1591596143
3440,1131,1,1632064880
3440,137,1,1600508933
3440,792,1,1632482415
3440,229,1,1586077195
3441,1474,1,1637405635
3441,1379,1,1635672047
3441,599,1,1631936909
3441,503,1,1634546601
3441,1161,1,1637897602
3442,1474,1,1589319865
3442,919,1,1606960928
3442,1276,1,1548066081
3442,1119,1,1600516870
3442,792,1,1632968322
3442,902,1,1599008200
3442,889,1,1596164785
3442,1082,1,1600660865
3443,1474,1,1618741967
3443,361,1,1616670980
3443,476,1,1629705724
3443,730,1,1637923139
3443,1221,1,1642170947
3443,1536,1,1618898870
3443,880,1,1610542810
3443,403,1,1640526228
3443,1501,1,1617269555
3443,1156,1,1594562984
3443,1255,1,1628593056
3443,1376,1,1610591547
3443,629,1,1628145668
3443,951,1,1617100563
3443,1029,1,1627613761
3443,1473,1,1594381332
3443,1368,1,1630410056
3443,1232,1,1613102659
3443,725,1,1644202489
3443,1252,1,1644203056
3443,732,1,1645633935
3443,415,1,1640524539
3443,373,1,1618741348
3443,115,1,1647932465
3444,1474,1,1620291464
3444,1538,1,1602654043
3444,1343,1,1642855835
3444,1039,1,1618660541
3444,437,1,1641810797
3445,1474,1,1589292387
3445,84,1,1642148529
3445,664,1,1598265335
3445,1032,1,1611803416
3445,971,1,1587627859
3445,916,1,1618036340
3445,274,1,1625915818
3445,252,1,1631197486
3445,488,1,1610025597
3445,675,1,1637818511
3445,437,1,1620911591
3445,433,1,1607761362
3446,1474,1,1589373381
3446,1238,1,1585152702
3446,1343,1,1643202329
3446,1403,1,1643123989
3446,1257,1,1640083002
3446,786,1,1620039313
3447,1474,1,1589296406
3447,850,1,1583984980
3447,275,1,1581356126
3447,1382,1,1590130492
3447,671,1,1626857209
3447,1232,1,1587022086
3447,731,1,1603550572
3447,78,1,1595956623
3447,884,1,1590562087
3448,1474,1,1595680344
3448,1265,1,1643426806
3448,853,1,1640944192
3448,1326,1,1622177834
3448,602,1,1616315037
3449,1474,1,1590641724
3449,664,1,1594189050
3449,665,1,1623460214
3449,971,1,1592985465
3449,687,1,1596815462
3449,338,1,1584265563
3449,1076,1,1629990487
3450,1200,1,1594290553
3450,751,1,1629463254
3450,336,1,1564232111
3450,372,1,1590929696
3450,775,1,1616907331
3451,1200,1,1541680984
3451,195,1,1642935881
3451,875,1,1620568567
3451,126,1,1638624093
3451,1076,1,1630019908
3452,1200,1,1547547122
3452,199,1,1496811687
3452,947,1,1606920300
3452,426,1,1637500783
3452,274,1,1637414583
3453,1200,1,1541946660
3453,643,1,1618930999
3453,621,1,1615817757
3453,1141,1,1599296749
3453,349,1,1635140123
3454,1128,1,1631324027
3454,184,1,1601223992
3454,971,1,1587628027
3454,792,1,1633806374
3454,249,1,1570029205
3454,637,1,1568720325
3454,150,1,1615392715
3454,445,1,1631793568
3454,645,1,1568210408
3454,646,1,1608633941
3455,1128,1,1637041700
3455,1052,1,1615770471
3455,16,1,1641364433
3455,1065,1,1608346955
3455,128,1,1620559309
3456,1128,1,1631880219
3456,748,1,1631773240
3456,913,1,1631769797
3456,418,1,1630559082
3456,649,1,1635347272
3457,1128,1,1633533140
3457,216,1,1644665387
3457,163,1,1614005325
3457,545,1,1625741087
3457,932,1,1633770715
3458,1128,1,1630810001
3458,211,1,1637744654
3458,1503,1,1517838913
3458,243,1,1636209375
3458,853,1,1593774783
3458,1052,1,1588995245
3459,1128,1,1631442673
3459,913,1,1624177973
3459,683,1,1645337091
3459,413,1,1610975638
3459,30,1,1628617319
3460,1128,1,1630916704
3460,748,1,1630942722
3460,753,1,1643732057
3460,243,1,1637931511
3460,15,1,1630929187
3460,373,1,1609296129
3461,1539,1,1570111874
3461,1268,1,1642850823
3461,356,1,1571757521
3461,428,1,1562330489
3461,38,1,1638708363
3461,1054,1,1605684163
3461,629,1,1598463921
3461,60,1,1620910910
3461,1099,1,1639499289
3461,954,1,1581696838
3461,336,1,1572919496
3461,87,1,1619399802
3462,1539,1,1566819856
3462,699,1,1634440931
3462,621,1,1615814885
3462,137,1,1602152077
3462,1346,1,1609867541
3463,667,1,1625974327
3463,757,1,1630170354
3463,100,1,1630680699
3463,1357,1,1625979043
3463,649,1,1642431555
3463,589,1,1643494362
3464,667,1,1604175282
3464,1264,1,1630395418
3464,418,1,1629368206
3464,1387,1,1633884475
3464,1199,1,1643081797
3464,502,1,1642483573
3464,312,1,1598698255
3465,667,1,1598138795
3465,1324,1,1633042852
3465,1357,1,1617279864
3465,471,1,1624173700
3465,604,1,1625013392
3465,256,1,1642767888
3465,339,1,1637549019
3466,667,1,1610467137
3466,149,1,1636564362
3466,127,1,1575090624
3466,683,1,1644664870
3466,430,1,1611030249
3466,376,1,1604807648
3466,128,1,1603710424
3467,667,1,1600526243
3467,1218,1,1564159209
3467,149,1,1627808627
3467,418,1,1629694904
3467,482,1,1597250237
3468,667,1,1613111705
3468,457,1,1624144193
3468,920,1,1611036353
3468,184,1,1607220053
3468,1045,1,1613734791
3468,39,1,1633098866
3469,667,1,1602269879
3469,214,1,1632655423
3469,916,1,1616161735
3469,349,1,1633277740
3469,1050,1,1628060038
3469,87,1,1614246797
3469,453,1,1607977028
3469,151,1,1613887838
3470,667,1,1620784096
3470,485,1,1608022339
3470,1038,1,1598687408
3470,60,1,1620968833
3470,833,1,1620047088
3471,667,1,1612321745
3471,790,1,1633590277
3471,211,1,1636362250
3471,212,1,1642731275
3471,847,1,1593154553
3471,848,1,1593154042
3472,667,1,1606829969
3472,422,1,1638020174
3472,256,1,1644054246
3472,1326,1,1624323523
3472,488,1,1612102078
3472,283,1,1619756725
3473,667,1,1604482403
3473,1227,1,1604903879
3473,485,1,1614738380
3473,658,1,1614158585
3473,376,1,1605085671
3474,667,1,1599394426
3474,1114,1,1619618773
3474,1454,1,1606402757
3474,38,1,1638701598
3474,60,1,1620913419
3474,521,1,1639627299
3474,39,1,1618828144
3474,509,1,1635738216
3474,13,1,1607229109
3474,128,1,1616300183
3474,283,1,1619178228
3475,667,1,1625808806
3475,913,1,1629179303
3475,1536,1,1558281934
3475,545,1,1625742974
3475,126,1,1637757170
3476,667,1,1618295020
3476,808,1,1585840457
3476,916,1,1617202709
3476,1052,1,1571673400
3476,156,1,1633351361
3477,667,1,1604607078
3477,742,1,1624357116
3477,813,1,1583433873
3477,1269,1,1634993731
3477,49,1,1578996568
3477,397,1,1629362717
3477,731,1,1604836421
3478,1523,1,1618671875
3478,1415,1,1634707594
3478,963,1,1640518372
3478,743,1,1616516043
3478,654,1,1599192858
3478,1032,1,1611815527
3479,1523,1,1597068903
3479,1053,1,1582481548
3479,100,1,1636421361
3479,1178,1,1644235747
3479,1039,1,1617494947
3479,373,1,1569410787
3480,519,1,1628500791
3480,754,1,1625496529
3480,843,1,1628416379
3480,1018,1,1625499641
3480,972,1,1625398500
3481,519,1,1594043294
3481,324,1,1613401622
3481,109,1,1636450743
3481,692,1,1609617525
3481,552,1,1612608853
3481,134,1,1623748379
3482,519,1,1587303888
3482,460,1,1623862647
3482,485,1,1611473812
3482,160,1,1589739730
3482,559,1,1646063594
3482,833,1,1620392298
3483,519,1,1586497149
3483,520,1,1586604353
3483,1171,1,1624293609
3483,170,1,1636046944
3483,362,1,1642966213
3483,329,1,1634744195
3483,1326,1,1622134019
3483,267,1,1647597861
3484,519,1,1597194353
3484,1454,1,1622016351
3484,968,1,1598877675
3484,1290,1,1642319482
3484,256,1,1643032303
3484,696,1,1642162064
3485,519,1,1583211179
3485,535,1,1564142169
3485,598,1,1640373648
3485,391,1,1640374406
3485,150,1,1625204912
3485,119,1,1644236863
3485,110,1,1636967629
3485,732,1,1564662677
3485,357,1,1569830821
3486,519,1,1589382968
3486,594,1,1615023091
3486,22,1,1634478145
3486,140,1,1589264210
3486,527,1,1638052260
3486,350,1,1590738628
3487,616,1,1626874128
3487,1537,1,1627221762
3487,1392,1,1622439897
3487,1278,1,1632739727
3487,1460,1,1641650409
3488,616,1,1626862872
3488,233,1,1618833354
3488,289,1,1623325168
3488,291,1,1614478967
3488,306,1,1622192905
3489,616,1,1617610694
3489,598,1,1638661483
3489,118,1,1634431244
3489,853,1,1563800308
3489,392,1,1613617613
3489,1300,1,1585910004
3490,616,1,1631646912
3490,1000,1,1600534405
3490,476,1,1632611550
3490,48,1,1644355418
3490,1301,1,1631666261
3491,616,1,1618220659
3491,757,1,1587197874
3491,604,1,1625109134
3491,234,1,1598611421
3491,1039,1,1617339102
3491,731,1,1603875596
3491,134,1,1621685349
3492,616,1,1631955764
3492,118,1,1634382151
3492,384,1,1636287128
3492,385,1,1631954964
3492,391,1,1636631781
3492,802,1,1631955377
3492,503,1,1634278912
3492,393,1,1634383391
3493,616,1,1617678116
3493,1044,1,1626863050
3493,158,1,1633783067
3493,1332,1,1631243147
3493,1480,1,1644855318
3493,1040,1,1619831632
3493,792,1,1634571572
3493,711,1,1609671374
3493,1300,1,1592645926
3494,616,1,1643893074
3494,868,1,1630050667
3494,880,1,1643895355
3494,1097,1,1635058539
3494,510,1,1643796439
3495,616,1,1628602642
3495,384,1,1644677566
3495,604,1,1628601783
3495,385,1,1631372050
3495,386,1,1632022312
3496,616,1,1617530867
3496,970,1,1564913594
3496,36,1,1633157815
3496,180,1,1617198875
3496,696,1,1642166664
3497,616,1,1618922560
3497,158,1,1634811026
3497,186,1,1641395705
3497,502,1,1642418077
3497,571,1,1600077121
3497,31,1,1643113047
3498,1341,1,1629608501
3498,367,1,1598367413
3498,1064,1,1574600483
3498,902,1,1599234111
3498,672,1,1608732541
3499,1341,1,1626357765
3499,578,1,1595352798
3499,1134,1,1592006039
3499,1037,1,1584379438
3499,155,1,1563935916
3500,1341,1,1622499462
3500,463,1,1641955715
3500,77,1,1607646339
3500,60,1,1623194517
3500,385,1,1631566815
3500,430,1,1615934017
3500,488,1,1609191440
3501,1341,1,1608014315
3501,428,1,1566280874
3501,1503,1,1536905934
3501,612,1,1630914875
3501,636,1,1630152658
3501,253,1,1614413380
3501,508,1,1621950068
3502,361,1,1631193034
3502,36,1,1638975521
3502,790,1,1635761405
3502,618,1,1634963763
3502,74,1,1633324150
3502,761,1,1633324666
3502,510,1,1634653370
3503,361,1,1630556686
3503,251,1,1627899593
3503,392,1,1627557648
3503,101,1,1630243836
3503,393,1,1627559567
3504,361,1,1631546889
3504,1403,1,1641868189
3504,1332,1,1641641469
3504,1480,1,1645352104
3504,267,1,1631800867
3505,361,1,1617587349
3505,1270,1,1637901375
3505,1353,1,1640598203
3505,1042,1,1623922796
3505,508,1,1647096737
3505,267,1,1623922643
3505,470,1,1624975162
3506,361,1,1625698802
3506,1338,1,1643244741
3506,1340,1,1636293731
3506,1037,1,1602064563
3506,979,1,1583712273
3506,184,1,1602063024
3506,1050,1,1627136236
3506,777,1,1641062365
3506,350,1,1588591821
3506,115,1,1643380794
3506,221,1,1625890382
3507,361,1,1625492621
3507,53,1,1631795593
3507,1311,1,1639974832
3507,215,1,1603044251
3507,5,1,1641864258
3508,361,1,1617290783
3508,808,1,1596716655
3508,190,1,1617190736
3508,49,1,1641904555
3508,777,1,1640607219
3508,1035,1,1621331223
3508,1063,1,1631500821
3509,361,1,1616892486
3509,885,1,1592139228
3509,365,1,1596259213
3509,687,1,1597631602
3509,289,1,1614497566
3510,361,1,1629509526
3510,96,1,1639120320
3510,540,1,1633863034
3510,444,1,1626417377
3510,1446,1,1644051426
3510,137,1,1600494682
3510,1163,1,1613458311
3510,638,1,1644402340
3510,393,1,1636801956
3510,1247,1,1631172631
3511,361,1,1617108392
3511,36,1,1642661967
3511,1470,1,1598685346
3511,422,1,1637674620
3511,1119,1,1603259122
3511,46,1,1642645989
3511,618,1,1642661572
3512,361,1,1616514616
3512,444,1,1634413788
3512,275,1,1645442543
3512,214,1,1632830652
3512,964,1,1635830491
3512,928,1,1641477029
3512,528,1,1641810567
3513,361,1,1617523482
3513,1037,1,1575973577
3513,879,1,1603604662
3513,545,1,1631117424
3513,215,1,1603465722
3513,947,1,1605536197
3513,687,1,1596815276
3514,361,1,1633698872
3514,1025,1,1636811084
3514,1053,1,1582994107
3514,36,1,1633361280
3514,319,1,1628391546
3514,649,1,1625213279
3514,296,1,1629911156
3515,361,1,1631013382
3515,805,1,1615465365
3515,732,1,1613430633
3515,896,1,1615623278
3515,897,1,1627990085
3516,361,1,1627132886
3516,1292,1,1618484037
3516,22,1,1642948696
3516,24,1,1644079589
3516,660,1,1638030251
3517,361,1,1637600027
3517,1403,1,1643040867
3517,964,1,1639141457
3517,349,1,1634467468
3517,779,1,1643457912
3517,646,1,1608708178
3517,291,1,1613885375
3518,361,1,1625468874
3518,842,1,1626438244
3518,471,1,1626613960
3518,612,1,1625921915
3518,1054,1,1606624278
3518,160,1,1626565207
3518,969,1,1626420994
3519,361,1,1625565177
3519,60,1,1624252304
3519,295,1,1634037051
3519,246,1,1621350286
3519,128,1,1634092925
3520,361,1,1616225437
3520,807,1,1637249466
3520,879,1,1616226866
3520,819,1,1611489381
3520,391,1,1636621844
3521,970,1,1570541369
3521,520,1,1569215147
3521,281,1,1569336489
3521,865,1,1568785153
3521,115,1,1613440565
3522,970,1,1556953770
3522,149,1,1596722071
3522,625,1,1607132157
3522,249,1,1585935720
3522,200,1,1591456714
3522,638,1,1567592529
3523,970,1,1562691432
3523,211,1,1639410801
3523,403,1,1573490971
3523,22,1,1639411276
3523,1099,1,1643301723
3523,479,1,1582975960
3524,970,1,1588486371
3524,8,1,1633692806
3524,1356,1,1592138026
3524,123,1,1637078832
3524,1029,1,1592304318
3524,732,1,1633527503
3525,970,1,1554997821
3525,720,1,1629350217
3525,743,1,1608812124
3525,890,1,1555406931
3525,1392,1,1622517198
3526,970,1,1554462433
3526,594,1,1642121240
3526,281,1,1566943245
3526,637,1,1569026709
3526,658,1,1567116978
3526,336,1,1564375016
3526,338,1,1553354798
3526,363,1,1567876005
3526,229,1,1585842282
3526,638,1,1567875427
3526,282,1,1558787458
3526,286,1,1585082669
3526,357,1,1564406990
3527,970,1,1554291999
3527,367,1,1617937328
3527,163,1,1616851875
3527,127,1,1573392191
3527,415,1,1599129262
3528,970,1,1555500307
3528,1332,1,1630197976
3528,928,1,1628235794
3528,376,1,1574227448
3528,646,1,1628950176
3529,1268,1,1643659480
3529,747,1,1598271739
3529,1099,1,1643659607
3529,658,1,1604120939
3529,24,1,1643305602
3530,1268,1,1643294787
3530,1044,1,1625744485
3530,1398,1,1643461049
3530,195,1,1630342823
3530,1093,1,1578410431
3530,1054,1,1604930602
3530,413,1,1625828398
3531,1268,1,1643121427
3531,1150,1,1613904071
3531,790,1,1639230606
3531,688,1,1635430817
3531,618,1,1639229761
3531,15,1,1638625777
3531,1367,1,1637840945
3531,528,1,1641087933
3531,1326,1,1622121702
3531,74,1,1632208881
3531,101,1,1630765842
3531,151,1,1613905738
3532,1268,1,1642789263
3532,1265,1,1641913026
3532,682,1,1597330741
3532,281,1,1612200349
3532,450,1,1587269598
3532,672,1,1607618445
3532,482,1,1621170564
3533,169,1,1644252164
3533,791,1,1627585165
3533,1310,1,1604500243
3533,184,1,1604499680
3533,289,1,1616317985
3534,169,1,1642695475
3534,535,1,1563852333
3534,1333,1,1635846817
3534,1073,1,1632744356
3534,643,1,1618853836
3534,792,1,1632931546
3534,508,1,1620989667
3534,74,1,1632799733
3535,169,1,1642503311
3535,527,1,1641988986
3535,439,1,1642736437
3535,106,1,1618635841
3535,602,1,1617110947
3536,169,1,1642328683
3536,1204,1,1642849202
3536,214,1,1632828307
3536,17,1,1640094953
3536,1300,1,1586503260
3536,151,1,1612599589
3537,169,1,1642320940
3537,48,1,1641722654
3537,463,1,1641779750
3537,38,1,1638864681
3537,233,1,1600731494
3537,184,1,1601203242
3538,169,1,1642260639
3538,38,1,1639132506
3538,257,1,1637164840
3538,1387,1,1636799051
3538,792,1,1637164498
3539,169,1,1642259617
3539,621,1,1625583420
3539,665,1,1625319979
3539,171,1,1635783942
3539,13,1,1626354702
3539,283,1,1627399628
3540,169,1,1642243770
3540,38,1,1638675632
3540,22,1,1635666402
3540,427,1,1642244177
3540,589,1,1642066136
3541,169,1,1643431577
3541,520,1,1572711070
3541,1131,1,1632531374
3541,37,1,1634956672
3541,1269,1,1636998585
3541,540,1,1634838534
3541,211,1,1644643670
3541,53,1,1632195330
3541,444,1,1635582830
3541,467,1,1642396937
3541,58,1,1634814179
3541,256,1,1643435208
3541,473,1,1644645308
3541,792,1,1634730186
3541,1199,1,1643390529
3541,1187,1,1617192776
3541,171,1,1635580079
3541,115,1,1641904093
3541,1315,1,1631685834
3542,169,1,1642312604
3542,1099,1,1637670041
3542,289,1,1614497027
3542,291,1,1612062739
3542,735,1,1593579977
3543,169,1,1642999374
3543,963,1,1640509829
3543,212,1,1643192153
3543,526,1,1627109874
3543,13,1,1632545617
3543,602,1,1627712087
3544,169,1,1644238418
3544,540,1,1644242549
3544,38,1,1645444305
3544,60,1,1644160092
3544,171,1,1644074145
3545,169,1,1643706706
3545,654,1,1621076701
3545,649,1,1622370035
3545,528,1,1640869147
3545,445,1,1632046469
3546,169,1,1643040214
3546,977,1,1637849513
3546,842,1,1634023058
3546,1310,1,1640341596
3546,295,1,1631775293
3546,521,1,1639747888
3547,169,1,1643032272
3547,968,1,1604534449
3547,362,1,1643545789
3547,4,1,1644845519
3547,114,1,1614172845
3547,777,1,1641650320
3548,169,1,1642949451
3548,1159,1,1632945034
3548,1270,1,1623244452
3548,308,1,1630370211
3548,283,1,1619178136
3549,169,1,1642925259
3549,100,1,1631017566
3549,38,1,1638613657
3549,186,1,1641306383
3549,467,1,1638504873
3550,169,1,1642526863
3550,100,1,1632803353
3550,747,1,1636990178
3550,4,1,1617629776
3550,827,1,1636990324
3550,171,1,1631642997
3550,413,1,1638548120
3551,169,1,1642442381
3551,118,1,1635081703
3551,1134,1,1604932719
3551,1269,1,1634837513
3551,879,1,1615477711
3551,77,1,1607879526
3551,1456,1,1622129436
3551,675,1,1638376751
3552,367,1,1618898023
3552,1389,1,1575433511
3552,849,1,1590571348
3552,757,1,1589642031
3552,890,1,1554451276
3552,1386,1,1635865872
3552,257,1,1635919402
3552,792,1,1635862001
3552,637,1,1568727906
3552,372,1,1590975737
3553,367,1,1566596677
3553,742,1,1627620368
3553,604,1,1625186621
3553,880,1,1598473646
3553,444,1,1626641655
3553,184,1,1603657464
3553,39,1,1626608702
3553,17,1,1640123294
3553,981,1,1636920996
3553,115,1,1614109571
3554,367,1,1630470013
3554,820,1,1625135307
3554,627,1,1625131150
3554,636,1,1623741164
3554,853,1,1623748129
3555,367,1,1629698424
3555,937,1,1643975222
3555,757,1,1643974648
3555,1481,1,1634436801
3555,487,1,1643285963
3555,1054,1,1644587169
3555,617,1,1628323099
3555,510,1,1631612373
3556,367,1,1617163973
3556,820,1,1617163657
3556,83,1,1615996350
3556,1037,1,1574908958
3556,485,1,1618992032
3556,1391,1,1599315498
3556,221,1,1624980033
3557,367,1,1595571003
3557,687,1,1597490274
3557,386,1,1629953680
3557,296,1,1628558547
3557,393,1,1613973917
3558,367,1,1612622979
3558,820,1,1615215287
3558,1064,1,1607871810
3558,1418,1,1601131966
3558,1238,1,1587898355
3558,86,1,1632665066
3558,505,1,1636220863
3558,621,1,1630418824
3558,665,1,1629817568
3559,367,1,1566488723
3559,885,1,1592148489
3559,890,1,1554351639
3559,1256,1,1621251393
3559,1052,1,1602382331
3560,367,1,1623939786
3560,126,1,1596466937
3560,629,1,1593279044
3560,1256,1,1621607196
3560,1257,1,1624203396
3561,367,1,1619633680
3561,1540,1,1622184939
3561,310,1,1598271632
3561,1269,1,1636010172
3561,862,1,1614857113
3561,969,1,1615408436
3561,509,1,1637139776
3562,367,1,1614134342
3562,1291,1,1593181194
3562,1141,1,1599213872
3562,1232,1,1588264611
3562,128,1,1567765848
3563,367,1,1566290660
3563,934,1,1594566013
3563,542,1,1632987399
3563,252,1,1631151150
3563,416,1,1635299506
3564,367,1,1599035617
3564,1311,1,1612766840
3564,256,1,1644177491
3564,200,1,1566252835
3564,1071,1,1641726162
3564,187,1,1584092909
3565,367,1,1595160630
3565,321,1,1560614825
3565,1022,1,1605087261
3565,848,1,1602249630
3565,286,1,1593585599
3566,367,1,1566015823
3566,1357,1,1630507826
3566,444,1,1634460585
3566,49,1,1574909382
3566,350,1,1615975973
3567,367,1,1619693746
3567,977,1,1637724430
3567,820,1,1616143246
3567,1159,1,1632736271
3567,1333,1,1635525536
3567,127,1,1573548356
3567,1473,1,1574771441
3567,1465,1,1633705720
3567,1071,1,1641872584
3567,509,1,1637058878
3567,735,1,1616137984
3568,367,1,1569383102
3568,608,1,1636133764
3568,636,1,1572225943
3568,792,1,1633936511
3568,156,1,1647705840
3569,367,1,1596305531
3569,664,1,1597154206
3569,1054,1,1607019878
3569,253,1,1597154613
3569,693,1,1604511263
3570,367,1,1569138303
3570,774,1,1643987137
3570,790,1,1640498897
3570,308,1,1631760712
3570,415,1,1600870197
3571,1395,1,1628351978
3571,1531,1,1643804962
3571,608,1,1635823944
3571,1073,1,1632741349
3571,1275,1,1629181509
3571,1387,1,1633321387
3571,128,1,1567772101
3572,1395,1,1628670224
3572,1150,1,1612530220
3572,1303,1,1626528234
3572,430,1,1612616243
3572,339,1,1612530987
3572,151,1,1613181274
3573,1395,1,1638086933
3573,20,1,1630280409
3573,46,1,1632807376
3573,1541,1,1633079247
3573,274,1,1635661114
3573,430,1,1630387669
3574,1395,1,1628689203
3574,1260,1,1606727866
3574,1533,1,1608544926
3574,253,1,1596363426
3574,1082,1,1598954024
3575,1395,1,1627915799
3575,742,1,1619267318
3575,1156,1,1589473787
3575,1233,1,1621175080
3575,368,1,1631192697
3575,413,1,1610888744
3575,602,1,1616928822
3576,1518,1,1640873634
3576,8,1,1633564610
3576,963,1,1640703510
3576,1171,1,1623689890
3576,1452,1,1631450854
3576,487,1,1637767435
3576,281,1,1631336508
3576,1491,1,1631872615
3576,200,1,1629947651
3576,1326,1,1631851251
3576,660,1,1638966533
3577,1518,1,1640875342
3577,1263,1,1645276241
3577,661,1,1585050685
3577,1152,1,1645274784
3577,617,1,1645274269
3578,1518,1,1640790022
3578,719,1,1631614501
3578,1269,1,1636281092
3578,1353,1,1638693150
3578,212,1,1643016415
3578,463,1,1642601401
3578,1481,1,1638752538
3578,487,1,1637374028
3579,1518,1,1639473718
3579,457,1,1632295388
3579,913,1,1625027798
3579,1324,1,1633498435
3579,455,1,1629088826
3579,27,1,1620978208
3580,1518,1,1641029965
3580,460,1,1623490508
3580,751,1,1631265250
3580,880,1,1624702051
3580,1292,1,1570282188
3580,1377,1,1604569244
3581,520,1,1600570367
3581,305,1,1596814333
3581,489,1,1606917105
3581,163,1,1609159724
3581,137,1,1610635065
3581,827,1,1606395839
3582,520,1,1599318759
3582,356,1,1601615086
3582,362,1,1613037093
3582,277,1,1597640290
3582,928,1,1628842366
3583,520,1,1566821721
3583,968,1,1595072076
3583,990,1,1587817414
3583,889,1,1577006676
3583,312,1,1595073742
3584,520,1,1569711700
3584,1396,1,1634026800
3584,598,1,1638791280
3584,853,1,1567964468
3584,981,1,1636281718
3585,520,1,1581863796
3585,968,1,1595225971
3585,972,1,1623921012
3585,508,1,1621129770
3585,363,1,1582640781
3585,312,1,1601790916
3585,350,1,1624765519
3585,357,1,1584149691
3586,520,1,1568731918
3586,535,1,1570451853
3586,1053,1,1598013867
3586,402,1,1590654436
3586,1536,1,1572153406
3586,636,1,1575541352
3587,520,1,1623043566
3587,1324,1,1640430595
3587,621,1,1637238455
3587,665,1,1637236229
3587,426,1,1637390668
3587,339,1,1630643521
3588,520,1,1606626529
3588,648,1,1528470904
3588,126,1,1572346598
3588,459,1,1633318681
3588,78,1,1628599713
3588,221,1,1579704630
3589,520,1,1603200812
3589,702,1,1589949280
3589,581,1,1586228089
3589,253,1,1623731938
3589,221,1,1588762905
3589,883,1,1584628749
3590,520,1,1588478606
3590,535,1,1588479048
3590,26,1,1633533273
3590,618,1,1638579922
3590,972,1,1633577923
3591,520,1,1570358173
3591,971,1,1587630384
3591,363,1,1562382533
3591,732,1,1588742116
3591,883,1,1561812370
3592,520,1,1570549523
3592,879,1,1608196952
3592,461,1,1628957642
3592,964,1,1637313461
3592,711,1,1610114170
3592,453,1,1596551125
3593,520,1,1566480054
3593,489,1,1586216333
3593,818,1,1585974220
3593,60,1,1625620858
3593,338,1,1586138981
3594,520,1,1574599248
3594,1522,1,1617635908
3594,1039,1,1646389797
3594,289,1,1616933081
3594,39,1,1599978450
3595,520,1,1575385068
3595,125,1,1561070515
3595,371,1,1589540471
3595,1252,1,1592225129
3595,229,1,1589540743
3596,515,1,1631192048
3596,64,1,1642607604
3596,321,1,1628254298
3596,16,1,1638694936
3596,552,1,1630738733
3596,775,1,1617987255
3597,515,1,1605405654
3597,1324,1,1633057125
3597,1321,1,1581963910
3597,625,1,1632069213
3597,661,1,1590609664
3597,1311,1,1628802917
3597,1244,1,1612292816
3597,1336,1,1604334321
3597,156,1,1633496790
3598,515,1,1596803194
3598,1218,1,1622705590
3598,902,1,1597656171
3598,290,1,1585415904
3598,509,1,1642509136
3599,515,1,1589888555
3599,581,1,1588843910
3599,1070,1,1595680143
3599,207,1,1606491522
3599,482,1,1598622960
3600,515,1,1604791128
3600,890,1,1553876343
3600,1376,1,1639469312
3600,385,1,1639838115
3600,932,1,1630712151
3600,246,1,1611744106
3601,515,1,1596983188
3601,668,1,1625497563
3601,608,1,1636813150
3601,917,1,1636941114
3601,1076,1,1632142973
3602,515,1,1589475303
3602,820,1,1620031554
3602,1280,1,1621079602
3602,1432,1,1644301504
3602,257,1,1634547139
3603,515,1,1589381932
3603,581,1,1586413882
3603,786,1,1621132017
3603,696,1,1642168062
3603,482,1,1597236421
3604,515,1,1589379889
3604,233,1,1600703007
3604,971,1,1587624029
3604,445,1,1631967830
3604,415,1,1599191612
3605,515,1,1638272677
3605,929,1,1643459616
3605,72,1,1635413944
3605,671,1,1626515149
3605,609,1,1636428259
3605,1387,1,1634478178
3606,515,1,1590079495
3606,59,1,1605874353
3606,339,1,1570066289
3606,376,1,1574223000
3606,413,1,1610882043
3607,515,1,1589597718
3607,72,1,1634731184
3607,852,1,1573371214
3607,59,1,1646159364
3607,889,1,1574504125
3607,119,1,1644858134
3607,731,1,1603562825
3608,515,1,1589427966
3608,581,1,1585923890
3608,125,1,1561260404
3608,1501,1,1618673018
3608,1252,1,1592051555
3609,515,1,1589374616
3609,1409,1,1641129627
3609,460,1,1623434454
3609,281,1,1566487524
3609,1199,1,1643110449
3609,502,1,1642303921
3609,731,1,1603544981
3610,515,1,1634304808
3610,158,1,1634745314
3610,311,1,1640039549
3610,1386,1,1633705911
3610,939,1,1633789178
3611,515,1,1628271221
3611,1526,1,1637416225
3611,643,1,1618928117
3611,336,1,1581586937
3611,357,1,1576900451
3612,515,1,1589393218
3612,150,1,1615024348
3612,503,1,1634302564
3612,373,1,1562600106
3612,482,1,1597236339
3613,515,1,1589370044
3613,233,1,1600686385
3613,349,1,1633265576
3613,638,1,1567589848
3613,128,1,1567765241
3614,515,1,1592125856
3614,216,1,1644329458
3614,125,1,1563205507
3614,1480,1,1644288927
3614,971,1,1587734410
3615,515,1,1589590161
3615,1215,1,1643810929
3615,1293,1,1628912180
3615,711,1,1611140530
3615,1164,1,1587904847
3616,515,1,1589535226
3616,149,1,1596981339
3616,123,1,1631075143
3616,1023,1,1558077794
3616,221,1,1582658673
3617,515,1,1589389107
3617,433,1,1607435781
3617,180,1,1616768783
3617,42,1,1615130131
3617,415,1,1599130032
3617,884,1,1590167013
3618,515,1,1589381630
3618,118,1,1634393295
3618,1134,1,1597664268
3618,170,1,1635760759
3618,385,1,1631073563
3618,589,1,1642069986
3619,515,1,1589374040
3619,233,1,1601028400
3619,1123,1,1593082145
3619,338,1,1552227113
3619,17,1,1640414600
3619,777,1,1640407656
3619,372,1,1590919999
3619,115,1,1613123732
3619,291,1,1612062905
3620,515,1,1629345983
3620,820,1,1615721906
3620,311,1,1619068779
3620,119,1,1643639343
3620,1180,1,1556853691
3621,515,1,1604060790
3621,987,1,1642074566
3621,163,1,1609079804
3621,137,1,1600952858
3621,521,1,1639653527
3621,132,1,1640685771
3621,133,1,1636222909
3621,1163,1,1613417524
3621,1281,1,1617813806
3622,1044,1,1626427915
3622,1090,1,1633015930
3622,849,1,1641650023
3622,1195,1,1642309227
3622,841,1,1606232907
3623,1044,1,1626244259
3623,476,1,1627207176
3623,1333,1,1636471533
3623,609,1,1636950931
3623,282,1,1558788938
3623,589,1,1642047673
3624,1044,1,1625409184
3624,919,1,1606964932
3624,1403,1,1641728106
3624,275,1,1581412513
3624,951,1,1598726415
3625,1044,1,1640675204
3625,1005,1,1639727487
3625,471,1,1639402843
3625,704,1,1640045286
3625,306,1,1640693409
3626,1044,1,1628007680
3626,114,1,1622458406
3626,1232,1,1628314821
3626,430,1,1595808839
3626,192,1,1595819881
3627,1044,1,1626338306
3627,1322,1,1643814499
3627,1333,1,1635574663
3627,445,1,1631798678
3627,602,1,1615611127
3628,1044,1,1625726623
3628,1064,1,1572140639
3628,37,1,1634614320
3628,1324,1,1634733845
3628,38,1,1638714325
3628,126,1,1574382481
3628,744,1,1558260312
3628,277,1,1556413096
3628,852,1,1570152755
3628,281,1,1566727443
3628,249,1,1572073332
3628,637,1,1568721529
3628,278,1,1573432101
3628,662,1,1588150340
3628,841,1,1565431994
3628,336,1,1564228915
3628,338,1,1552289198
3628,932,1,1630455933
3628,865,1,1567668525
3628,638,1,1567835222
3628,282,1,1558930455
3628,376,1,1574292582
3628,155,1,1563970570
3628,645,1,1568350752
3628,286,1,1574897958
3628,373,1,1567774636
3628,221,1,1579611758
3629,1044,1,1625357914
3629,1171,1,1622981548
3629,1332,1,1630114465
3629,559,1,1645025850
3629,1178,1,1644073196
3629,528,1,1642205799
3630,1044,1,1628050755
3630,1293,1,1629262612
3630,763,1,1626861315
3630,335,1,1633541077
3630,617,1,1627015420
3630,110,1,1627644816
3630,1079,1,1630144346
3631,1044,1,1626501325
3631,977,1,1638168891
3631,925,1,1613313667
3631,820,1,1643561184
3631,1399,1,1643393150
3631,211,1,1638283580
3631,487,1,1637384204
3631,1041,1,1608639738
3632,1044,1,1626486903
3632,1037,1,1619160641
3632,613,1,1620614560
3632,184,1,1601137061
3632,252,1,1631202847
3632,1003,1,1590159926
3632,192,1,1602852073
3633,1044,1,1626246968
3633,21,1,1640767904
3633,38,1,1638635906
3633,508,1,1621054277
3633,1424,1,1626791469
3634,1044,1,1626169009
3634,210,1,1636613822
3634,233,1,1633666524
3634,275,1,1616660171
3634,969,1,1616563319
3634,289,1,1642388365
3635,1044,1,1625747014
3635,216,1,1644293792
3635,184,1,1601139263
3635,251,1,1599611467
3635,1252,1,1614866909
3635,1367,1,1623583494
3636,1044,1,1625490328
3636,311,1,1619274632
3636,243,1,1636386442
3636,1386,1,1633522733
3636,1115,1,1643103714
3637,305,1,1575153787
3637,730,1,1623328035
3637,311,1,1618784633
3637,754,1,1644275432
3637,156,1,1631912310
3638,305,1,1575301346
3638,599,1,1632962875
3638,476,1,1627186332
3638,418,1,1629266125
3638,151,1,1612703923
3639,305,1,1602851483
3639,83,1,1618070481
3639,720,1,1629078027
3639,1444,1,1640937092
3639,1216,1,1614848833
3639,934,1,1632886046
3639,275,1,1590224402
3639,509,1,1637033117
3639,739,1,1646114940
3639,602,1,1615779489
3640,305,1,1584609889
3640,838,1,1602904820
3640,1373,1,1583665824
3640,889,1,1584592163
3640,731,1,1603716420
3640,42,1,1615129830
3641,305,1,1604496416
3641,929,1,1643469455
3641,1249,1,1616904211
3641,471,1,1623250417
3641,416,1,1635245165
3641,1211,1,1643208633
3642,305,1,1575992715
3642,1053,1,1579626180
3642,275,1,1581326360
3642,777,1,1640258466
3642,31,1,1643001914
3642,291,1,1614525006
3643,305,1,1583905497
3643,937,1,1640928536
3643,885,1,1601806718
3643,403,1,1624978288
3643,889,1,1587183163
3643,731,1,1603526871
3643,675,1,1642641386
3643,1065,1,1613973551
3644,305,1,1577180656
3644,1412,1,1543943494
3644,742,1,1619098670
3644,654,1,1567619556
3644,253,1,1605274097
3644,488,1,1609623902
3644,415,1,1599140625
3644,115,1,1613255571
3644,482,1,1597254716
3644,306,1,1614178207
3644,884,1,1591101114
3645,305,1,1639306250
3645,1025,1,1641639309
3645,84,1,1642251966
3645,275,1,1635082732
3645,306,1,1633067994
3646,305,1,1613913698
3646,766,1,1613617113
3646,233,1,1613636853
3646,889,1,1613565329
3646,704,1,1618573211
3646,897,1,1628087005
3647,1114,1,1628612952
3647,1379,1,1635570913
3647,1357,1,1617453683
3647,830,1,1633249037
3647,467,1,1638518101
3647,502,1,1642316293
3647,510,1,1630330685
3648,1114,1,1619711452
3648,385,1,1631703066
3648,256,1,1643724420
3648,336,1,1564230495
3648,1211,1,1642115062
3649,1114,1,1620464343
3649,789,1,1631009671
3649,422,1,1643272823
3649,1392,1,1622893063
3649,675,1,1642930607
3650,1114,1,1619408264
3650,1409,1,1641005584
3650,1169,1,1639911714
3650,60,1,1620995631
3650,1099,1,1638963836
3650,1233,1,1619449154
3651,1114,1,1620736680
3651,321,1,1579272026
3651,285,1,1589636220
3651,249,1,1576043248
3651,1413,1,1619616879
3652,1114,1,1620494232
3652,843,1,1587218529
3652,22,1,1635776545
3652,58,1,1634390876
3652,883,1,1591163327
3653,1114,1,1620022335
3653,365,1,1596128752
3653,461,1,1628998890
3653,621,1,1615970286
3653,585,1,1585840156
3654,1114,1,1619873202
3654,149,1,1596725998
3654,1231,1,1611597634
3654,349,1,1634449256
3654,969,1,1582218189
3654,947,1,1605541106
3654,574,1,1642126880
3654,253,1,1592028869
3654,372,1,1590936533
3654,638,1,1567603995
3654,575,1,1642164277
3655,1114,1,1619665630
3655,540,1,1632544863
3655,86,1,1614836904
3655,242,1,1595255574
3655,459,1,1632588266
3655,30,1,1629094407
3655,775,1,1617173190
3656,1114,1,1622559712
3656,1248,1,1599107321
3656,1327,1,1590409056
3656,1249,1,1623255709
3656,1119,1,1618845254
3656,1311,1,1638086282
3656,1473,1,1640785839
3657,1114,1,1620395998
3657,1171,1,1623771863
3657,1038,1,1597149277
3657,858,1,1600010410
3657,1246,1,1610023064
3658,1114,1,1619422681
3658,190,1,1618061777
3658,612,1,1616685048
3658,609,1,1638619101
3658,1377,1,1604306266
3658,696,1,1642241052
3659,1114,1,1619394871
3659,1037,1,1621687350
3659,1227,1,1554444340
3659,356,1,1621786754
3659,196,1,1621734029
3659,277,1,1621686614
3659,200,1,1567698059
3659,786,1,1620551021
3659,192,1,1595920305
3660,1114,1,1619474630
3660,196,1,1619829917
3660,150,1,1615080375
3660,413,1,1611217362
3660,602,1,1615492238
3661,1114,1,1619563429
3661,422,1,1637577978
3661,84,1,1638230095
3661,505,1,1629282474
3661,226,1,1621089138
3661,473,1,1629729530
3661,349,1,1633172686
3661,23,1,1640899598
3661,24,1,1641726001
3661,73,1,1642615710
3661,589,1,1644591127
3662,929,1,1643380584
3662,1119,1,1604401986
3662,1390,1,1627557380
3662,416,1,1633768974
3662,16,1,1638624075
3663,929,1,1643373753
3663,3,1,1643559128
3663,170,1,1636029442
3663,1356,1,1591966602
3663,53,1,1631546255
3663,1054,1,1604955803
3663,467,1,1638536694
3663,996,1,1590411354
3663,214,1,1634056849
3663,1076,1,1643093946
3663,31,1,1643110785
3663,589,1,1643827074
3664,929,1,1643366456
3664,757,1,1644217044
3664,654,1,1567441929
3664,636,1,1570884782
3664,267,1,1625051769
3664,1211,1,1642071007
3665,929,1,1644202803
3665,1453,1,1637147888
3665,822,1,1641739357
3665,1244,1,1640091143
3665,502,1,1642337468
3665,696,1,1642222332
3666,929,1,1643721445
3666,467,1,1638961324
3666,256,1,1643007742
3666,5,1,1641967964
3666,1211,1,1644236994
3667,929,1,1643551966
3667,1357,1,1627203700
3667,418,1,1629300938
3667,467,1,1642514773
3667,502,1,1642337789
3667,31,1,1643205755
3668,929,1,1643522591
3668,977,1,1638013833
3668,1204,1,1642906995
3668,37,1,1634830769
3668,60,1,1622475969
3668,1199,1,1643529887
3668,833,1,1619964799
3668,416,1,1634774561
3668,13,1,1622477825
3669,929,1,1643504315
3669,1159,1,1634348906
3669,1333,1,1638509711
3669,439,1,1640510400
3669,427,1,1646715322
3670,929,1,1643449342
3670,598,1,1638965511
3670,1353,1,1638679191
3670,467,1,1638662047
3670,31,1,1643119979
3670,602,1,1616851665
3671,929,1,1643443353
3671,751,1,1629643520
3671,1459,1,1628399311
3671,1199,1,1643095354
3671,775,1,1617973176
3672,929,1,1643442596
3672,1389,1,1569313872
3672,1037,1,1601170927
3672,184,1,1601170388
3672,792,1,1632879664
3672,427,1,1646543814
3672,981,1,1636443584
3672,660,1,1639279430
3673,929,1,1643424958
3673,1131,1,1633507881
3673,1536,1,1558020430
3673,46,1,1609597124
3673,125,1,1581586006
3673,792,1,1632845978
3673,1199,1,1643306265
3673,602,1,1616272320
3674,937,1,1633756364
3674,170,1,1635762708
3674,38,1,1639905792
3674,1471,1,1630991666
3674,1326,1,1622443241
3675,937,1,1640811359
3675,795,1,1640480244
3675,1364,1,1634982454
3675,195,1,1638473544
3675,1415,1,1624234371
3675,1037,1,1576541833
3675,757,1,1636504044
3675,1353,1,1638827944
3675,1042,1,1638453226
3675,654,1,1596744198
3675,1515,1,1610467295
3675,1346,1,1613393689
3675,506,1,1641077241
3675,928,1,1631667742
3675,649,1,1635195489
3675,5,1,1642928950
3675,1035,1,1631896188
3675,735,1,1587230262
3676,937,1,1629353913
3676,1503,1,1565435585
3676,841,1,1597299352
3676,427,1,1643966102
3676,552,1,1646587602
3677,937,1,1633357797
3677,1338,1,1619020696
3677,1249,1,1619011897
3677,1318,1,1616577421
3677,664,1,1595574095
3677,1522,1,1615627395
3677,1252,1,1615627645
3677,306,1,1614246524
3678,937,1,1629783421
3678,249,1,1581033044
3678,644,1,1611131930
3678,552,1,1612609305
3678,372,1,1590921270
3679,937,1,1636142457
3679,598,1,1639535529
3679,1394,1,1636098830
3679,919,1,1605681382
3679,36,1,1634976148
3679,1324,1,1633077637
3679,211,1,1637595030
3679,505,1,1636547262
3679,430,1,1605682150
3679,350,1,1636045269
3680,937,1,1634371939
3680,1263,1,1637218515
3680,15,1,1637253791
3680,329,1,1631030023
3680,1076,1,1631178426
3680,433,1,1609069597
3681,937,1,1633397197
3681,753,1,1643723982
3681,272,1,1641822302
3681,863,1,1589098455
3681,523,1,1615469147
3681,1244,1,1612158647
3681,253,1,1593090841
3682,937,1,1643971754
3682,418,1,1629198898
3682,186,1,1642429109
3682,1199,1,1643114231
3682,427,1,1641814114
3682,1211,1,1642091121
3682,31,1,1645071764
3683,937,1,1643375332
3683,72,1,1643182835
3683,730,1,1629544232
3683,719,1,1629545142
3683,604,1,1627212357
3683,289,1,1629715622
3683,30,1,1628916155
3684,937,1,1643041604
3684,455,1,1609214795
3684,932,1,1628943502
3684,78,1,1642332905
3684,510,1,1636720814
3685,937,1,1642493652
3685,909,1,1630569880
3685,1415,1,1617440258
3685,879,1,1602977912
3685,1238,1,1585200127
3685,1070,1,1597044467
3685,397,1,1629510651
3686,937,1,1630393299
3686,581,1,1586745956
3686,311,1,1619243498
3686,1357,1,1623381681
3686,951,1,1598661319
3687,977,1,1640965167
3687,1389,1,1566364038
3687,295,1,1632656996
3687,932,1,1629524458
3687,883,1,1561873323
3688,977,1,1638151456
3688,599,1,1631951378
3688,249,1,1570030745
3688,658,1,1565962278
3688,338,1,1553473054
3689,977,1,1638108474
3689,540,1,1632542176
3689,473,1,1631535997
3689,1385,1,1644104867
3689,339,1,1624196918
3689,932,1,1628847529
3689,509,1,1635763420
3690,977,1,1637328163
3690,1379,1,1636183302
3690,1466,1,1605702898
3690,256,1,1644798249
3690,338,1,1599183902
3690,296,1,1628687523
3691,977,1,1640682945
3691,444,1,1637917155
3691,126,1,1617881940
3691,275,1,1615800421
3691,295,1,1640683464
3691,150,1,1617967821
3692,977,1,1642606585
3692,1134,1,1623051281
3692,1512,1,1598870830
3692,457,1,1623050800
3692,126,1,1605450459
3692,665,1,1630998955
3693,977,1,1638366711
3693,163,1,1609167893
3693,127,1,1573637964
3693,649,1,1640524720
3693,683,1,1645848779
3693,200,1,1607018353
3693,151,1,1635963360
3694,977,1,1637772004
3694,163,1,1609083994
3694,60,1,1620926540
3694,171,1,1631558999
3694,200,1,1567153026
3694,932,1,1629050277
3694,333,1,1644052435
3695,977,1,1637675133
3695,1542,1,1642508088
3695,879,1,1601216507
3695,604,1,1626347470
3695,114,1,1614333473
3696,977,1,1637564751
3696,391,1,1637376586
3696,15,1,1631425501
3696,419,1,1646827139
3696,115,1,1628600999
3697,1090,1,1633599178
3697,599,1,1633142560
3697,195,1,1636990750
3697,951,1,1598363701
3697,902,1,1597911543
3697,397,1,1629570426
3698,1090,1,1634108436
3698,1340,1,1634127160
3698,477,1,1643942481
3698,540,1,1643027886
3698,612,1,1633762671
3699,1090,1,1635140242
3699,719,1,1618198173
3699,770,1,1640095578
3699,1278,1,1645595956
3699,939,1,1622430642
3700,1090,1,1634202058
3700,913,1,1625207967
3700,9,1,1616921806
3700,699,1,1634448067
3700,249,1,1611306847
3700,848,1,1614856942
3701,1090,1,1633780689
3701,1392,1,1624513736
3701,951,1,1598351741
3701,521,1,1639567659
3701,683,1,1644662394
3701,27,1,1619181640
3702,1090,1,1633066563
3702,1263,1,1627190369
3702,1392,1,1624368100
3702,1339,1,1637739258
3702,526,1,1632831974
3703,1090,1,1633060427
3703,1263,1,1595395515
3703,526,1,1603104921
3703,1152,1,1616928979
3703,617,1,1595912126
3704,1090,1,1633077684
3704,875,1,1619947323
3704,1324,1,1635055547
3704,453,1,1607273302
3704,1035,1,1630358318
3705,1090,1,1635580248
3705,621,1,1636308803
3705,665,1,1636305253
3705,312,1,1635875928
3705,775,1,1636317631
3706,1090,1,1635088196
3706,730,1,1614763771
3706,23,1,1642860955
3706,896,1,1615647939
3706,704,1,1605002415
3707,1090,1,1634818036
3707,1340,1,1639629693
3707,196,1,1621095335
3707,559,1,1644858071
3707,1326,1,1622134064
3708,1090,1,1634382919
3708,608,1,1635823018
3708,126,1,1603704433
3708,1346,1,1610678731
3708,1039,1,1619018260
3709,1090,1,1633877170
3709,820,1,1628763430
3709,790,1,1633528998
3709,1339,1,1622118964
3709,617,1,1622122314
3710,904,1,1632436177
3710,233,1,1615029773
3710,277,1,1602429734
3710,618,1,1634962647
3710,274,1,1628169200
3710,1050,1,1626769546
3710,368,1,1631742512
3711,904,1,1632529009
3711,790,1,1634534131
3711,37,1,1636224624
3711,523,1,1635357437
3711,143,1,1634129092
3712,1532,1,1590711960
3712,625,1,1595094842
3712,233,1,1600691212
3712,137,1,1632568855
3712,192,1,1596731165
3712,775,1,1633850391
3713,1532,1,1579179952
3713,796,1,1644248458
3713,418,1,1635140427
3713,186,1,1641395442
3713,502,1,1642320612
3713,1043,1,1634884057
3713,1211,1,1642262328
3713,31,1,1643371493
3713,653,1,1641203900
3713,291,1,1612106608
3714,1532,1,1575992756
3714,460,1,1623689831
3714,77,1,1607543458
3714,4,1,1608118924
3714,289,1,1616845964
3714,833,1,1619948537
3714,865,1,1597428230
3715,1532,1,1589987648
3715,1199,1,1645013094
3715,110,1,1629196979
3715,509,1,1635751532
3715,1211,1,1642089887
3716,210,1,1638350005
3716,612,1,1645524558
3716,618,1,1637213199
3716,649,1,1645694282
3716,74,1,1638090932
3717,210,1,1631283546
3717,789,1,1631279570
3717,26,1,1631282374
3717,688,1,1631279931
3717,763,1,1631282648
3718,210,1,1629799018
3718,751,1,1629798082
3718,26,1,1629798290
3718,22,1,1641786664
3718,763,1,1629798534
3718,296,1,1627447291
3718,510,1,1633448495
3719,210,1,1629104783
3719,212,1,1642818356
3719,763,1,1629104340
3719,508,1,1647060083
3719,267,1,1623937974
3720,210,1,1626517308
3720,688,1,1628832236
3720,74,1,1631425995
3720,761,1,1630057980
3720,510,1,1630316675
3720,765,1,1643085715
3720,653,1,1640246309
3721,210,1,1643339653
3721,843,1,1643080903
3721,212,1,1643123028
3721,688,1,1643124042
3721,349,1,1643286780
3722,210,1,1643115361
3722,751,1,1643542267
3722,789,1,1642163217
3722,26,1,1642162202
3722,688,1,1642592965
3722,74,1,1643455005
3722,761,1,1642759788
3723,210,1,1642520743
3723,789,1,1642517562
3723,790,1,1642356687
3723,1462,1,1645295183
3723,688,1,1642517999
3724,210,1,1629726961
3724,751,1,1629906674
3724,26,1,1629726578
3724,688,1,1629726459
3724,763,1,1629728094
3725,210,1,1633480957
3725,36,1,1633477870
3725,790,1,1633565680
3725,319,1,1633482381
3725,763,1,1633484070
3725,510,1,1633480494
3726,210,1,1628844348
3726,751,1,1629545247
3726,1097,1,1633592345
3726,22,1,1635562613
3726,58,1,1635509379
3727,210,1,1631445461
3727,751,1,1629560870
3727,618,1,1635090727
3727,761,1,1630058960
3727,859,1,1591276655
3728,210,1,1630315442
3728,751,1,1630289803
3728,36,1,1633489894
3728,790,1,1635144583
3728,26,1,1630314276
3728,763,1,1630314491
3728,618,1,1635146231
3728,761,1,1630288928
3729,899,1,1627627615
3729,730,1,1629798089
3729,719,1,1627971017
3729,898,1,1627134266
3729,908,1,1636805858
3729,897,1,1628042997
3730,899,1,1619845842
3730,805,1,1615718265
3730,719,1,1622346927
3730,896,1,1617746150
3730,704,1,1618264589
3730,908,1,1636785248
3731,899,1,1619530631
3731,819,1,1613966602
3731,618,1,1639707930
3731,1040,1,1615200683
3731,704,1,1615257100
3732,899,1,1632962731
3732,719,1,1633056802
3732,898,1,1632960105
3732,789,1,1637128408
3732,1152,1,1636373800
3732,1257,1,1633318871
3732,74,1,1637119889
3732,896,1,1633060693
3733,899,1,1625643610
3733,730,1,1614945042
3733,719,1,1625581924
3733,896,1,1625580787
3733,704,1,1614944261
3734,183,1,1644219961
3734,311,1,1618989847
3734,875,1,1621266704
3734,885,1,1592219255
3734,1418,1,1615372070
3734,384,1,1636203157
3734,1022,1,1616791669
3734,947,1,1605463178
3734,1039,1,1618757271
3734,78,1,1638553715
3735,183,1,1643994487
3735,477,1,1643900189
3735,1159,1,1641185926
3735,1480,1,1642342133
3735,859,1,1589912546
3736,183,1,1643891882
3736,1159,1,1633060671
3736,226,1,1618754352
3736,59,1,1605864852
3736,1246,1,1606221662
3737,183,1,1643641584
3737,819,1,1613241732
3737,163,1,1609090640
3737,621,1,1615922978
3737,137,1,1600776983
3738,183,1,1643515094
3738,36,1,1633231002
3738,790,1,1633521387
3738,763,1,1636346185
3738,618,1,1635136763
3739,183,1,1643450303
3739,1053,1,1588906291
3739,1263,1,1622728765
3739,617,1,1622729095
3739,427,1,1647242808
3740,183,1,1644129628
3740,384,1,1636170981
3740,1195,1,1643697814
3740,688,1,1630139865
3740,123,1,1628684287
3740,22,1,1645003347
3740,111,1,1613359247
3740,296,1,1628754063
3740,267,1,1629422925
3740,5,1,1646470146
3741,183,1,1644060489
3741,1394,1,1635553167
3741,251,1,1599604502
3741,502,1,1642308274
3741,31,1,1642997908
3742,1389,1,1567391526
3742,1353,1,1639067820
3742,444,1,1639241970
3742,459,1,1632320721
3742,58,1,1637387478
3742,792,1,1634562424
3742,989,1,1623929087
3743,1389,1,1568823624
3743,310,1,1598715215
3743,702,1,1586611476
3743,356,1,1557451553
3743,990,1,1596455926
3743,87,1,1640748241
3743,134,1,1621606134
3744,1389,1,1568812194
3744,163,1,1609052390
3744,137,1,1611546292
3744,1163,1,1613239498
3744,775,1,1616871019
3744,1088,1,1578395562
3745,724,1,1628148853
3745,1383,1,1631425297
3745,990,1,1613809437
3745,916,1,1616221859
3745,455,1,1613976299
3745,372,1,1623940372
3745,78,1,1613978088
3746,724,1,1611496908
3746,795,1,1610197050
3746,968,1,1612259821
3746,889,1,1617877885
3746,508,1,1622036201
3747,724,1,1625939004
3747,813,1,1626157229
3747,86,1,1625979932
3747,643,1,1618827095
3747,123,1,1625989422
3747,1050,1,1634346860
3747,889,1,1616911309
3747,1041,1,1634479913
3747,229,1,1621610999
3747,134,1,1621674766
3747,306,1,1642733180
3748,724,1,1610201516
3748,838,1,1602324536
3748,402,1,1612927131
3748,638,1,1596971821
3748,282,1,1596971009
3749,925,1,1613225518
3749,636,1,1626757581
3749,15,1,1631947067
3749,296,1,1627301607
3749,143,1,1634115868
3750,925,1,1613316989
3750,461,1,1630346365
3750,242,1,1595246113
3750,1486,1,1626311479
3750,973,1,1627937958
3751,925,1,1613226157
3751,1269,1,1636461681
3751,916,1,1616252480
3751,1040,1,1615206485
3751,711,1,1609680665
3751,1041,1,1608638920
3751,106,1,1607953409
3752,925,1,1616919590
3752,702,1,1636370912
3752,618,1,1638373169
3752,430,1,1564762206
3752,672,1,1606558282
3752,732,1,1602316458
3752,111,1,1605869685
3753,1215,1,1642107237
3753,64,1,1642642235
3753,621,1,1615841309
3753,101,1,1629456055
3753,180,1,1616804867
3753,207,1,1605745128
3753,482,1,1597267880
3754,1396,1,1636171196
3754,1138,1,1644298834
3754,621,1,1625220028
3754,1152,1,1617014459
3754,542,1,1632987988
3754,1252,1,1597593349
3755,1396,1,1634035201
3755,1480,1,1642315350
3755,1152,1,1616931331
3755,502,1,1642304430
3755,1050,1,1626778176
3755,453,1,1635580344
3755,1211,1,1642068366
3756,1396,1,1634130954
3756,1392,1,1622523053
3756,725,1,1599564745
3756,731,1,1603532125
3756,1082,1,1599561369
3756,413,1,1610973640
3757,1396,1,1634140722
3757,1021,1,1643887382
3757,1159,1,1633278332
3757,1152,1,1628209236
3757,617,1,1628208612
3758,1396,1,1634138334
3758,422,1,1637941322
3758,1142,1,1577160452
3758,1390,1,1619101712
3758,528,1,1640862840
3758,585,1,1587023456
3758,1315,1,1631596888
3759,535,1,1612529354
3759,123,1,1626595624
3759,290,1,1585406451
3759,115,1,1613630426
3759,128,1,1611931128
3760,535,1,1623124863
3760,160,1,1616363117
3760,649,1,1617468762
3760,932,1,1630639377
3760,16,1,1639006655
3760,30,1,1628726172
3761,535,1,1567677932
3761,46,1,1609472543
3761,249,1,1573209877
3761,732,1,1563115626
3761,865,1,1567597744
3762,791,1,1628813715
3762,751,1,1630597641
3762,951,1,1598439001
3762,1164,1,1610547989
3762,646,1,1629475027
3763,791,1,1628424972
3763,195,1,1635871479
3763,742,1,1619100766
3763,757,1,1640436152
3763,46,1,1630231495
3763,1311,1,1638546619
3763,275,1,1627210833
3763,889,1,1599392325
3763,339,1,1615035148
3763,731,1,1603596567
3764,791,1,1628141774
3764,920,1,1610380030
3764,467,1,1638704249
3764,761,1,1630335565
3764,1211,1,1643519480
3765,791,1,1628093916
3765,1418,1,1573872711
3765,1455,1,1641478205
3765,110,1,1629375601
3765,503,1,1634375724
3765,646,1,1645882906
3766,791,1,1627382006
3766,1249,1,1618408032
3766,879,1,1602076094
3766,1353,1,1640859898
3766,196,1,1621082174
3767,791,1,1627280224
3767,562,1,1594015803
3767,73,1,1643437467
3767,111,1,1612800384
3767,115,1,1613294520
3768,791,1,1627190914
3768,186,1,1641268608
3768,467,1,1638543973
3768,971,1,1587651145
3768,609,1,1636845060
3768,429,1,1549250559
3768,502,1,1642304404
3768,5,1,1643982482
3768,981,1,1635948625
3768,1043,1,1625458155
3769,791,1,1626608050
3769,968,1,1593925333
3769,1392,1,1622440371
3769,699,1,1634459789
3769,242,1,1595327587
3769,747,1,1576211474
3769,376,1,1574257843
3770,791,1,1626525114
3770,1530,1,1602587785
3770,612,1,1618322037
3770,256,1,1644050768
3770,1071,1,1641730229
3771,1543,1,1643427149
3771,995,1,1639288865
3771,890,1,1554960066
3771,862,1,1589476782
3771,561,1,1615990622
3771,1125,1,1600059477
3772,1461,1,1643199179
3772,1333,1,1637246303
3772,242,1,1595313313
3772,289,1,1614596334
3772,735,1,1587328445
3773,1461,1,1642688124
3773,1544,1,1643141045
3773,422,1,1639993389
3773,190,1,1615913108
3773,196,1,1640530375
3773,267,1,1624173053
3773,1035,1,1621443594
3773,735,1,1617440841
3774,1461,1,1643204217
3774,1398,1,1643453111
3774,774,1,1643884484
3774,391,1,1641227363
3774,1247,1,1631109713
3775,1461,1,1642688917
3775,1324,1,1637768306
3775,792,1,1633624743
3775,1199,1,1645716075
3775,115,1,1639670667
3776,1526,1,1639109864
3776,581,1,1589883742
3776,1054,1,1604934208
3776,1376,1,1640702996
3776,1244,1,1610803501
3776,221,1,1603205967
3777,1526,1,1637124607
3777,668,1,1614585593
3777,1357,1,1640784906
3777,285,1,1628327569
3777,87,1,1640116696
3777,16,1,1638967516
3778,1526,1,1635511408
3778,1259,1,1643246309
3778,608,1,1636128361
3778,792,1,1634203423
3778,453,1,1598013037
3779,1021,1,1641117106
3779,1134,1,1594172913
3779,744,1,1567721613
3779,852,1,1596709369
3779,841,1,1595221549
3780,1021,1,1634192327
3780,1392,1,1645610172
3780,385,1,1642839058
3780,349,1,1637117933
3780,1367,1,1634460437
3780,119,1,1643371216
3781,1021,1,1627288652
3781,1383,1,1624011935
3781,766,1,1627290737
3781,879,1,1633145175
3781,1063,1,1629814911
3782,1021,1,1625131004
3782,1025,1,1639144218
3782,789,1,1630385733
3782,802,1,1625843947
3782,372,1,1627614211
3783,1021,1,1622815059
3783,83,1,1613462833
3783,430,1,1616246239
3783,644,1,1612664896
3783,1358,1,1644490375
3784,1021,1,1627036156
3784,1379,1,1635405056
3784,968,1,1613559762
3784,688,1,1641816434
3784,1041,1,1613271687
3784,1257,1,1566522533
3785,1021,1,1621318248
3785,1022,1,1604673572
3785,916,1,1617158751
3785,15,1,1629639500
3785,1039,1,1617337807
3785,16,1,1638638811
3785,155,1,1625245205
3786,1021,1,1629906881
3786,476,1,1630235250
3786,621,1,1628611865
3786,664,1,1629905214
3786,542,1,1633104730
3786,306,1,1629731514
3787,1021,1,1626333495
3787,820,1,1639908645
3787,618,1,1636540010
3787,852,1,1634207333
3787,274,1,1634638106
3787,150,1,1628829241
3787,291,1,1639909057
3788,1021,1,1624860813
3788,599,1,1632168959
3788,1150,1,1570264025
3788,879,1,1630152636
3788,612,1,1630058950
3788,1392,1,1622471996
3788,275,1,1627885541
3788,1040,1,1622977102
3788,251,1,1635246982
3788,1491,1,1625740668
3788,1473,1,1571823810
3788,278,1,1573860494
3788,59,1,1632144995
3788,110,1,1627884006
3788,508,1,1621839882
3788,833,1,1619966255
3788,106,1,1612216039
3788,731,1,1636287984
3788,282,1,1635939554
3788,645,1,1620734576
3788,286,1,1635678842
3788,373,1,1625561626
3788,989,1,1625390284
3789,1398,1,1642769094
3789,1218,1,1603530119
3789,1054,1,1645728403
3789,853,1,1642262218
3789,386,1,1629993031
3789,286,1,1597834508
3790,1398,1,1642175995
3790,720,1,1628855837
3790,742,1,1621053409
3790,1119,1,1611882764
3790,1109,1,1594518499
3790,1152,1,1621411934
3790,252,1,1631534475
3790,1367,1,1623144423
3791,1398,1,1643672862
3791,995,1,1639352210
3791,1263,1,1622532971
3791,928,1,1629733357
3791,1326,1,1630021526
3791,376,1,1629651544
3792,1398,1,1642738800
3792,1270,1,1636005315
3792,505,1,1635432824
3792,699,1,1635431924
3792,1050,1,1626843681
3793,1398,1,1643344895
3793,186,1,1642250415
3793,1199,1,1644048232
3793,502,1,1642445934
3793,439,1,1643375739
3793,427,1,1643372546
3793,1211,1,1642180017
3794,1398,1,1643205209
3794,195,1,1643556449
3794,1134,1,1618926728
3794,170,1,1637328044
3794,64,1,1642584044
3794,1357,1,1619335858
3794,163,1,1614520606
3794,1119,1,1609918527
3794,362,1,1617888628
3794,137,1,1615645145
3794,214,1,1632828206
3794,335,1,1631261202
3794,916,1,1616843481
3794,1232,1,1635336365
3794,78,1,1624979098
3794,775,1,1644073047
3795,1398,1,1643031857
3795,444,1,1638489726
3795,4,1,1638549814
3795,853,1,1642876366
3795,78,1,1637005882
3796,1398,1,1642933358
3796,1171,1,1622726112
3796,964,1,1636607014
3796,928,1,1628164424
3796,1326,1,1622160964
3797,1398,1,1642932673
3797,214,1,1633492669
3797,1252,1,1588391785
3797,445,1,1632149842
3797,1246,1,1592226759
3798,1398,1,1642861255
3798,796,1,1642865585
3798,963,1,1638892850
3798,467,1,1638807070
3798,200,1,1583655069
3798,267,1,1623083964
3798,246,1,1623428280
3798,696,1,1644508951
3799,1398,1,1642614751
3799,757,1,1643285979
3799,1353,1,1640516124
3799,920,1,1610710177
3799,1023,1,1550154285
3800,1398,1,1644142442
3800,1093,1,1577627416
3800,196,1,1621005346
3800,1039,1,1617369964
3800,106,1,1607955118
3800,653,1,1638864713
3801,1398,1,1643784045
3801,1134,1,1583604166
3801,422,1,1637607433
3801,879,1,1603536028
3801,1353,1,1639206377
3801,1035,1,1629801871
3801,128,1,1583600322
3802,1398,1,1643463227
3802,1471,1,1646270973
3802,296,1,1628154396
3802,777,1,1640682569
3802,143,1,1635988932
3802,115,1,1618646482
3803,1398,1,1643344001
3803,594,1,1615042758
3803,238,1,1603860272
3803,692,1,1609603473
3803,430,1,1565949395
3804,1398,1,1643174134
3804,1270,1,1643356645
3804,163,1,1609224414
3804,84,1,1643287833
3804,665,1,1626254733
3804,277,1,1592349257
3804,1477,1,1643172790
3804,659,1,1601224706
3805,1398,1,1643002522
3805,1333,1,1637036961
3805,1332,1,1629857274
3805,827,1,1576630220
3805,939,1,1624468357
3805,101,1,1629896060
3805,563,1,1562134989
3805,115,1,1639965879
3805,884,1,1590723321
3806,820,1,1620747667
3806,842,1,1625158100
3806,753,1,1643854559
3806,15,1,1631600904
3806,1052,1,1623401001
3807,820,1,1615960232
3807,799,1,1644351164
3807,1270,1,1637985168
3807,1325,1,1636954649
3807,964,1,1635571458
3807,274,1,1627974830
3807,1326,1,1623588866
3807,732,1,1579780808
3807,696,1,1642159355
3807,589,1,1642362151
3808,820,1,1617938927
3808,1054,1,1637038986
3808,329,1,1629629926
3808,833,1,1619943356
3808,1043,1,1631879918
3809,820,1,1617272095
3809,457,1,1623557850
3809,594,1,1617409084
3809,455,1,1611288771
3809,267,1,1623214555
3810,820,1,1616329373
3810,256,1,1644250571
3810,171,1,1631498959
3810,338,1,1639795557
3810,865,1,1567624663
3811,820,1,1616257277
3811,1171,1,1624289072
3811,1117,1,1617641625
3811,1503,1,1574555470
3811,242,1,1610203436
3811,621,1,1615893067
3811,429,1,1586086701
3811,23,1,1641390588
3811,333,1,1644062616
3812,820,1,1615701365
3812,993,1,1643733595
3812,1340,1,1638526657
3812,842,1,1625210693
3812,488,1,1609257403
3813,820,1,1625936137
3813,1338,1,1621368371
3813,843,1,1634813944
3813,46,1,1637068668
3813,1054,1,1639428064
3814,820,1,1629293641
3814,3,1,1643811755
3814,36,1,1638251032
3814,1099,1,1637674324
3814,23,1,1641482373
3815,820,1,1619699699
3815,382,1,1642422587
3815,430,1,1596549650
3815,508,1,1647005996
3815,735,1,1587305702
3816,820,1,1616844924
3816,46,1,1609507304
3816,594,1,1615202509
3816,665,1,1613527358
3816,233,1,1600762486
3816,114,1,1612881548
3816,731,1,1603984501
3817,820,1,1615800672
3817,730,1,1618232444
3817,137,1,1613661461
3817,928,1,1641738110
3817,947,1,1609066572
3818,820,1,1628690379
3818,1147,1,1639441249
3818,238,1,1602499457
3818,1367,1,1621312261
3818,1247,1,1632624978
3819,820,1,1618810881
3819,385,1,1631815814
3819,295,1,1632869008
3819,792,1,1634361932
3819,453,1,1619197719
3820,820,1,1616074236
3820,1495,1,1567105917
3820,459,1,1633671888
3820,418,1,1629907867
3820,171,1,1632654465
3821,820,1,1616217397
3821,1545,1,1644405444
3821,1255,1,1632149198
3821,629,1,1594708952
3821,385,1,1632542259
3821,289,1,1616892509
3821,1326,1,1631455739
3822,820,1,1615516012
3822,963,1,1638610727
3822,1324,1,1634285417
3822,1471,1,1513792626
3822,792,1,1633853917
3822,15,1,1637492529
3823,820,1,1615098177
3823,233,1,1602342503
3823,902,1,1599294885
3823,1071,1,1641791376
3823,1082,1,1600615250
3823,306,1,1614271268
3824,820,1,1640616711
3824,842,1,1642647821
3824,311,1,1618900007
3824,196,1,1634236897
3824,973,1,1612779939
3825,820,1,1616212926
3825,1540,1,1621657263
3825,1392,1,1622435509
3825,1385,1,1644392242
3825,289,1,1618154737
3826,820,1,1624033817
3826,1042,1,1623562967
3826,1161,1,1642817021
3826,589,1,1643372430
3826,1358,1,1642053467
3827,820,1,1616415147
3827,64,1,1642599364
3827,1070,1,1595174789
3827,699,1,1634402066
3827,770,1,1640005740
3828,820,1,1616394165
3828,1545,1,1644569013
3828,1377,1,1604154070
3828,585,1,1587224509
3828,187,1,1584282873
3829,820,1,1615558278
3829,1131,1,1633820540
3829,1042,1,1629838173
3829,214,1,1633746069
3829,1043,1,1624822162
3829,283,1,1619180825
3830,1000,1,1624156090
3830,457,1,1624543844
3830,751,1,1629451103
3830,272,1,1642040822
3830,1102,1,1626859206
3830,775,1,1620549450
3831,1000,1,1597308621
3831,1495,1,1557750562
3831,643,1,1618915572
3831,527,1,1639930915
3831,127,1,1575371807
3831,111,1,1605779600
3831,372,1,1597194373
3831,286,1,1598540213
3832,1000,1,1613836615
3832,1383,1,1619106528
3832,226,1,1618848667
3832,339,1,1629807255
3832,645,1,1614961983
3833,1000,1,1595958968
3833,852,1,1596080605
3833,662,1,1596033230
3833,841,1,1596091293
3833,645,1,1596083454
3834,1000,1,1644053639
3834,1256,1,1644414067
3834,644,1,1644052889
3834,73,1,1644468984
3834,286,1,1644058980
3834,765,1,1645329090
3835,1000,1,1613470312
3835,1466,1,1635151143
3835,1042,1,1636952721
3835,289,1,1633861121
3835,1247,1,1631107748
3836,1000,1,1624853237
3836,1098,1,1624854231
3836,852,1,1624798034
3836,841,1,1625120110
3836,645,1,1624851340
3837,1000,1,1612981122
3837,402,1,1608738326
3837,1119,1,1640088275
3837,672,1,1608138710
3837,134,1,1623738616
3837,848,1,1608373838
3838,1000,1,1604144594
3838,763,1,1641687449
3838,618,1,1641686530
3838,74,1,1641684942
3838,308,1,1642583419
3839,1000,1,1628433400
3839,751,1,1629985330
3839,757,1,1638486853
3839,22,1,1638524203
3839,319,1,1628689814
3839,74,1,1632322369
3839,761,1,1630412979
3839,510,1,1630413722
3840,1000,1,1611141239
3840,64,1,1642582276
3840,594,1,1615026572
3840,1385,1,1645146213
3840,73,1,1642498639
3840,552,1,1612606022
3841,8,1,1633481848
3841,1512,1,1609450727
3841,1535,1,1615487329
3841,1357,1,1617333736
3841,126,1,1603903465
3841,602,1,1617808351
3842,8,1,1628618421
3842,599,1,1631879704
3842,215,1,1603122890
3842,928,1,1628259114
3842,1199,1,1644062305
3843,8,1,1628479850
3843,599,1,1632575715
3843,1353,1,1638567496
3843,243,1,1636196602
3843,1386,1,1634904586
3844,8,1,1627307433
3844,1535,1,1558943432
3844,985,1,1551015740
3844,890,1,1553873229
3844,1119,1,1604824559
3844,84,1,1638874191
3844,126,1,1572372082
3844,1187,1,1616991591
3844,653,1,1638628039
3845,8,1,1627178615
3845,9,1,1612100145
3845,4,1,1643096884
3845,896,1,1622652291
3845,660,1,1638279037
3846,8,1,1627448707
3846,1356,1,1591958511
3846,137,1,1600498630
3846,249,1,1570021558
3846,134,1,1621596972
3847,8,1,1627188712
3847,1535,1,1614110132
3847,1489,1,1635365166
3847,226,1,1619760149
3847,277,1,1605771701
3847,171,1,1633868731
3847,246,1,1611746674
3848,1453,1,1637438624
3848,838,1,1618958922
3848,1324,1,1634559708
3848,1270,1,1638243331
3848,638,1,1567865894
3848,453,1,1623309649
3849,1453,1,1637170028
3849,527,1,1638034896
3849,200,1,1637430010
3849,1071,1,1641740454
3849,509,1,1635792978
3850,1453,1,1637400627
3850,913,1,1625204388
3850,137,1,1613377711
3850,4,1,1640582263
3850,39,1,1600010517
3850,17,1,1641484594
3850,254,1,1642004092
3850,735,1,1588608006
3851,1453,1,1637080266
3851,1037,1,1580326058
3851,459,1,1632271389
3851,418,1,1630046677
3851,74,1,1631543291
3852,1453,1,1637852950
3852,457,1,1624552822
3852,1387,1,1633615339
3852,802,1,1640451925
3852,696,1,1642787153
3853,1453,1,1637815168
3853,476,1,1637932227
3853,757,1,1639579144
3853,384,1,1637423251
3853,349,1,1634566150
3853,15,1,1631972702
3853,589,1,1642054733
3854,1453,1,1637480952
3854,633,1,1615202741
3854,1479,1,1583600961
3854,1325,1,1633938524
3854,277,1,1556534012
3854,852,1,1623824958
3854,1099,1,1637824485
3854,110,1,1627390569
3854,308,1,1630108757
3854,865,1,1567597632
3854,221,1,1589372609
3855,1453,1,1637376106
3855,149,1,1610512099
3855,233,1,1600694096
3855,385,1,1631179211
3855,283,1,1619186317
3855,739,1,1622654468
3856,1453,1,1637333946
3856,1332,1,1630777001
3856,1199,1,1643304020
3856,502,1,1643212834
3856,427,1,1645706815
3856,1211,1,1643214230
3856,31,1,1643304245
3857,1453,1,1637301140
3857,1340,1,1636276890
3857,1278,1,1633106120
3857,761,1,1630367791
3857,510,1,1630367980
3858,1516,1,1642840640
3858,1232,1,1589791059
3858,416,1,1635468980
3858,732,1,1607673313
3858,16,1,1638618341
3859,805,1,1615517388
3859,15,1,1629640296
3859,644,1,1611134826
3859,339,1,1610612156
3859,896,1,1615623517
3860,805,1,1620574946
3860,730,1,1620641270
3860,719,1,1620641804
3860,898,1,1644305114
3860,896,1,1621935113
3860,1063,1,1631364802
3860,908,1,1642221883
3861,805,1,1617883455
3861,730,1,1617792954
3861,719,1,1618312305
3861,766,1,1615019983
3861,571,1,1600085303
3861,896,1,1618311944
3862,805,1,1624004175
3862,766,1,1625279601
3862,898,1,1627134168
3862,790,1,1641551915
3862,319,1,1640258126
3863,805,1,1641636730
3863,719,1,1629026872
3863,898,1,1627266443
3863,1324,1,1635678576
3863,242,1,1596781440
3863,897,1,1627991725
3864,805,1,1643011441
3864,730,1,1643004729
3864,719,1,1643014260
3864,766,1,1643014568
3864,898,1,1643010921
3865,805,1,1634955501
3865,1263,1,1628745643
3865,1339,1,1628149401
3865,1232,1,1627877538
3865,150,1,1625728238
3865,510,1,1630433374
3866,805,1,1629455743
3866,719,1,1629979332
3866,898,1,1629455271
3866,902,1,1629979664
3866,896,1,1630577258
3867,805,1,1617869928
3867,1119,1,1635170778
3867,277,1,1600015243
3867,902,1,1598499527
3867,1125,1,1600797647
3867,653,1,1638875050
3868,805,1,1615473266
3868,1357,1,1619946975
3868,49,1,1625904570
3868,1232,1,1587576724
3868,1023,1,1505623744
3869,805,1,1640864679
3869,730,1,1640682329
3869,233,1,1606095713
3869,644,1,1632877149
3869,602,1,1622258797
3870,805,1,1625664813
3870,719,1,1623838237
3870,898,1,1627122600
3870,975,1,1632375961
3870,1018,1,1627317427
3870,896,1,1625664585
3870,897,1,1627991104
3871,680,1,1560600435
3871,125,1,1561039686
3871,281,1,1566475555
3871,312,1,1589972058
3871,883,1,1561822968
3872,680,1,1598689222
3872,1325,1,1636793817
3872,920,1,1610539700
3872,725,1,1591351371
3872,1300,1,1628016099
3872,976,1,1643887873
3873,680,1,1581861040
3873,1409,1,1640884112
3873,149,1,1596733164
3873,289,1,1616081254
3873,865,1,1575238997
3873,415,1,1599204711
3874,680,1,1560920598
3874,46,1,1609473449
3874,77,1,1608914979
3874,488,1,1609217482
3874,306,1,1612874787
3875,1529,1,1642159533
3875,1338,1,1618050499
3875,1357,1,1619015257
3875,1022,1,1637662956
3875,319,1,1636541030
3875,763,1,1629037336
3875,386,1,1629986468
3875,430,1,1598194870
3875,372,1,1608122056
3875,510,1,1631630865
3875,291,1,1627360827
3876,1530,1,1606040918
3876,885,1,1592851349
3876,199,1,1488704736
3876,1481,1,1632238636
3876,1018,1,1634228747
3876,1382,1,1619186215
3876,902,1,1599300968
3876,1039,1,1617391082
3876,1257,1,1600106765
3876,1082,1,1600106740
3877,1530,1,1602691858
3877,1338,1,1619835014
3877,1270,1,1635854087
3877,444,1,1635621223
3877,683,1,1645267732
3878,1530,1,1603617166
3878,562,1,1606684163
3878,1117,1,1606758372
3878,1263,1,1635467137
3878,672,1,1607244434
3879,1530,1,1602611958
3879,913,1,1624315324
3879,963,1,1641085083
3879,461,1,1628991863
3879,1382,1,1622975915
3879,171,1,1633220542
3879,775,1,1617545316
3880,598,1,1639909488
3880,599,1,1639912374
3880,384,1,1639911132
3880,612,1,1612405227
3880,385,1,1631078991
3880,392,1,1631276602
3880,1417,1,1646205573
3881,598,1,1639804103
3881,599,1,1639818708
3881,195,1,1638416388
3881,384,1,1639818990
3881,628,1,1640691383
3881,928,1,1636954333
3881,386,1,1639984764
3882,598,1,1638867641
3882,118,1,1634431099
3882,384,1,1636029940
3882,385,1,1631079623
3882,392,1,1615723428
3882,386,1,1630031023
3883,598,1,1638671569
3883,118,1,1634428066
3883,384,1,1637402453
3883,671,1,1625900686
3883,119,1,1643379775
3884,598,1,1638534262
3884,384,1,1636071548
3884,391,1,1645420606
3884,419,1,1646025271
3884,119,1,1643422968
3885,598,1,1638533243
3885,118,1,1634388242
3885,385,1,1631075818
3885,392,1,1628687040
3885,386,1,1629953848
3886,598,1,1638526292
3886,118,1,1634399492
3886,1325,1,1636649477
3886,4,1,1644412036
3886,392,1,1631621539
3887,598,1,1638898643
3887,1379,1,1637348026
3887,1333,1,1635747894
3887,1311,1,1639864817
3887,1465,1,1633373537
3887,439,1,1640827027
3887,735,1,1587314787
3888,598,1,1638603728
3888,581,1,1630074346
3888,1218,1,1600527321
3888,1386,1,1634064007
3888,1054,1,1617498927
3888,277,1,1598683705
3888,101,1,1629382515
3888,735,1,1587221590
3889,598,1,1643187933
3889,599,1,1643190762
3889,118,1,1643189728
3889,391,1,1643188706
3889,386,1,1643191455
3890,598,1,1639276583
3890,118,1,1634449602
3890,898,1,1627263588
3890,392,1,1627565951
3890,386,1,1630155329
3891,598,1,1638955597
3891,170,1,1635950515
3891,1195,1,1642684312
3891,696,1,1642171277
3891,1211,1,1642169596
3892,598,1,1638683979
3892,487,1,1637388911
3892,196,1,1620394083
3892,385,1,1631277659
3892,732,1,1598271160
3892,981,1,1636992506
3893,598,1,1642070969
3893,118,1,1642073024
3893,757,1,1641287813
3893,384,1,1642072299
3893,1546,1,1637585664
3893,391,1,1642071762
3894,598,1,1638636405
3894,599,1,1632927182
3894,386,1,1630071235
3894,267,1,1624098534
3894,739,1,1625068489
3895,598,1,1638543500
3895,842,1,1624419771
3895,118,1,1637324987
3895,384,1,1636298322
3895,46,1,1609483295
3895,648,1,1528471657
3895,1263,1,1624419359
3895,1480,1,1642315162
3895,1339,1,1625836493
3895,385,1,1631260703
3895,391,1,1637324698
3895,127,1,1577948499
3895,386,1,1629984551
3895,119,1,1643369321
3895,101,1,1629802967
3896,598,1,1643128037
3896,1264,1,1630234436
3896,951,1,1614837259
3896,385,1,1643130797
3896,308,1,1630330373
3896,735,1,1587215418
3897,598,1,1639288284
3897,604,1,1639924376
3897,391,1,1638109309
3897,392,1,1639288580
3897,386,1,1639923484
3898,598,1,1638804037
3898,609,1,1636470711
3898,308,1,1630159402
3898,638,1,1567594572
3898,5,1,1643208547
3899,598,1,1640690341
3899,418,1,1629180970
3899,467,1,1638509161
3899,1199,1,1643182571
3899,101,1,1629387601
3900,598,1,1640494119
3900,578,1,1566401089
3900,64,1,1644222789
3900,672,1,1608551526
3900,229,1,1587121275
3901,598,1,1639133889
3901,751,1,1630409608
3901,789,1,1630667058
3901,86,1,1615092307
3901,628,1,1637577377
3901,594,1,1637038392
3901,688,1,1630324275
3901,747,1,1636867609
3901,827,1,1636867904
3901,74,1,1632756151
3901,27,1,1633264008
3902,598,1,1638690621
3902,599,1,1633964372
3902,418,1,1635162004
3902,186,1,1641467330
3902,385,1,1633964582
3902,391,1,1637114647
3903,598,1,1642331216
3903,1248,1,1598870658
3903,1535,1,1614267285
3903,885,1,1597486243
3903,196,1,1620057221
3903,126,1,1575023124
3903,385,1,1642160118
3903,928,1,1628161613
3903,559,1,1645268394
3903,1390,1,1633771137
3903,802,1,1642161095
3903,386,1,1645448026
3904,598,1,1640074627
3904,599,1,1640073026
3904,384,1,1636223123
3904,385,1,1640078359
3904,391,1,1640075428
3905,598,1,1638781527
3905,654,1,1567332712
3905,692,1,1609588962
3905,672,1,1607940348
3905,488,1,1609356504
3905,646,1,1609909144
3906,598,1,1638593196
3906,118,1,1634397202
3906,604,1,1624974997
3906,386,1,1629976154
3906,602,1,1634543668
3907,598,1,1638532211
3907,1470,1,1598019935
3907,125,1,1579776382
3907,1070,1,1595852389
3907,127,1,1581327589
3907,1278,1,1634319553
3907,386,1,1631281515
3907,731,1,1605161481
3907,1082,1,1600044869
3907,306,1,1612988929
3908,598,1,1639801015
3908,842,1,1639113338
3908,627,1,1628739972
3908,879,1,1630756664
3908,503,1,1634648710
3908,896,1,1639662242
3908,415,1,1630990250
3909,598,1,1638710771
3909,118,1,1635977916
3909,751,1,1629809887
3909,384,1,1636033467
3909,688,1,1630930629
3910,598,1,1638701186
3910,476,1,1633085643
3910,1269,1,1635163074
3910,384,1,1636024356
3910,487,1,1637416861
3910,22,1,1639806255
3910,109,1,1636450322
3910,473,1,1629681440
3910,969,1,1608972223
3910,1278,1,1638350778
3910,110,1,1627529704
3910,74,1,1631423127
3910,5,1,1641636391
3910,30,1,1626427013
3910,510,1,1630324630
3911,1322,1,1644216652
3911,604,1,1636078922
3911,277,1,1608019255
3911,274,1,1629961431
3911,368,1,1630298523
3912,1322,1,1644200834
3912,1479,1,1583630706
3912,371,1,1597399865
3912,928,1,1643015619
3912,249,1,1613754352
3913,1322,1,1644030636
3913,1171,1,1622640819
3913,37,1,1634826658
3913,1256,1,1626009870
3913,453,1,1622799397
3914,1322,1,1643937175
3914,384,1,1636104674
3914,649,1,1602759438
3914,833,1,1627147880
3914,585,1,1586226241
3914,143,1,1634166820
3914,735,1,1590035835
3915,1322,1,1643854379
3915,1357,1,1617590629
3915,243,1,1636379561
3915,60,1,1620908576
3915,252,1,1631237350
3916,1322,1,1643853802
3916,618,1,1634966888
3916,1278,1,1632741478
3916,119,1,1643378147
3916,372,1,1590921846
3916,735,1,1587220741
3917,1322,1,1643817422
3917,1081,1,1620728734
3917,636,1,1618501270
3917,111,1,1617723321
3917,775,1,1617101071
3918,1322,1,1643811981
3918,629,1,1590591638
3918,281,1,1566475789
3918,1246,1,1572103405
3918,221,1,1579600445
3919,1322,1,1643809165
3919,1238,1,1624169747
3919,665,1,1627141875
3919,251,1,1640845872
3919,969,1,1626357048
3919,333,1,1644211574
3920,1338,1,1627628789
3920,838,1,1625851861
3920,1541,1,1632756617
3920,275,1,1611553676
3920,110,1,1628848479
3920,1460,1,1628499444
3920,373,1,1600688091
3920,735,1,1618315986
3921,1338,1,1639446815
3921,1119,1,1630726222
3921,444,1,1634539841
3921,190,1,1634885388
3921,920,1,1634628279
3921,49,1,1621488579
3921,1257,1,1634777183
3922,1338,1,1635411358
3922,1131,1,1633846218
3922,502,1,1645943691
3922,1211,1,1642303569
3922,31,1,1643990462
3923,1338,1,1639798085
3923,790,1,1639754952
3923,22,1,1641392632
3923,1346,1,1627310431
3923,1339,1,1638674232
3923,1256,1,1627016230
3923,101,1,1629415991
3924,1338,1,1634726682
3924,36,1,1636204596
3924,49,1,1586770990
3924,761,1,1630593896
3924,510,1,1630592937
3925,1338,1,1619439263
3925,1495,1,1594298144
3925,4,1,1641736585
3925,629,1,1618136943
3925,488,1,1609171391
3925,308,1,1631198218
3925,453,1,1624123125
3925,884,1,1590338969
3926,1338,1,1629089857
3926,402,1,1625306854
3926,295,1,1632793791
3926,15,1,1634808000
3926,1326,1,1622115810
3927,1338,1,1618106483
3927,1150,1,1567407289
3927,1218,1,1601547403
3927,751,1,1629657380
3927,699,1,1634389512
3927,22,1,1634620613
3927,1326,1,1622192244
3927,1164,1,1587986670
3927,17,1,1640520596
3927,267,1,1624259180
3927,143,1,1634180721
3927,557,1,1623682347
3928,1204,1,1643039381
3928,37,1,1635067305
3928,422,1,1637728338
3928,60,1,1621587670
3928,312,1,1590038941
3928,30,1,1626709894
3929,1204,1,1642934787
3929,460,1,1623431083
3929,561,1,1614703415
3929,38,1,1638703154
3929,214,1,1633865324
3929,110,1,1628613605
3929,777,1,1641835280
3929,192,1,1595070622
3929,291,1,1613579382
3929,989,1,1623853060
3930,1204,1,1642925386
3930,37,1,1634574302
3930,190,1,1615959041
3930,60,1,1620911926
3930,39,1,1600070170
3930,187,1,1587552519
3931,1204,1,1642915617
3931,879,1,1601354547
3931,362,1,1633611239
3931,289,1,1621852440
3931,39,1,1614095958
3931,101,1,1630992994
3931,735,1,1587215361
3932,1204,1,1642846808
3932,527,1,1638009501
3932,312,1,1589973115
3932,896,1,1615630333
3932,246,1,1600489782
3933,1379,1,1635565031
3933,1249,1,1617893889
3933,1333,1,1635924956
3933,1515,1,1643884364
3933,1199,1,1644552486
3934,1379,1,1636397670
3934,118,1,1641210033
3934,384,1,1641150493
3934,873,1,1641366788
3934,1332,1,1629977988
3935,1379,1,1635922590
3935,1099,1,1637672954
3935,1199,1,1643197450
3935,502,1,1642332009
3935,1211,1,1642140061
3936,1379,1,1635618076
3936,1547,1,1635931694
3936,422,1,1637590349
3936,928,1,1630136572
3936,111,1,1605778505
3936,376,1,1577210691
3936,246,1,1606142743
3937,1548,1,1639749527
3937,1535,1,1588495866
3937,311,1,1625742741
3937,1459,1,1635400384
3937,163,1,1626944151
3937,561,1,1615601264
3937,343,1,1632997281
3937,151,1,1608379482
3938,1548,1,1539592087
3938,1508,1,1534754654
3938,285,1,1589475630
3938,761,1,1631621400
3938,1180,1,1534514208
3939,1454,1,1619586712
3939,1459,1,1628929519
3939,196,1,1621662871
3939,1376,1,1625124192
3939,200,1,1623138451
3939,1247,1,1632238839
3940,1454,1,1600285833
3940,963,1,1638901632
3940,160,1,1590634187
3940,660,1,1638350944
3940,696,1,1642166812
3940,283,1,1620375971
3941,993,1,1643786604
3941,243,1,1636299637
3941,39,1,1599976275
3941,932,1,1629009279
3941,13,1,1607086027
3942,993,1,1644224614
3942,909,1,1637379531
3942,488,1,1609177889
3942,777,1,1640385840
3942,308,1,1630083150
3943,1340,1,1636618761
3943,1025,1,1632566523
3943,818,1,1634467643
3943,644,1,1634461866
3943,339,1,1632566666
3944,1340,1,1635092594
3944,38,1,1638962156
3944,196,1,1619798938
3944,965,1,1639564482
3944,508,1,1647008953
3944,254,1,1642061856
3945,1340,1,1638877303
3945,720,1,1630583020
3945,46,1,1630160657
3945,275,1,1629545231
3945,319,1,1630331480
3945,1232,1,1629086502
3945,339,1,1613179616
3946,1340,1,1636266462
3946,1386,1,1633601014
3946,792,1,1632999034
3946,947,1,1607792343
3946,1232,1,1613650298
3947,1340,1,1637369253
3947,719,1,1626001413
3947,1263,1,1637228648
3947,49,1,1625751199
3947,617,1,1637228669
3947,1257,1,1608979123
3948,1340,1,1639250654
3948,477,1,1643874595
3948,1339,1,1640617477
3948,617,1,1642697819
3948,1377,1,1603579083
3949,1340,1,1638966425
3949,1470,1,1598629841
3949,1536,1,1622990964
3949,1386,1,1635428405
3949,295,1,1633153710
3949,1010,1,1620535701
3950,849,1,1611279545
3950,633,1,1633001263
3950,562,1,1630035301
3950,321,1,1632753350
3950,643,1,1629551709
3950,372,1,1611240863
3951,849,1,1635068047
3951,612,1,1620141861
3951,1141,1,1599367075
3951,1199,1,1644369687
3951,848,1,1594201075
3952,849,1,1586752062
3952,702,1,1586429760
3952,402,1,1586496766
3952,990,1,1587637874
3952,111,1,1605953778
3953,849,1,1622507433
3953,633,1,1630816282
3953,36,1,1633236937
3953,818,1,1634480134
3953,321,1,1631962799
3953,319,1,1630846791
3953,852,1,1622507321
3953,234,1,1634481664
3954,849,1,1622298647
3954,324,1,1613392726
3954,643,1,1618843276
3954,49,1,1612878407
3954,349,1,1633158683
3954,649,1,1613893517
3954,552,1,1612869489
3954,989,1,1624001227
3955,849,1,1586243193
3955,719,1,1618200597
3955,365,1,1599384210
3955,830,1,1634091569
3955,664,1,1594269559
3955,665,1,1623410962
3955,233,1,1601116683
3955,137,1,1610104768
3955,1054,1,1605260612
3955,275,1,1599383975
3955,971,1,1587639671
3955,127,1,1586271206
3955,114,1,1622431992
3955,249,1,1599383852
3955,430,1,1598060337
3955,1222,1,1641049228
3955,1166,1,1637572648
3955,363,1,1562409455
3955,659,1,1601565120
3955,848,1,1586591245
3955,453,1,1601115336
3956,599,1,1633710320
3956,118,1,1634397310
3956,1444,1,1640182332
3956,1141,1,1606138600
3956,368,1,1630348534
3957,599,1,1633571578
3957,627,1,1629292142
3957,36,1,1633419874
3957,790,1,1633661255
3957,885,1,1629253818
3957,46,1,1632216592
3957,238,1,1632216996
3958,599,1,1633395223
3958,668,1,1620836075
3958,382,1,1614141652
3958,1473,1,1607869522
3958,15,1,1630927499
3959,599,1,1632297242
3959,1022,1,1604576387
3959,184,1,1601208151
3959,106,1,1608037778
3959,735,1,1588633671
3960,599,1,1632211441
3960,36,1,1633151665
3960,540,1,1635048531
3960,211,1,1636198863
3960,362,1,1629888747
3960,296,1,1629712819
3961,599,1,1632036540
3961,730,1,1618658360
3961,885,1,1597627774
3961,699,1,1635647066
3961,725,1,1635646609
3962,599,1,1631979991
3962,118,1,1634436960
3962,747,1,1630208328
3962,445,1,1632209757
3962,101,1,1630231571
3963,599,1,1631971152
3963,559,1,1645458857
3963,81,1,1642171705
3963,74,1,1631419635
3963,143,1,1635473954
3964,599,1,1631662195
3964,1412,1,1543940660
3964,101,1,1643342876
3964,286,1,1574850438
3964,653,1,1639033654
3965,599,1,1641577881
3965,460,1,1623507630
3965,3,1,1643777833
3965,385,1,1641479431
3965,391,1,1644886463
3965,267,1,1625113129
3966,599,1,1632657699
3966,1549,1,1640392586
3966,158,1,1634132715
3966,186,1,1641815852
3966,371,1,1586646662
3966,1125,1,1599313554
3967,599,1,1632493456
3967,1534,1,1644132455
3967,37,1,1635815428
3967,257,1,1635863336
3967,416,1,1635382194
3967,932,1,1628869414
3967,17,1,1640130192
3968,599,1,1633440101
3968,48,1,1642942308
3968,419,1,1646717617
3968,386,1,1646979929
3968,119,1,1645371281
3969,599,1,1632804150
3969,919,1,1607051024
3969,216,1,1644671167
3969,100,1,1644512812
3969,853,1,1617965123
3970,599,1,1632397140
3970,995,1,1639995987
3970,211,1,1636335319
3970,505,1,1629122453
3970,385,1,1632396244
3970,1099,1,1637680879
3970,1326,1,1622176766
3971,599,1,1632463858
3971,1150,1,1560585298
3971,1013,1,1615453259
3971,385,1,1631973213
3971,363,1,1584357176
3972,599,1,1632087703
3972,118,1,1634746040
3972,1013,1,1644577084
3972,384,1,1636312783
3972,905,1,1626258496
3972,618,1,1636701705
3972,386,1,1631081927
3972,119,1,1644557022
3973,599,1,1632001760
3973,1249,1,1616571722
3973,403,1,1604140047
3973,1537,1,1629738235
3973,415,1,1603585916
3973,413,1,1627474419
3974,599,1,1631956068
3974,384,1,1637060561
3974,391,1,1637060925
3974,127,1,1644087770
3974,1232,1,1589571134
3974,308,1,1630307227
3974,803,1,1630870952
3975,599,1,1632155289
3975,459,1,1634311177
3975,186,1,1642253626
3975,609,1,1637500799
3975,1211,1,1642346378
3976,599,1,1640567572
3976,627,1,1625509932
3976,1324,1,1635632642
3976,879,1,1625509193
3976,391,1,1640567078
3977,599,1,1640397306
3977,627,1,1635168558
3977,1009,1,1634788586
3977,20,1,1633245390
3977,868,1,1632371986
3978,599,1,1633839390
3978,170,1,1637124251
3978,540,1,1634008765
3978,699,1,1634493740
3978,243,1,1636385838
3978,196,1,1621528143
3978,214,1,1633094420
3978,609,1,1637600678
3978,1041,1,1608834118
3979,599,1,1633510658
3979,1156,1,1589454596
3979,1244,1,1610967741
3979,659,1,1601130665
3979,134,1,1621597220
3980,599,1,1633191160
3980,3,1,1644155702
3980,1412,1,1563962441
3980,1415,1,1628245030
3980,1235,1,1637510268
3981,599,1,1633117946
3981,118,1,1634428211
3981,46,1,1632943704
3981,233,1,1633631954
3981,386,1,1630007049
3982,599,1,1632925410
3982,527,1,1639891737
3982,1003,1,1592062060
3982,16,1,1641491734
3982,155,1,1627987427
3983,599,1,1632833825
3983,281,1,1586730398
3983,792,1,1632835303
3983,488,1,1610727724
3983,155,1,1563886122
3984,599,1,1632492581
3984,609,1,1636358258
3984,1199,1,1643363224
3984,17,1,1640101380
3984,31,1,1643133752
3985,599,1,1632153949
3985,471,1,1630245657
3985,123,1,1626463171
3985,649,1,1626458925
3985,296,1,1628623373
3986,599,1,1632060540
3986,118,1,1635558213
3986,1264,1,1630335383
3986,430,1,1564737339
3986,339,1,1569922516
3987,987,1,1642088122
3987,163,1,1609078032
3987,467,1,1638785615
3987,78,1,1634902919
3987,30,1,1630082829
3988,987,1,1642087354
3988,149,1,1596738978
3988,163,1,1611247463
3988,349,1,1633332602
3988,251,1,1599754657
3989,987,1,1642075594
3989,1157,1,1642591385
3989,272,1,1641815668
3989,873,1,1641386827
3989,16,1,1638713701
3989,413,1,1610884098
3990,795,1,1611759133
3990,1443,1,1633176382
3990,664,1,1626570896
3990,233,1,1611753774
3990,274,1,1638353323
3990,306,1,1613275811
3991,795,1,1615978844
3991,813,1,1577424990
3991,186,1,1641727566
3991,289,1,1633669231
3991,1211,1,1644401746
3992,795,1,1612151831
3992,819,1,1612058353
3992,86,1,1614852267
3992,643,1,1619596256
3992,87,1,1625809380
3992,1052,1,1611731182
3992,848,1,1611733560
3992,286,1,1611734198
3993,795,1,1608979328
3993,559,1,1644991034
3993,81,1,1642434683
3993,106,1,1608027857
3993,357,1,1564396252
3994,795,1,1617545535
3994,476,1,1640847729
3994,282,1,1568980205
3994,453,1,1636288920
3994,1023,1,1499151816
3995,795,1,1609298761
3995,1534,1,1643985715
3995,1093,1,1577511450
3995,137,1,1600487360
3995,571,1,1613387069
3996,795,1,1623889148
3996,457,1,1625976606
3996,444,1,1626658643
3996,1392,1,1624494973
3996,1062,1,1626057695
3996,1346,1,1626607100
3996,1050,1,1627355237
3996,1252,1,1629084140
3996,13,1,1625476159
3997,795,1,1612671344
3997,540,1,1632735846
3997,163,1,1613400864
3997,628,1,1615360322
3997,527,1,1638026309
3997,1199,1,1643115781
3997,453,1,1607075774
3998,795,1,1591613438
3998,879,1,1601279744
3998,48,1,1641985252
3998,306,1,1613240039
3998,884,1,1590484160
3999,795,1,1623518161
3999,1249,1,1617106414
3999,190,1,1619368648
3999,4,1,1645752278
3999,274,1,1628346059
3999,101,1,1629657792
4000,795,1,1607517508
4000,64,1,1642624463
4000,1489,1,1631549565
4000,46,1,1609494063
4000,238,1,1601628295
4000,445,1,1638209529
4001,795,1,1606237132
4001,822,1,1639363248
4001,1232,1,1624534821
4001,154,1,1600280980
4001,503,1,1635653101
4001,372,1,1591472885
4002,1364,1,1635056183
4002,843,1,1634139189
4002,46,1,1634282800
4002,643,1,1618971227
4002,286,1,1635058277
4003,1364,1,1643694833
4003,648,1,1528471014
4003,822,1,1639458855
4003,585,1,1585797042
4003,415,1,1599134466
4003,373,1,1567832030
4003,5,1,1643110206
4004,1289,1,1643955471
4004,1119,1,1600603054
4004,21,1,1640852656
4004,1232,1,1629904688
4004,1039,1,1617624411
4004,42,1,1615127669
4004,415,1,1599143985
4004,453,1,1596462498
4004,739,1,1622472591
4005,1289,1,1644043498
4005,1356,1,1591953542
4005,422,1,1637597529
4005,186,1,1641291875
4005,1099,1,1637672796
4006,838,1,1603577745
4006,1053,1,1606567021
4006,1292,1,1605376739
4006,928,1,1629134195
4006,732,1,1632944419
4006,101,1,1629851447
4006,1063,1,1635435809
4007,838,1,1635484805
4007,633,1,1606456584
4007,100,1,1632265008
4007,879,1,1601253411
4007,699,1,1636322101
4007,1382,1,1590174781
4007,1275,1,1628331886
4007,725,1,1594653339
4008,838,1,1602945682
4008,879,1,1602913615
4008,1022,1,1627277271
4008,763,1,1626946558
4008,761,1,1630166841
4009,838,1,1602390572
4009,1131,1,1632186873
4009,428,1,1566910959
4009,140,1,1591598789
4009,629,1,1604915017
4009,312,1,1596350081
4009,368,1,1630717259
4009,638,1,1569972994
4010,838,1,1610345173
4010,460,1,1625425685
4010,170,1,1635760635
4010,53,1,1631942780
4010,190,1,1617845502
4010,362,1,1643180245
4010,115,1,1613238480
4011,838,1,1602608786
4011,766,1,1600258249
4011,140,1,1589536827
4011,155,1,1603092857
4011,704,1,1607690820
4012,838,1,1631339355
4012,476,1,1626998895
4012,654,1,1618117241
4012,1382,1,1626687596
4012,171,1,1634462112
4013,838,1,1625808662
4013,594,1,1615024088
4013,527,1,1638346877
4013,109,1,1636458236
4013,1152,1,1616931764
4014,838,1,1613140558
4014,913,1,1624541436
4014,594,1,1617615614
4014,971,1,1616660344
4014,1382,1,1614958992
4014,426,1,1637379357
4014,97,1,1600620677
4015,838,1,1603164746
4015,1038,1,1599019921
4015,186,1,1641600036
4015,467,1,1638875661
4015,858,1,1599797907
4015,1003,1,1590391028
4016,838,1,1605936925
4016,1119,1,1608959615
4016,1501,1,1615958054
4016,1232,1,1639876043
4016,16,1,1638620864
4016,376,1,1603269381
4016,653,1,1640566196
4017,838,1,1633275694
4017,422,1,1637580252
4017,186,1,1641273965
4017,426,1,1637333222
4017,5,1,1641637377
4018,838,1,1626275466
4018,1042,1,1628088340
4018,242,1,1625837719
4018,763,1,1627913467
4018,267,1,1625838404
4019,838,1,1625848974
4019,843,1,1622053244
4019,100,1,1630680271
4019,1339,1,1612981806
4019,1382,1,1590225275
4019,852,1,1604941284
4019,964,1,1635608598
4019,473,1,1631011489
4019,792,1,1634373999
4020,1495,1,1590073971
4020,100,1,1630745454
4020,508,1,1621239304
4020,363,1,1598365681
4020,155,1,1566645193
4021,1495,1,1556190415
4021,422,1,1638972351
4021,1099,1,1637672237
4021,295,1,1631454663
4021,16,1,1638709044
4022,1495,1,1593906526
4022,1292,1,1570879525
4022,637,1,1570977250
4022,779,1,1587793676
4022,509,1,1635788785
4023,1495,1,1556203508
4023,158,1,1636954568
4023,125,1,1561046275
4023,744,1,1557759897
4023,257,1,1634529580
4024,1495,1,1556197481
4024,843,1,1632080052
4024,542,1,1634671922
4024,973,1,1594228561
4024,357,1,1564494658
4024,1247,1,1631097465
4025,195,1,1644056947
4025,429,1,1568902513
4025,638,1,1575907173
4025,1300,1,1613577592
4025,306,1,1612868606
4026,195,1,1630664482
4026,963,1,1639198772
4026,540,1,1634213577
4026,171,1,1634556687
4026,1326,1,1622729351
4027,195,1,1637161467
4027,1357,1,1627036546
4027,928,1,1637162099
4027,1522,1,1636723257
4027,1252,1,1633841605
4028,195,1,1630490840
4028,719,1,1618220410
4028,766,1,1618220779
4028,1053,1,1616162412
4028,384,1,1637502274
4028,747,1,1618148014
4028,126,1,1641778809
4028,1480,1,1642505393
4028,527,1,1638008432
4028,391,1,1637502815
4028,827,1,1618148443
4028,649,1,1616631668
4028,972,1,1616583569
4028,289,1,1629228030
4028,644,1,1616573463
4028,659,1,1618219025
4028,732,1,1616473462
4028,350,1,1618149136
4028,78,1,1642695813
4028,5,1,1641636679
4028,290,1,1618147448
4028,989,1,1630303720
4029,1409,1,1641019190
4029,1032,1,1638268062
4029,1393,1,1640234634
4029,617,1,1618980070
4029,653,1,1639729842
4030,1409,1,1640957364
4030,311,1,1620509216
4030,137,1,1600614380
4030,1275,1,1628156748
4030,827,1,1583082205
4031,1443,1,1631450659
4031,477,1,1643898924
4031,1221,1,1642167187
4031,1550,1,1629124783
4031,951,1,1645796673
4031,973,1,1645520452
4032,1443,1,1634120215
4032,1102,1,1620533435
4032,1551,1,1634201460
4032,1097,1,1633770586
4032,1552,1,1629204308
4032,1553,1,1628079464
4033,1169,1,1638949909
4033,444,1,1633242403
4033,277,1,1601463420
4033,964,1,1636385022
4033,455,1,1595077507
4034,1169,1,1638609613
4034,1324,1,1633042755
4034,1183,1,1629507972
4034,444,1,1634383480
4034,1275,1,1645310054
4034,978,1,1629508538
4034,156,1,1632048992
4035,1169,1,1639031572
4035,581,1,1586679840
4035,1501,1,1615887621
4035,101,1,1630322768
4035,973,1,1633194338
4036,1169,1,1638865191
4036,196,1,1621122945
4036,459,1,1632270628
4036,1328,1,1621080211
4036,453,1,1604449592
4036,1300,1,1632446805
4036,13,1,1607025922
4037,1169,1,1638283817
4037,608,1,1637398696
4037,527,1,1638008625
4037,214,1,1634095454
4037,439,1,1638691270
4037,445,1,1632227550
4038,1169,1,1639722421
4038,1171,1,1623801923
4038,212,1,1642684318
4038,38,1,1639745433
4038,106,1,1609716534
4038,1035,1,1621942947
4038,696,1,1642567821
4039,72,1,1638161577
4039,212,1,1643591955
4039,463,1,1641815953
4039,22,1,1639903417
4039,30,1,1628683497
4040,72,1,1635578544
4040,211,1,1636520178
4040,604,1,1625321442
4040,1328,1,1590123354
4040,160,1,1603714970
4041,1219,1,1536418682
4041,461,1,1628957871
4041,199,1,1489313202
4041,665,1,1645199730
4041,140,1,1589386116
4042,1219,1,1542287743
4042,963,1,1639892667
4042,521,1,1639797242
4042,87,1,1614323064
4042,865,1,1568449555
4042,453,1,1604986126
4042,1475,1,1621571501
4043,1219,1,1612974834
4043,612,1,1587372077
4043,1032,1,1611761116
4043,853,1,1570194329
4043,841,1,1565173909
4044,1219,1,1549465672
4044,909,1,1630495050
4044,1535,1,1600323453
4044,1263,1,1640083512
4044,1147,1,1645793702
4044,618,1,1635053054
4044,1367,1,1638771555
4045,1219,1,1535884601
4045,37,1,1635573351
4045,621,1,1618473760
4045,542,1,1633142704
4045,16,1,1638638764
4045,415,1,1599141404
4046,460,1,1624427332
4046,286,1,1574855437
4046,1300,1,1585232578
4046,660,1,1639318227
4046,1211,1,1642068546
4047,460,1,1623575991
4047,1325,1,1632218385
4047,559,1,1644913733
4047,508,1,1621087893
4047,296,1,1627819465
4048,460,1,1623569554
4048,720,1,1629113052
4048,763,1,1628554850
4048,559,1,1645710835
4048,833,1,1619948832
4048,115,1,1613474294
4049,460,1,1623500791
4049,163,1,1609053686
4049,916,1,1616158314
4049,115,1,1614481941
4049,13,1,1616080083
4050,460,1,1623644893
4050,170,1,1636105935
4050,1183,1,1617245494
4050,1093,1,1577516326
4050,384,1,1636027941
4050,190,1,1615803569
4050,238,1,1602398248
4050,1528,1,1605099108
4050,1029,1,1584402186
4050,127,1,1578402631
4050,1467,1,1635558223
4050,119,1,1643369575
4050,87,1,1615989466
4050,115,1,1615309837
4051,460,1,1623593060
4051,1263,1,1644932077
4051,527,1,1643801280
4051,59,1,1643433063
4051,649,1,1624288207
4051,1039,1,1617464995
4051,552,1,1626267504
4052,460,1,1623483847
4052,170,1,1635867737
4052,1554,1,1618415864
4052,30,1,1628421814
4052,115,1,1613118473
4052,31,1,1643037222
4052,291,1,1612100811
4053,460,1,1623440563
4053,1249,1,1616436270
4053,716,1,1617565856
4053,613,1,1620653583
4053,542,1,1635804376
4053,15,1,1631089443
4053,585,1,1587132142
4053,296,1,1628028360
4053,777,1,1640276687
4054,460,1,1623567031
4054,119,1,1645181344
4054,24,1,1641848072
4054,777,1,1642394737
4054,589,1,1642521853
4055,460,1,1623431395
4055,1138,1,1644233428
4055,1555,1,1642519968
4055,115,1,1613234475
4055,291,1,1613145398
4056,460,1,1623662511
4056,885,1,1593406846
4056,159,1,1594807130
4056,508,1,1620987515
4056,312,1,1589969979
4056,761,1,1630281598
4057,460,1,1623464807
4057,1326,1,1622541240
4057,13,1,1607174474
4057,283,1,1619182061
4057,291,1,1618674103
4057,602,1,1616970641
4058,460,1,1623483862
4058,1054,1,1605104141
4058,60,1,1620911624
4058,312,1,1589970460
4058,488,1,1609168876
4059,460,1,1623660046
4059,742,1,1619358613
4059,628,1,1619668879
4059,238,1,1602590933
4059,617,1,1619843791
4059,833,1,1620023183
4059,246,1,1619607573
4059,115,1,1620192623
4060,460,1,1623544090
4060,913,1,1625206062
4060,106,1,1607930823
4060,503,1,1634023758
4060,884,1,1590164840
4061,460,1,1623505638
4061,83,1,1623999720
4061,150,1,1615041907
4061,552,1,1635173528
4061,602,1,1616289686
4062,460,1,1623444498
4062,471,1,1623323430
4062,251,1,1599646614
4062,274,1,1625914174
4062,252,1,1631271116
4062,649,1,1624846977
4062,1076,1,1642399976
4063,460,1,1623429258
4063,743,1,1608870225
4063,625,1,1595399852
4063,621,1,1615821871
4063,207,1,1605711838
4064,460,1,1623427741
4064,60,1,1629001271
4064,296,1,1627302106
4064,30,1,1628999241
4064,989,1,1623854139
4065,460,1,1623503346
4065,540,1,1632621381
4065,362,1,1610958441
4065,827,1,1576589412
4065,1467,1,1634472339
4065,339,1,1570004674
4065,777,1,1640266711
4065,308,1,1630225628
4065,115,1,1613123271
4066,460,1,1623428786
4066,324,1,1614746813
4066,916,1,1618130525
4066,692,1,1609856568
4066,649,1,1578980245
4066,115,1,1613229805
4067,817,1,1637489377
4067,730,1,1632049702
4067,1005,1,1626534694
4067,618,1,1643777509
4067,704,1,1629543469
4068,817,1,1603514598
4068,242,1,1602078282
4068,747,1,1604310996
4068,687,1,1597050816
4068,350,1,1607774389
4068,1019,1,1607757793
4069,817,1,1628407391
4069,1009,1,1628226887
4069,289,1,1639275212
4069,1019,1,1638600488
4069,246,1,1630229323
4070,817,1,1552824284
4070,594,1,1622466277
4070,643,1,1618955644
4070,349,1,1640758592
4070,833,1,1621320088
4070,653,1,1638944326
4071,1259,1,1643081549
4071,562,1,1593172295
4071,873,1,1641362671
4071,242,1,1595294914
4071,1311,1,1613701461
4071,376,1,1594618460
4071,589,1,1642070211
4072,1531,1,1644073122
4072,830,1,1631889658
4072,1076,1,1634921366
4072,291,1,1612096836
4072,602,1,1618493199
4073,1531,1,1643283198
4073,1131,1,1632149363
4073,163,1,1609086489
4073,1467,1,1634830573
4073,1041,1,1608659080
4073,16,1,1640613979
4073,201,1,1627483661
4073,1088,1,1578648951
4074,476,1,1642219735
4074,1159,1,1635777723
4074,1383,1,1626331227
4074,384,1,1636724393
4074,1503,1,1565419972
4074,636,1,1620058558
4074,376,1,1629569420
4075,476,1,1627687346
4075,275,1,1628321409
4075,947,1,1627188246
4075,59,1,1627638552
4075,336,1,1630385512
4075,372,1,1630332647
4076,476,1,1642308071
4076,827,1,1607946415
4076,23,1,1645625448
4076,1019,1,1606783787
4076,1035,1,1627828536
4077,476,1,1642414539
4077,1260,1,1607005961
4077,968,1,1602853417
4077,242,1,1601048252
4077,249,1,1609147161
4077,1123,1,1616859278
4077,111,1,1607852567
4078,476,1,1638787992
4078,919,1,1605705997
4078,879,1,1625137891
4078,243,1,1636370451
4078,636,1,1597502626
4078,559,1,1646201673
4078,115,1,1614225744
4079,476,1,1629771447
4079,60,1,1620923725
4079,559,1,1646192133
4079,644,1,1622647018
4079,1326,1,1631360380
4079,39,1,1610459499
4079,453,1,1623178559
4080,476,1,1629473757
4080,238,1,1601797644
4080,150,1,1615469728
4080,338,1,1630326565
4080,101,1,1629466601
4081,476,1,1627731828
4081,1321,1,1596429851
4081,505,1,1629113947
4081,1216,1,1596429776
4081,506,1,1630138273
4081,473,1,1629626897
4081,889,1,1582641173
4081,373,1,1584503695
4082,476,1,1627188762
4082,1399,1,1643440538
4082,913,1,1624955933
4082,321,1,1594180338
4082,128,1,1616937239
4083,476,1,1627113588
4083,648,1,1530700512
4083,671,1,1627239954
4083,1256,1,1573190184
4083,542,1,1633481406
4083,376,1,1574705285
4083,509,1,1638209496
4084,748,1,1629806085
4084,913,1,1629882242
4084,321,1,1562788737
4084,853,1,1640031111
4084,290,1,1596042780
4084,1246,1,1635911755
4085,842,1,1624104784
4085,321,1,1560691924
4085,196,1,1621074277
4085,1339,1,1613322836
4085,453,1,1596022150
4086,842,1,1625223120
4086,913,1,1625166799
4086,1263,1,1612074984
4086,1070,1,1595243894
4086,126,1,1612559959
4086,971,1,1587728975
4086,1152,1,1616945492
4086,865,1,1581975078
4086,283,1,1619279945
4087,842,1,1624969304
4087,58,1,1635508024
4087,1339,1,1625568226
4087,368,1,1630325263
4087,1063,1,1630929833
4088,842,1,1627405932
4088,1356,1,1592046396
4088,813,1,1577267258
4088,126,1,1584188619
4088,526,1,1628077465
4088,312,1,1590052943
4088,848,1,1586247783
4089,842,1,1626169144
4089,238,1,1615118108
4089,1152,1,1625154907
4089,617,1,1626091120
4089,114,1,1613749681
4089,1367,1,1623663301
4090,842,1,1625896283
4090,730,1,1637483240
4090,766,1,1643601360
4090,1527,1,1642834755
4090,898,1,1643600653
4090,868,1,1630758494
4090,1042,1,1635579149
4090,612,1,1622279362
4090,1097,1,1633778170
4090,649,1,1629207124
4090,1429,1,1644836526
4090,296,1,1629367095
4090,602,1,1616932742
4091,633,1,1615874622
4091,852,1,1629179105
4091,430,1,1629820600
4091,644,1,1629557658
4091,672,1,1617780728
4091,111,1,1617966486
4091,645,1,1615292162
4092,633,1,1615382416
4092,1032,1,1611660215
4092,150,1,1615043740
4092,508,1,1621252322
4092,488,1,1609150362
4092,989,1,1623859533
4093,633,1,1609452236
4093,36,1,1634750473
4093,763,1,1642630796
4093,445,1,1632158783
4093,101,1,1629755154
4094,633,1,1620625077
4094,968,1,1620600939
4094,1357,1,1627955798
4094,1119,1,1623154364
4094,920,1,1627964705
4094,659,1,1620624737
4095,1265,1,1642872603
4095,196,1,1619940495
4095,418,1,1629105617
4095,186,1,1641291942
4095,275,1,1581435956
4095,467,1,1638508484
4095,637,1,1586689115
4095,827,1,1582128769
4095,502,1,1642305511
4095,427,1,1642864834
4095,229,1,1585929347
4095,1164,1,1588403532
4095,290,1,1586684478
4095,1043,1,1627035064
4095,1211,1,1642087079
4096,1265,1,1640980146
4096,1556,1,1641328937
4096,1249,1,1619342576
4096,885,1,1592907401
4096,384,1,1636106701
4096,467,1,1638507006
4096,725,1,1586862083
4096,503,1,1634058816
4097,1265,1,1642594298
4097,1159,1,1633179206
4097,356,1,1560700217
4097,608,1,1635845506
4097,1093,1,1577520943
4097,196,1,1621044862
4097,186,1,1641712864
4097,467,1,1639915892
4097,559,1,1645014161
4097,502,1,1642329889
4097,738,1,1584974390
4097,1211,1,1643192341
4097,31,1,1643295865
4098,1265,1,1642246867
4098,118,1,1634400421
4098,382,1,1615182398
4098,385,1,1631188259
4098,1422,1,1637218562
4098,31,1,1643026695
4099,1265,1,1641881285
4099,608,1,1635817551
4099,1557,1,1643966464
4099,1249,1,1616403847
4099,257,1,1634542103
4099,503,1,1633910027
4100,1265,1,1641044350
4100,890,1,1553003599
4100,1270,1,1640514203
4100,119,1,1643381055
4100,430,1,1564755177
4101,1265,1,1641033310
4101,1119,1,1618499506
4101,1141,1,1600681980
4101,295,1,1632573461
4101,156,1,1631876237
4102,118,1,1636276671
4102,382,1,1630044253
4102,802,1,1630046146
4102,392,1,1630047366
4102,386,1,1629988876
4103,118,1,1635001462
4103,1260,1,1596999222
4103,36,1,1633278310
4103,738,1,1590052005
4103,488,1,1609873702
4103,735,1,1590397705
4103,589,1,1642371480
4104,118,1,1634396360
4104,186,1,1641268932
4104,362,1,1610801769
4104,618,1,1636887070
4104,502,1,1642310350
4104,419,1,1646034164
4104,363,1,1562338361
4105,118,1,1634384672
4105,48,1,1641646282
4105,386,1,1629953576
4105,119,1,1643460969
4105,1247,1,1632477065
4106,118,1,1643363704
4106,384,1,1644573838
4106,385,1,1631259485
4106,559,1,1644658240
4106,119,1,1643366764
4107,118,1,1641648635
4107,604,1,1643631250
4107,385,1,1641725364
4107,1467,1,1634472713
4107,1063,1,1629677552
4107,291,1,1613546122
4108,118,1,1635211870
4108,384,1,1637469889
4108,48,1,1641893210
4108,604,1,1626352856
4108,392,1,1626426195
4109,118,1,1636141146
4109,880,1,1640180942
4109,385,1,1640256664
4109,1390,1,1633717602
4109,119,1,1644234543
4110,118,1,1635925912
4110,467,1,1638885746
4110,947,1,1606828519
4110,1199,1,1643467328
4110,662,1,1586357871
4111,118,1,1635844123
4111,1394,1,1635550529
4111,751,1,1630919436
4111,36,1,1633151302
4111,143,1,1634191938
4111,115,1,1618474979
4112,118,1,1634646176
4112,581,1,1627795265
4112,1234,1,1645086315
4112,973,1,1632035985
4112,78,1,1595503230
4112,1161,1,1626871302
4113,118,1,1634527715
4113,385,1,1631347954
4113,392,1,1612158095
4113,419,1,1646019818
4113,386,1,1629961794
4113,119,1,1643469591
4114,118,1,1634490349
4114,1260,1,1606743118
4114,391,1,1636626777
4114,802,1,1639268501
4114,386,1,1629981538
4115,118,1,1634471776
4115,1032,1,1611676766
4115,559,1,1644730893
4115,696,1,1642338199
4115,31,1,1643282295
4116,118,1,1634460426
4116,382,1,1615060011
4116,1558,1,1624348299
4116,604,1,1625051060
4116,802,1,1624438120
4116,803,1,1624347613
4117,118,1,1634443669
4117,384,1,1637494661
4117,437,1,1624164475
4117,433,1,1607422149
4117,739,1,1629817363
4118,118,1,1634429576
4118,384,1,1636037329
4118,648,1,1528472282
4118,1559,1,1639878381
4118,391,1,1636629760
4119,118,1,1634405050
4119,15,1,1632227831
4119,296,1,1627295555
4119,1082,1,1599031432
4119,291,1,1612101285
4119,989,1,1623942879
4120,118,1,1634404646
4120,384,1,1636033956
4120,618,1,1636918874
4120,385,1,1631264223
4120,761,1,1631633755
4121,1264,1,1630420146
4121,467,1,1638541984
4121,1278,1,1633148209
4121,932,1,1630601139
4121,283,1,1626419651
4121,31,1,1644005080
4121,156,1,1631879359
4121,989,1,1626804827
4122,1264,1,1630235147
4122,1324,1,1633012758
4122,1255,1,1486044189
4122,613,1,1620613217
4122,30,1,1626342807
4122,13,1,1607050761
4123,1264,1,1630309349
4123,963,1,1640778768
4123,898,1,1627221508
4123,1455,1,1642670909
4123,87,1,1614248537
4124,1264,1,1632646134
4124,919,1,1605940724
4124,1119,1,1618479569
4124,1392,1,1622442490
4124,385,1,1632387694
4124,127,1,1574086436
4124,1326,1,1626950200
4125,1264,1,1631993133
4125,742,1,1619242502
4125,356,1,1556785568
4125,216,1,1644676290
4125,1252,1,1592051287
4125,445,1,1631990306
4125,731,1,1603527979
4125,413,1,1610876056
4126,1264,1,1631457902
4126,1412,1,1563467600
4126,963,1,1638677660
4126,403,1,1562963964
4126,654,1,1595694053
4126,1328,1,1599997393
4126,429,1,1513589565
4126,13,1,1607154362
4127,1264,1,1631451960
4127,87,1,1614248888
4127,416,1,1636028420
4127,939,1,1647266836
4127,333,1,1644163284
4128,1264,1,1631414774
4128,186,1,1641273350
4128,439,1,1638683527
4128,336,1,1564220743
4128,338,1,1552214589
4129,1264,1,1631368259
4129,1032,1,1611663711
4129,256,1,1645088743
4129,252,1,1631195123
4129,415,1,1599132097
4130,1264,1,1630430100
4130,1480,1,1642333753
4130,278,1,1577112627
4130,1199,1,1643545364
4130,357,1,1564744293
4130,976,1,1643971924
4131,1264,1,1630385605
4131,36,1,1633159813
4131,190,1,1627227033
4131,1480,1,1643613480
4131,426,1,1637393717
4131,510,1,1631012866
4132,1264,1,1630329409
4132,1221,1,1642212482
4132,256,1,1642750992
4132,429,1,1565292867
4132,954,1,1587380158
4132,78,1,1595943668
4133,489,1,1563261345
4133,1119,1,1621684784
4133,463,1,1643916104
4133,150,1,1615080091
4133,772,1,1644929732
4133,602,1,1615593065
4134,578,1,1558125709
4134,233,1,1601209521
4134,585,1,1586408961
4134,1071,1,1641859520
4134,339,1,1631059516
4134,883,1,1586821460
4135,578,1,1582690567
4135,211,1,1645276093
4135,505,1,1645422970
4135,618,1,1645434895
4135,106,1,1642682044
4135,777,1,1642423728
4135,589,1,1642133720
4136,578,1,1589117853
4136,1452,1,1631420228
4136,625,1,1592389927
4136,1099,1,1637706548
4136,732,1,1646221296
4137,1248,1,1616156800
4137,1218,1,1615652153
4137,664,1,1595436012
4137,251,1,1599912534
4137,731,1,1603539522
4138,1248,1,1599663506
4138,668,1,1598770228
4138,233,1,1600699972
4138,629,1,1595011691
4138,253,1,1594223648
4138,644,1,1611126696
4139,3,1,1644219328
4139,233,1,1601392500
4139,1032,1,1615811483
4139,637,1,1569166734
4139,253,1,1594031452
4140,3,1,1644145801
4140,879,1,1630155557
4140,1386,1,1634629846
4140,1115,1,1642957591
4140,201,1,1639751623
4140,731,1,1603778755
4141,3,1,1644145110
4141,789,1,1630125957
4141,384,1,1638112538
4141,618,1,1635044530
4141,385,1,1632551432
4141,1014,1,1633879609
4141,308,1,1630367099
4142,3,1,1644143725
4142,1227,1,1563973462
4142,789,1,1632399986
4142,53,1,1631508598
4142,444,1,1630324714
4142,22,1,1636170256
4142,362,1,1631593746
4142,58,1,1636166894
4142,319,1,1625883936
4142,60,1,1630206373
4142,1123,1,1593575290
4142,24,1,1641874495
4142,106,1,1642652325
4142,638,1,1567742057
4142,267,1,1623977379
4142,143,1,1642299095
4142,5,1,1641637287
4142,510,1,1632803270
4142,989,1,1623844689
4143,3,1,1644141310
4143,238,1,1628902692
4143,916,1,1616150663
4143,339,1,1599839936
4143,735,1,1616136066
4144,3,1,1643968813
4144,636,1,1645425798
4144,319,1,1628304371
4144,770,1,1641436148
4144,506,1,1643013916
4144,24,1,1641816873
4144,973,1,1642429816
4145,3,1,1643951691
4145,37,1,1634648076
4145,505,1,1629253426
4145,699,1,1634982367
4145,249,1,1592722608
4145,23,1,1640866785
4145,246,1,1600600572
4146,3,1,1643888679
4146,211,1,1637928970
4146,24,1,1641799988
4146,1043,1,1627200774
4146,589,1,1642075325
4147,3,1,1643862477
4147,444,1,1642737242
4147,4,1,1641566668
4147,214,1,1641563623
4147,171,1,1642753913
4147,644,1,1644295443
4147,5,1,1643993574
4147,30,1,1642748400
4147,1019,1,1645290486
4148,3,1,1643794836
4148,243,1,1638088360
4148,23,1,1642259340
4148,24,1,1641818799
4148,653,1,1639135947
4149,3,1,1643732245
4149,1037,1,1634921841
4149,362,1,1634898703
4149,106,1,1620840977
4149,254,1,1643390889
4150,3,1,1643679295
4150,211,1,1636301134
4150,853,1,1630165772
4150,858,1,1598503764
4150,30,1,1628431711
4151,3,1,1643676057
4151,719,1,1620002573
4151,1403,1,1642058119
4151,1040,1,1642682271
4151,114,1,1644776909
4151,1252,1,1642279059
4151,1300,1,1644420895
4151,653,1,1642190707
4152,3,1,1643651068
4152,668,1,1644313607
4152,211,1,1637644857
4152,505,1,1635652690
4152,58,1,1635264188
4152,109,1,1638536838
4152,23,1,1641960068
4153,3,1,1643638980
4153,757,1,1643807547
4153,505,1,1641193894
4153,488,1,1609211613
4153,5,1,1641645004
4153,246,1,1600508655
4153,115,1,1613118310
4154,3,1,1643628532
4154,730,1,1642848871
4154,22,1,1641611243
4154,23,1,1642732336
4154,24,1,1641958446
4154,290,1,1642595286
4154,589,1,1642508407
4155,3,1,1643614691
4155,1119,1,1611230038
4155,22,1,1642344138
4155,23,1,1642338638
4155,24,1,1642523258
4156,3,1,1643612731
4156,790,1,1636436311
4156,699,1,1635260070
4156,747,1,1636021416
4156,58,1,1635591765
4156,24,1,1641915844
4156,1315,1,1635259110
4157,3,1,1643597584
4157,751,1,1629454206
4157,36,1,1633319604
4157,643,1,1618826349
4157,1292,1,1571816756
4157,24,1,1641773886
4157,660,1,1639735399
4158,3,1,1643584274
4158,211,1,1637566626
4158,473,1,1631868803
4158,24,1,1641772995
4158,510,1,1630409215
4158,1063,1,1631353095
4159,3,1,1643563559
4159,751,1,1629515734
4159,23,1,1642582810
4159,27,1,1627821676
4159,589,1,1642092488
4160,3,1,1643558703
4160,238,1,1603033493
4160,1050,1,1627231587
4160,106,1,1609072384
4160,101,1,1629387699
4161,3,1,1643558065
4161,909,1,1643702376
4161,48,1,1643100365
4161,463,1,1643017372
4161,1115,1,1643377640
4162,1134,1,1601012242
4162,808,1,1593657044
4162,455,1,1592121502
4162,308,1,1630296008
4162,775,1,1628759462
4163,1134,1,1618401943
4163,126,1,1616675227
4163,137,1,1600605224
4163,184,1,1601707861
4163,128,1,1616826574
4164,1134,1,1609433338
4164,890,1,1553060433
4164,214,1,1632657147
4164,234,1,1624974428
4164,1052,1,1603617543
4164,777,1,1640509908
4164,128,1,1575445080
4165,1134,1,1589172443
4165,879,1,1601266585
4165,1353,1,1639418964
4165,463,1,1641836303
4165,1054,1,1642352452
4165,155,1,1566277205
4165,290,1,1585415879
4166,1134,1,1586181168
4166,1392,1,1623771149
4166,508,1,1620988709
4166,155,1,1597394739
4166,509,1,1635867073
4167,1134,1,1604311591
4167,1064,1,1585139853
4167,433,1,1607527644
4167,775,1,1619922713
4167,128,1,1604288512
4168,1134,1,1601811371
4168,1131,1,1632268049
4168,1073,1,1635262233
4168,126,1,1572427155
4168,481,1,1607682210
4168,418,1,1631405158
4168,629,1,1613352876
4168,1123,1,1623717203
4168,450,1,1587277403
4168,119,1,1646140663
4168,683,1,1646353562
4168,289,1,1621145958
4168,833,1,1620049363
4168,17,1,1641887866
4168,308,1,1631427233
4168,479,1,1582295615
4168,509,1,1635741217
4168,1247,1,1631182048
4168,602,1,1616847504
4169,1134,1,1615392469
4169,995,1,1639573673
4169,879,1,1603607670
4169,1119,1,1600500856
4169,526,1,1637741198
4170,1134,1,1601911518
4170,1070,1,1595331995
4170,1339,1,1624197297
4170,154,1,1645633025
4170,675,1,1638701551
4171,1134,1,1609988773
4171,682,1,1614933388
4171,1332,1,1629880764
4171,467,1,1638514762
4171,39,1,1629181853
4171,675,1,1638718061
4172,1134,1,1600922402
4172,654,1,1602607468
4172,184,1,1601140930
4172,106,1,1607963769
4172,221,1,1603908327
4173,1134,1,1593242211
4173,149,1,1596777714
4173,150,1,1615058910
4173,571,1,1606435496
4173,1003,1,1591671174
4173,415,1,1599213027
4173,246,1,1600494838
4173,254,1,1642386739
4173,306,1,1617452507
4174,1134,1,1590415312
4174,272,1,1643914336
4174,428,1,1567829453
4174,22,1,1635924910
4174,481,1,1608409316
4174,373,1,1571308995
4175,1134,1,1599920979
4175,885,1,1598197780
4175,625,1,1600837036
4175,125,1,1599918608
4175,902,1,1598199174
4175,15,1,1631078502
4175,329,1,1630479320
4175,731,1,1603545653
4175,207,1,1605887250
4176,1025,1,1641124764
4176,843,1,1642089511
4176,26,1,1638620038
4176,1018,1,1642089535
4176,1367,1,1639123650
4177,1025,1,1639312203
4177,1076,1,1630409669
4177,528,1,1641183079
4177,675,1,1636810723
4177,638,1,1628939548
4178,730,1,1628261337
4178,898,1,1627168535
4178,885,1,1626692522
4178,26,1,1627117721
4178,74,1,1631419777
4179,730,1,1622387239
4179,766,1,1625997488
4179,898,1,1627322369
4179,827,1,1625906425
4179,897,1,1627999166
4180,730,1,1621665057
4180,719,1,1629563249
4180,1005,1,1626244084
4180,471,1,1623335109
4180,896,1,1622288071
4181,730,1,1617522311
4181,719,1,1618481519
4181,1119,1,1600758026
4181,126,1,1619010204
4181,896,1,1617521865
4181,180,1,1616834913
4181,704,1,1605069185
4182,730,1,1642830346
4182,319,1,1644243126
4182,23,1,1642324118
4182,883,1,1643032731
4182,27,1,1643556368
4183,730,1,1637593469
4183,898,1,1629050368
4183,422,1,1639407759
4183,1328,1,1591355139
4183,336,1,1573203520
4184,730,1,1633592930
4184,898,1,1633260344
4184,1557,1,1644910667
4184,745,1,1637382176
4184,1552,1,1631248475
4184,1063,1,1634366503
4185,730,1,1627228232
4185,766,1,1627486986
4185,704,1,1627191390
4185,908,1,1638457549
4185,897,1,1628011733
4186,730,1,1623415483
4186,766,1,1623333705
4186,1227,1,1625380716
4186,654,1,1587494997
4186,763,1,1626963125
4186,896,1,1623625970
4186,1035,1,1621344166
4186,989,1,1623907625
4187,730,1,1617966603
4187,643,1,1618831173
4187,289,1,1614483770
4187,644,1,1611127553
4187,291,1,1612066976
4188,730,1,1643302812
4188,184,1,1601212590
4188,238,1,1602034924
4188,1382,1,1645237875
4188,106,1,1644036276
4189,730,1,1637653907
4189,719,1,1637727180
4189,1005,1,1618487557
4189,896,1,1617604691
4189,704,1,1637652276
4189,589,1,1643282989
4190,730,1,1621255677
4190,226,1,1618832188
4190,467,1,1638506567
4190,969,1,1598096164
4190,1199,1,1643081794
4190,376,1,1574227058
4190,1417,1,1628420844
4191,730,1,1618923811
4191,1452,1,1631780422
4191,1270,1,1638266687
4191,1353,1,1638833994
4191,349,1,1634992854
4192,730,1,1614785862
4192,457,1,1622987817
4192,64,1,1642582329
4192,1119,1,1618640964
4192,1172,1,1640768890
4192,226,1,1619765526
4193,730,1,1642861202
4193,875,1,1619846423
4193,275,1,1592571986
4193,127,1,1577542769
4193,430,1,1568111685
4194,730,1,1642124525
4194,512,1,1644229105
4194,898,1,1642657185
4194,1014,1,1644229501
4194,1429,1,1643194895
4195,730,1,1614589151
4195,1159,1,1633172357
4195,913,1,1625023633
4195,1560,1,1615512067
4195,629,1,1634483442
4195,1256,1,1614934293
4195,732,1,1625929677
4196,730,1,1622587679
4196,719,1,1622588074
4196,766,1,1623081571
4196,508,1,1622686263
4196,896,1,1622831779
4197,730,1,1623418330
4197,719,1,1623418480
4197,896,1,1623504541
4197,704,1,1625492981
4197,897,1,1627996577
4198,909,1,1631619326
4198,990,1,1615562027
4198,123,1,1615350587
4198,274,1,1646646714
4198,659,1,1615351378
4199,909,1,1630254326
4199,879,1,1620752970
4199,1455,1,1642781305
4199,233,1,1619374794
4199,971,1,1628082870
4199,852,1,1622307330
4199,274,1,1635241611
4199,252,1,1635098306
4199,87,1,1614213653
4199,368,1,1630166325
4200,909,1,1641636215
4200,594,1,1642934637
4200,1147,1,1644666774
4200,329,1,1643281091
4200,1076,1,1643364970
4200,675,1,1643205208
4201,909,1,1631282833
4201,1183,1,1632336685
4201,1339,1,1623376424
4201,15,1,1631288434
4201,1252,1,1644945781
4201,1161,1,1626697116
4202,909,1,1631292590
4202,819,1,1611752995
4202,1073,1,1632793944
4202,830,1,1632966927
4202,711,1,1609687960
4202,502,1,1642430437
4202,1041,1,1608646877
4202,696,1,1642165040
4203,909,1,1632205836
4203,86,1,1615030298
4203,285,1,1589515219
4203,150,1,1616159300
4203,972,1,1637408642
4204,909,1,1631528744
4204,830,1,1631813681
4204,692,1,1610896916
4204,841,1,1564118038
4204,989,1,1623854092
4205,909,1,1630816334
4205,594,1,1615027571
4205,349,1,1633161542
4205,552,1,1612624556
4205,306,1,1612869276
4206,668,1,1610554554
4206,540,1,1633268909
4206,126,1,1608177291
4206,256,1,1642776042
4206,283,1,1619175573
4207,668,1,1605283752
4207,277,1,1570816037
4207,295,1,1632300708
4207,1256,1,1576954841
4207,1385,1,1645188585
4207,638,1,1567608537
4207,78,1,1637315421
4207,509,1,1635894829
4208,668,1,1627274982
4208,853,1,1623488582
4208,528,1,1642215399
4208,732,1,1610723595
4208,777,1,1641294775
4208,376,1,1600255277
4209,668,1,1612605838
4209,402,1,1614184266
4209,951,1,1612603022
4209,1252,1,1595044774
4209,187,1,1612603511
4210,668,1,1598721388
4210,272,1,1641827198
4210,754,1,1642613512
4210,621,1,1622128877
4210,1141,1,1600957168
4210,775,1,1622129771
4211,83,1,1613452036
4211,719,1,1624700044
4211,885,1,1597305736
4211,1480,1,1642321375
4211,253,1,1597390514
4211,897,1,1627993722
4212,83,1,1613450625
4212,719,1,1618408778
4212,233,1,1600689139
4212,528,1,1641521798
4212,253,1,1591960560
4212,306,1,1615444635
4213,83,1,1614507605
4213,873,1,1641373343
4213,385,1,1631169782
4213,119,1,1644342636
4213,696,1,1642225675
4214,83,1,1633999510
4214,281,1,1567887843
4214,1390,1,1631626858
4214,336,1,1567881939
4214,338,1,1552537414
4214,110,1,1633513285
4214,638,1,1567915753
4214,282,1,1562386430
4214,357,1,1567882533
4214,653,1,1638508837
4215,83,1,1614939026
4215,1561,1,1615306549
4215,939,1,1625409201
4215,659,1,1624946122
4215,290,1,1609129993
4215,306,1,1615113648
4216,83,1,1618237982
4216,233,1,1628340068
4216,238,1,1641606260
4216,253,1,1628163274
4216,306,1,1640421710
4217,83,1,1612775053
4217,963,1,1638784244
4217,648,1,1577697045
4217,1332,1,1631971642
4217,385,1,1631429444
4217,285,1,1589558699
4218,83,1,1628343179
4218,1383,1,1623668545
4218,321,1,1627480374
4218,763,1,1637477752
4218,852,1,1626006342
4219,83,1,1613623232
4219,1324,1,1633055516
4219,902,1,1598367601
4219,969,1,1610287581
4219,306,1,1613304258
4220,83,1,1612945722
4220,1150,1,1567413685
4220,402,1,1605151346
4220,243,1,1636716468
4220,78,1,1598693808
4221,562,1,1611159666
4221,766,1,1611136647
4221,1541,1,1632920278
4221,234,1,1610873757
4221,131,1,1638722970
4221,111,1,1610105109
4221,296,1,1627533290
4222,562,1,1593265789
4222,1216,1,1618845254
4222,672,1,1606571801
4222,16,1,1640941388
4222,1065,1,1591110692
4223,562,1,1593793574
4223,790,1,1633521632
4223,384,1,1636424478
4223,561,1,1615376436
4223,510,1,1630314729
4224,562,1,1597845583
4224,64,1,1642591188
4224,159,1,1594810340
4224,506,1,1641393987
4224,23,1,1641394297
4225,562,1,1594480599
4225,742,1,1620879087
4225,53,1,1631593879
4225,46,1,1609472951
4225,214,1,1632656043
4225,386,1,1642434576
4225,659,1,1601217462
4225,1211,1,1642071159
4225,31,1,1643008058
4226,562,1,1593258137
4226,402,1,1591442041
4226,873,1,1641546306
4226,830,1,1631746247
4226,665,1,1624897450
4226,1432,1,1645747448
4226,455,1,1629982676
4226,110,1,1627694185
4226,874,1,1583331755
4226,646,1,1631270233
4227,562,1,1598485242
4227,852,1,1598447950
4227,234,1,1598609247
4227,278,1,1600080999
4227,841,1,1598515179
4228,562,1,1593861876
4228,310,1,1598861157
4228,100,1,1630682625
4228,850,1,1584207360
4228,617,1,1625757962
4228,509,1,1635738728
4229,562,1,1593145137
4229,324,1,1613634416
4229,73,1,1642501342
4229,672,1,1606555159
4229,552,1,1612697226
4230,1159,1,1632883240
4230,1333,1,1636044809
4230,972,1,1625237212
4230,101,1,1629390257
4230,180,1,1616760211
4230,42,1,1615119153
4231,1159,1,1633049692
4231,1310,1,1580361908
4231,1216,1,1564707443
4231,467,1,1639180029
4231,357,1,1576323793
4232,1159,1,1632671458
4232,1333,1,1635488046
4232,648,1,1528889156
4232,461,1,1629001089
4232,467,1,1638506044
4233,1159,1,1634651810
4233,96,1,1630811077
4233,1323,1,1624291056
4233,858,1,1599984191
4233,1125,1,1599480070
4233,1244,1,1617805585
4234,1159,1,1633516182
4234,1333,1,1635749407
4234,1528,1,1640414989
4234,1546,1,1636502990
4234,563,1,1556237686
4235,1159,1,1633418508
4235,285,1,1589587565
4235,658,1,1567337775
4235,110,1,1628993662
4235,229,1,1587421632
4236,1159,1,1632849946
4236,604,1,1626425909
4236,1070,1,1595208785
4236,196,1,1621501516
4236,971,1,1587702421
4236,386,1,1630256429
4236,119,1,1643516718
4236,1039,1,1617347899
4237,1159,1,1632758652
4237,1332,1,1629832287
4237,196,1,1619898081
4237,1346,1,1608232783
4237,1054,1,1604849531
4237,928,1,1628188753
4237,1050,1,1628037653
4237,78,1,1596616692
4238,1159,1,1633759112
4238,751,1,1636724955
4238,1333,1,1636360818
4238,319,1,1637625016
4238,24,1,1641774885
4239,1159,1,1633681272
4239,384,1,1636172045
4239,196,1,1619773232
4239,418,1,1629602490
4239,137,1,1600489170
4239,445,1,1631963639
4240,1159,1,1633265644
4240,186,1,1641266903
4240,637,1,1568810773
4240,427,1,1643015124
4240,282,1,1558831926
4240,31,1,1642996359
4241,1512,1,1595394633
4241,1150,1,1570791230
4241,1093,1,1604313885
4241,1142,1,1577491232
4241,585,1,1589085999
4242,1512,1,1601266299
4242,56,1,1643290154
4242,48,1,1642051794
4242,53,1,1632324604
4242,336,1,1577205304
4242,357,1,1577205086
4243,1512,1,1594822303
4243,720,1,1629618132
4243,742,1,1619105905
4243,1269,1,1636870128
4243,149,1,1596901647
4243,853,1,1598086456
4243,637,1,1594534139
4243,426,1,1637327215
4243,1082,1,1599036946
4243,42,1,1633179777
4244,1512,1,1606192147
4244,163,1,1627600402
4244,199,1,1538339947
4244,137,1,1627793015
4244,109,1,1644471367
4244,285,1,1620304137
4244,338,1,1610737127
4245,1512,1,1625303419
4245,1064,1,1571466884
4245,1070,1,1613491378
4245,233,1,1633845828
4245,1480,1,1644633385
4245,971,1,1587651208
4245,744,1,1584370735
4245,637,1,1569934792
4245,207,1,1612775093
4245,735,1,1587371498
4246,1512,1,1597400112
4246,1489,1,1633866207
4246,463,1,1641761950
4246,150,1,1615030090
4246,528,1,1640424099
4246,1003,1,1591129303
4246,368,1,1631683029
4246,1521,1,1644319860
4247,1512,1,1642346530
4247,310,1,1622168513
4247,1310,1,1580883672
4247,808,1,1611543764
4247,954,1,1589038091
4247,200,1,1613012577
4248,1544,1,1642953704
4248,1554,1,1616680969
4248,613,1,1622118328
4248,427,1,1641865073
4248,31,1,1643028437
4248,156,1,1632272588
4249,1544,1,1643529457
4249,100,1,1633352290
4249,196,1,1620341444
4249,928,1,1628175269
4249,738,1,1584969784
4249,106,1,1608476408
4250,1544,1,1642988118
4250,963,1,1640017900
4250,22,1,1636996998
4250,932,1,1630293985
4250,1241,1,1645381341
4250,660,1,1638117100
4250,27,1,1645015703
4250,589,1,1642069954
4251,1544,1,1642947843
4251,36,1,1633149667
4251,184,1,1601126985
4251,683,1,1645862087
4251,267,1,1624028522
4252,1544,1,1642943364
4252,382,1,1614632295
4252,790,1,1634188700
4252,487,1,1638105317
4252,226,1,1620393119
4252,445,1,1633522103
4253,1466,1,1605405938
4253,1013,1,1616471783
4253,819,1,1611485654
4253,481,1,1606642235
4253,106,1,1607930031
4254,1466,1,1643291598
4254,1357,1,1644629992
4254,196,1,1619957487
4254,150,1,1615039593
4254,660,1,1638270987
4255,1466,1,1607086001
4255,879,1,1629753014
4255,126,1,1619176410
4255,971,1,1593945363
4255,413,1,1611041157
4256,457,1,1623046978
4256,919,1,1607050590
4256,1249,1,1617616635
4256,163,1,1611209393
4256,243,1,1637466614
4256,455,1,1600969344
4257,457,1,1623122799
4257,1199,1,1643256621
4257,502,1,1642738832
4257,150,1,1615521861
4257,5,1,1641875409
4258,457,1,1622981464
4258,890,1,1553944090
4258,59,1,1605871635
4258,372,1,1590943000
4258,1281,1,1617274170
4259,457,1,1623076909
4259,64,1,1642583607
4259,628,1,1614045465
4259,444,1,1635861891
4259,38,1,1638782930
4259,415,1,1599798763
4260,457,1,1623074911
4260,1535,1,1615799363
4260,1147,1,1643515950
4260,132,1,1640683314
4260,329,1,1643802719
4260,675,1,1643515123
4261,457,1,1629351170
4261,37,1,1636372511
4261,64,1,1642585502
4261,214,1,1636365438
4261,989,1,1633410080
4262,457,1,1622995398
4262,1227,1,1597405528
4262,649,1,1615630964
4262,1039,1,1620752272
4262,283,1,1630600255
4262,291,1,1619946368
4263,457,1,1623511906
4263,1216,1,1582039550
4263,243,1,1636454341
4263,775,1,1616897804
4263,976,1,1642517138
4264,457,1,1628159743
4264,1221,1,1641469378
4264,628,1,1621337295
4264,545,1,1624701339
4264,450,1,1589451091
4264,200,1,1609422946
4264,155,1,1626878641
4265,1534,1,1644032650
4265,233,1,1600688302
4265,137,1,1600515109
4265,253,1,1591967259
4265,644,1,1611139037
4266,1534,1,1644316776
4266,720,1,1630122522
4266,215,1,1604244718
4266,16,1,1638800987
4266,415,1,1599176638
4266,291,1,1612881901
4267,1534,1,1643969156
4267,1333,1,1635494557
4267,384,1,1636027109
4267,625,1,1592406089
4267,654,1,1569855830
4267,1515,1,1610906192
4267,459,1,1632404157
4267,385,1,1632209523
4267,290,1,1586063415
4267,602,1,1615534074
4268,1549,1,1639928562
4268,664,1,1594193139
4268,253,1,1591994073
4268,289,1,1614603361
4268,646,1,1609766758
4268,306,1,1612871662
4269,1549,1,1639745369
4269,1249,1,1616503334
4269,467,1,1638530645
4269,1199,1,1643281154
4269,502,1,1642473180
4269,397,1,1629362111
4269,981,1,1636104589
4270,1399,1,1644283217
4270,1394,1,1635520562
4270,100,1,1630675555
4270,444,1,1628748978
4270,199,1,1488341531
4270,770,1,1643886215
4270,127,1,1573306374
4270,1125,1,1599548379
4270,133,1,1636244418
4270,155,1,1563893445
4270,283,1,1619186656
4271,1399,1,1643704926
4271,384,1,1636198452
4271,53,1,1631688160
4271,683,1,1644827111
4271,589,1,1643981255
4272,1399,1,1643430472
4272,757,1,1590170148
4272,985,1,1588086042
4272,1270,1,1636463725
4272,612,1,1610872711
4272,126,1,1579532062
4272,852,1,1588406936
4272,1256,1,1601740707
4272,972,1,1572631503
4272,732,1,1572797928
4272,376,1,1574305953
4272,115,1,1619779396
4272,283,1,1619233762
4273,158,1,1638876494
4273,1386,1,1634135294
4273,257,1,1634721883
4273,488,1,1609327667
4273,308,1,1643619816
4273,282,1,1566627561
4274,158,1,1637511094
4274,917,1,1637491154
4274,951,1,1631882138
4274,274,1,1635780026
4274,252,1,1631718046
4274,368,1,1631634593
4274,156,1,1633792041
4274,602,1,1636191775
4275,158,1,1634470169
4275,324,1,1615596324
4275,86,1,1617011300
4275,747,1,1614474740
4275,233,1,1610625533
4275,289,1,1616074728
4275,989,1,1626270445
4276,158,1,1634098543
4276,126,1,1644553313
4276,1054,1,1632117617
4276,951,1,1633879508
4276,973,1,1641443372
4276,283,1,1634556019
4277,158,1,1633766673
4277,274,1,1630735240
4277,889,1,1585541593
4277,644,1,1613096453
4277,368,1,1631508198
4277,646,1,1613057221
4278,158,1,1636785376
4278,807,1,1639817185
4278,757,1,1632154036
4278,321,1,1626505181
4278,671,1,1627543929
4278,617,1,1621246337
4278,285,1,1625556559
4278,692,1,1625553795
4278,1390,1,1620629053
4278,59,1,1636329869
4278,649,1,1622986117
4278,134,1,1625722874
4278,286,1,1626443379
4278,290,1,1597061942
4279,158,1,1636246350
4279,125,1,1586604491
4279,1070,1,1595207866
4279,971,1,1590816480
4279,744,1,1589285425
4279,127,1,1588310652
4280,158,1,1637690937
4280,757,1,1587031343
4280,561,1,1614684144
4280,1054,1,1604731409
4280,1480,1,1642333784
4280,281,1,1566486280
4280,969,1,1612980850
4280,416,1,1633768192
4280,16,1,1638779304
4280,413,1,1641949325
4281,158,1,1635472376
4281,272,1,1641828846
4281,862,1,1590815169
4281,125,1,1561045205
4281,1054,1,1604850943
4282,158,1,1635429416
4282,324,1,1615296196
4282,196,1,1633272398
4282,928,1,1633272814
4282,115,1,1613306241
4283,158,1,1635301994
4283,53,1,1633407187
4283,1515,1,1613390685
4283,226,1,1619954151
4283,609,1,1637572643
4284,158,1,1634437059
4284,819,1,1614165814
4284,101,1,1629376011
4284,180,1,1636288999
4284,482,1,1597238644
4285,158,1,1633881753
4285,643,1,1626004771
4285,123,1,1629529309
4285,134,1,1626005982
4285,989,1,1627041093
4286,158,1,1633846228
4286,384,1,1636348128
4286,233,1,1600704066
4286,777,1,1640843237
4286,306,1,1613211204
4287,158,1,1633762387
4287,1550,1,1628664198
4287,1473,1,1628578953
4287,274,1,1627544521
4287,430,1,1633923612
4287,416,1,1633766933
4287,101,1,1629874997
4288,1412,1,1567521392
4288,742,1,1619101612
4288,1070,1,1595241167
4288,971,1,1587653820
4288,731,1,1603619590
4289,1412,1,1544620793
4289,21,1,1641032082
4289,49,1,1572457171
4289,964,1,1635875485
4289,385,1,1631120807
4289,559,1,1645055340
4289,1039,1,1618240316
4290,1412,1,1568823805
4290,403,1,1568196717
4290,675,1,1645369866
4290,1161,1,1627901677
4290,883,1,1562519687
4291,1412,1,1544187376
4291,664,1,1594453442
4291,233,1,1600699673
4291,636,1,1570889025
4291,127,1,1573319174
4291,602,1,1615535965
4292,1412,1,1544285413
4292,114,1,1612894993
4292,725,1,1600220780
4292,1300,1,1643137056
4292,883,1,1562071070
4293,1412,1,1558830154
4293,126,1,1572347744
4293,127,1,1573304036
4293,128,1,1567765740
4293,283,1,1619181913
4294,1412,1,1545563015
4294,311,1,1628239754
4294,875,1,1632660714
4294,807,1,1626257882
4294,1231,1,1633787413
4294,125,1,1627622832
4294,1403,1,1642326156
4294,1244,1,1627916160
4295,1412,1,1544106608
4295,1270,1,1643084991
4295,226,1,1621075222
4295,971,1,1588602672
4295,1003,1,1591190606
4296,753,1,1644071735
4296,365,1,1613704528
4296,238,1,1602036496
4296,335,1,1642958976
4296,765,1,1643020386
4297,753,1,1643860474
4297,242,1,1607769632
4297,455,1,1607769483
4297,528,1,1642605287
4297,291,1,1614262154
4298,753,1,1643738100
4298,463,1,1642445015
4298,506,1,1642435212
4298,1390,1,1642008313
4298,23,1,1641987887
4298,24,1,1642434967
4299,1540,1,1621857628
4299,1545,1,1644775066
4299,890,1,1554357900
4299,1533,1,1607622307
4299,78,1,1596119156
4300,1540,1,1621610487
4300,338,1,1621948044
4300,1039,1,1617370633
4300,74,1,1631620165
4300,989,1,1623853336
4301,1540,1,1622010622
4301,1249,1,1618757717
4301,1501,1,1616319207
4301,1332,1,1632798998
4301,964,1,1637338743
4302,1540,1,1621600464
4302,1270,1,1635237307
4302,725,1,1636293798
4302,39,1,1600582688
4302,283,1,1620131480
4303,1540,1,1621605650
4303,1323,1,1624500183
4303,636,1,1571071063
4303,1232,1,1614383647
4303,508,1,1621104923
4303,653,1,1638606784
4304,1540,1,1623900423
4304,1218,1,1602647823
4304,875,1,1620883774
4304,503,1,1634607349
4304,883,1,1562033652
4305,1394,1,1636125448
4305,1131,1,1632214571
4305,1119,1,1622809856
4305,289,1,1617607157
4305,291,1,1617607763
4306,1394,1,1636198734
4306,873,1,1641374908
4306,1432,1,1644309555
4306,205,1,1643618231
4306,704,1,1605163231
4307,310,1,1623751405
4307,1037,1,1595499809
4307,356,1,1577941667
4307,672,1,1606555434
4307,246,1,1626864049
4308,310,1,1601583790
4308,1037,1,1579263042
4308,1310,1,1579122871
4308,985,1,1515857317
4308,126,1,1603735154
4309,310,1,1598974488
4309,190,1,1617800977
4309,1392,1,1622902498
4309,362,1,1617802744
4309,1393,1,1640240827
4309,289,1,1614604462
4309,192,1,1596264859
4310,310,1,1632369668
4310,356,1,1565198929
4310,757,1,1587019586
4310,96,1,1608906843
4310,53,1,1631616862
4311,310,1,1609929769
4311,126,1,1605070666
4311,295,1,1632991967
4311,133,1,1636195875
4311,128,1,1601626031
4312,310,1,1628113600
4312,485,1,1628092918
4312,37,1,1634923963
4312,540,1,1634972385
4312,444,1,1628040730
4312,60,1,1628101626
4312,171,1,1634975190
4312,39,1,1628100725
4312,13,1,1628034316
4313,310,1,1600593868
4313,1037,1,1600593355
4313,818,1,1597959964
4313,184,1,1601187460
4313,246,1,1600584327
4314,310,1,1601524784
4314,1070,1,1595392477
4314,184,1,1601524058
4314,971,1,1587668432
4314,744,1,1558112850
4315,310,1,1600925868
4315,277,1,1556280894
4315,234,1,1598614224
4315,683,1,1644726507
4315,1079,1,1630233473
4315,282,1,1558785016
4316,310,1,1600536236
4316,720,1,1629269975
4316,46,1,1609486249
4316,508,1,1621057602
4316,312,1,1589998477
4317,310,1,1601219247
4317,963,1,1638696944
4317,315,1,1643949089
4317,527,1,1638361882
4317,289,1,1617106937
4317,5,1,1641642059
4317,704,1,1605538499
4318,310,1,1607949620
4318,1037,1,1609414880
4318,402,1,1600263718
4318,1183,1,1617248522
4318,621,1,1623586825
4318,542,1,1633132825
4318,289,1,1616326545
4318,865,1,1569596711
4318,42,1,1616490753
4319,310,1,1598852469
4319,100,1,1630784486
4319,233,1,1600688169
4319,150,1,1615029425
4319,989,1,1623861606
4320,310,1,1617398310
4320,621,1,1615840315
4320,126,1,1572356302
4320,792,1,1632788159
4320,155,1,1565293111
4320,980,1,1582769300
4321,310,1,1598883023
4321,581,1,1587147023
4321,1218,1,1567319381
4321,289,1,1616429465
4321,1082,1,1600085088
4321,884,1,1590927130
4322,310,1,1631541296
4322,126,1,1616179479
4322,526,1,1645115928
4322,296,1,1627657078
4322,413,1,1611332972
4323,310,1,1598269756
4323,137,1,1600521934
4323,275,1,1581502219
4323,1082,1,1600660998
4323,433,1,1607452575
4324,719,1,1623388247
4324,766,1,1623389476
4324,1009,1,1629259363
4324,1005,1,1620487016
4324,20,1,1630134701
4325,719,1,1620198598
4325,796,1,1642778367
4325,1218,1,1601994519
4325,1392,1,1622431674
4325,242,1,1595242272
4325,1054,1,1616045348
4326,719,1,1618588201
4326,540,1,1633611002
4326,1119,1,1605504971
4326,444,1,1633596078
4326,114,1,1613292268
4326,171,1,1637742027
4326,30,1,1633873829
4327,719,1,1618382010
4327,38,1,1638628789
4327,243,1,1637079753
4327,196,1,1620304860
4327,58,1,1635353926
4327,488,1,1609242259
4327,777,1,1640247185
4327,761,1,1630248373
4328,719,1,1622250503
4328,1367,1,1621315141
4328,119,1,1645590729
4328,110,1,1628647045
4328,772,1,1645785204
4329,719,1,1618767000
4329,163,1,1617642891
4329,48,1,1641662166
4329,137,1,1618249296
4329,775,1,1617124991
4330,719,1,1630321285
4330,868,1,1627626444
4330,319,1,1630320635
4330,74,1,1631808742
4330,897,1,1630321580
4331,720,1,1628867442
4331,349,1,1633325707
4331,73,1,1642500695
4331,445,1,1631829748
4331,777,1,1642620162
4331,282,1,1568909070
4332,720,1,1629273424
4332,1073,1,1633712569
4332,1481,1,1641323458
4332,621,1,1629531206
4332,126,1,1600348196
4332,1293,1,1628936181
4332,965,1,1640171088
4332,101,1,1629522249
4333,720,1,1628958450
4333,426,1,1637338812
4333,339,1,1604495538
4333,1417,1,1628345353
4333,1562,1,1618920414
4334,720,1,1628865884
4334,742,1,1619104251
4334,149,1,1596721345
4334,731,1,1603511971
4334,437,1,1620912258
4334,42,1,1615209421
4334,415,1,1599138776
4335,720,1,1628875050
4335,790,1,1633531904
4335,951,1,1611668924
4335,662,1,1587012670
4335,229,1,1587108948
4335,638,1,1588866007
4336,720,1,1628863081
4336,919,1,1605690302
4336,49,1,1607680488
4336,251,1,1599641817
4336,114,1,1613041970
4336,426,1,1637586230
4336,252,1,1631188461
4336,338,1,1600402891
4336,437,1,1620903293
4336,433,1,1607424401
4336,101,1,1629461772
4336,180,1,1616767320
4336,42,1,1615125671
4337,720,1,1628860674
4337,426,1,1637385985
4337,397,1,1629373999
4337,253,1,1592008818
4337,739,1,1623238827
4337,306,1,1614160442
4338,720,1,1630395896
4338,170,1,1637160460
4338,109,1,1638013796
4338,252,1,1631254306
4338,368,1,1631526813
4338,101,1,1629567282
4339,720,1,1630284795
4339,170,1,1636100532
4339,853,1,1632297210
4339,792,1,1636133480
4339,981,1,1636621868
4340,720,1,1630193393
4340,885,1,1593410332
4340,149,1,1596809385
4340,1018,1,1585400810
4340,1023,1,1565525059
4341,720,1,1629771674
4341,196,1,1619796744
4341,1293,1,1628862621
4341,110,1,1627377561
4341,683,1,1644486892
4341,128,1,1567772980
4341,291,1,1613392291
4342,720,1,1629618153
4342,1150,1,1566549901
4342,149,1,1598153317
4342,384,1,1636453552
4342,212,1,1642698372
4342,403,1,1576139799
4342,965,1,1640460738
4342,602,1,1615654933
4343,720,1,1629144423
4343,742,1,1619100063
4343,356,1,1605123503
4343,238,1,1601787152
4343,731,1,1603872205
4344,720,1,1629061808
4344,170,1,1636373839
4344,890,1,1554912060
4344,403,1,1562081122
4344,602,1,1620578040
4345,720,1,1629035684
4345,731,1,1603552541
4345,101,1,1629402989
4345,180,1,1616774387
4345,42,1,1615308847
4346,1383,1,1627794949
4346,742,1,1619930609
4346,594,1,1616811455
4346,249,1,1620031439
4346,336,1,1630846279
4346,644,1,1624969648
4347,1383,1,1616240825
4347,594,1,1615025101
4347,643,1,1618825510
4347,552,1,1612626690
4347,134,1,1621589986
4348,516,1,1641474466
4348,1119,1,1611195867
4348,621,1,1616038715
4348,665,1,1644821260
4348,920,1,1610899857
4348,1125,1,1599548912
4348,1039,1,1617553398
4348,772,1,1644895656
4348,1247,1,1631101879
4348,27,1,1620757458
4349,516,1,1641402166
4349,1357,1,1640702803
4349,126,1,1637816614
4349,109,1,1637943155
4349,552,1,1637748700
4349,155,1,1637815995
4350,516,1,1640164094
4350,37,1,1636022680
4350,608,1,1635765881
4350,1249,1,1617371843
4350,873,1,1641474844
4350,609,1,1637045374
4350,1082,1,1599237441
4350,192,1,1596183796
4350,775,1,1616856678
4350,696,1,1642238447
4351,516,1,1639942877
4351,214,1,1632986246
4351,329,1,1630458206
4351,373,1,1571947616
4351,128,1,1575989106
4352,516,1,1639873805
4352,1311,1,1636626084
4352,792,1,1633093661
4352,249,1,1570147223
4352,947,1,1605499891
4353,516,1,1639842755
4353,1324,1,1638451724
4353,852,1,1622367497
4353,865,1,1568187978
4353,453,1,1608019776
4354,516,1,1639835715
4354,199,1,1488276392
4354,792,1,1632811840
4354,848,1,1607244615
4354,563,1,1554246987
4354,128,1,1567820672
4355,1056,1,1644211484
4355,1045,1,1623342066
4355,131,1,1639306200
4355,132,1,1640684567
4355,133,1,1636291971
4356,1056,1,1644222351
4356,1277,1,1583651746
4356,140,1,1589253590
4356,87,1,1614252115
4356,1052,1,1607619004
4357,1056,1,1644151563
4357,542,1,1632906323
4357,131,1,1638703130
4357,132,1,1640687476
4357,133,1,1636189754
4357,16,1,1638604383
4358,1056,1,1644164572
4358,1157,1,1642598027
4358,365,1,1596162640
4358,830,1,1631703052
4358,252,1,1631120833
4358,101,1,1631633583
4358,735,1,1587270650
4359,175,1,1639851746
4359,37,1,1634788458
4359,58,1,1642440191
4359,60,1,1621625926
4359,59,1,1642308611
4359,1178,1,1642950627
4359,5,1,1644685072
4360,1508,1,1532441497
4360,336,1,1564220845
4360,363,1,1562334676
4360,672,1,1607921083
4360,155,1,1563885845
4360,357,1,1564399179
4360,221,1,1579599106
4360,128,1,1567766651
4361,1508,1,1601292082
4361,1356,1,1591970157
4361,527,1,1638008316
4361,312,1,1597123150
4361,291,1,1612071205
4362,382,1,1640774233
4362,384,1,1641208317
4362,880,1,1640774840
4362,386,1,1640866706
4362,393,1,1640774467
4362,803,1,1641013851
4363,382,1,1617884871
4363,968,1,1604046544
4363,196,1,1619889593
4363,312,1,1604047443
4363,732,1,1604042410
4364,382,1,1638532952
4364,1042,1,1623070772
4364,827,1,1576840354
4364,393,1,1638533139
4364,803,1,1638533448
4365,1037,1,1605417848
4365,742,1,1619099853
4365,934,1,1596958018
4365,238,1,1614301927
4365,251,1,1599574717
4365,426,1,1637327215
4365,274,1,1630905017
4365,252,1,1631104364
4366,1037,1,1601227363
4366,698,1,1588787411
4366,902,1,1598243744
4366,282,1,1568727894
4366,1088,1,1581774730
4367,1037,1,1600543120
4367,277,1,1589983706
4367,526,1,1603139695
4367,1257,1,1598799693
4367,1180,1,1606065348
4367,646,1,1608723336
4367,883,1,1600361146
4368,1037,1,1622645442
4368,403,1,1544799245
4368,184,1,1611745122
4368,1252,1,1604775170
4368,246,1,1611744413
4369,1037,1,1607956340
4369,879,1,1630759439
4369,1392,1,1622991006
4369,1332,1,1637746136
4369,15,1,1630777185
4370,1037,1,1602912530
4370,46,1,1609473493
4370,109,1,1636451086
4370,662,1,1586162930
4370,761,1,1630058088
4370,357,1,1564466206
4371,1037,1,1607388738
4371,1418,1,1573967644
4371,1039,1,1618738600
4371,1071,1,1641744481
4371,1035,1,1621335643
4372,1037,1,1600949139
4372,481,1,1606914182
4372,637,1,1586010676
4372,278,1,1586784982
4372,282,1,1584594982
4373,1037,1,1624380015
4373,77,1,1623346933
4373,114,1,1639554044
4373,889,1,1589124159
4373,339,1,1638089122
4373,155,1,1622552807
4373,128,1,1617215119
4374,1037,1,1596888024
4374,384,1,1636080139
4374,636,1,1612252661
4374,732,1,1619332940
4374,453,1,1596426362
4375,1037,1,1589986486
4375,428,1,1577374023
4375,1102,1,1625281020
4375,1501,1,1616219206
4375,637,1,1573813251
4375,1023,1,1594825032
4376,1037,1,1618940010
4376,540,1,1633449401
4376,463,1,1641721093
4376,1390,1,1619786690
4376,296,1,1627300010
4377,766,1,1610022821
4377,330,1,1628637045
4377,242,1,1610874345
4377,371,1,1592805685
4377,1052,1,1594686501
4377,200,1,1604401091
4378,766,1,1643540113
4378,1102,1,1642555240
4378,1099,1,1643199478
4378,1071,1,1642294313
4378,115,1,1644463927
4379,766,1,1634469279
4379,757,1,1588335762
4379,879,1,1603281567
4379,234,1,1598972076
4379,672,1,1606585587
4379,840,1,1643673358
4380,1053,1,1579513788
4380,1277,1,1583773548
4380,1172,1,1640932773
4380,659,1,1601172331
4380,865,1,1569043480
4380,848,1,1586328127
4380,1088,1,1579531435
4381,1053,1,1580576305
4381,321,1,1566255037
4381,281,1,1566491965
4381,249,1,1570459995
4381,637,1,1568713384
4381,372,1,1591014501
4381,645,1,1568195354
4381,373,1,1562493623
4382,1053,1,1614514028
4382,1550,1,1628169003
4382,661,1,1624592904
4382,215,1,1617108504
4382,386,1,1630042233
4382,1052,1,1614774175
4382,973,1,1631282338
4382,286,1,1615862728
4383,1053,1,1589967047
4383,885,1,1592116152
4383,879,1,1601507137
4383,290,1,1594542069
4383,510,1,1630410491
4384,1053,1,1581234889
4384,594,1,1615025814
4384,792,1,1632757685
4384,15,1,1629737345
4384,73,1,1642567161
4385,1053,1,1578423461
4385,49,1,1573790117
4385,636,1,1571100771
4385,637,1,1568857919
4385,363,1,1562340882
4385,1211,1,1643352504
4386,1053,1,1577137406
4386,190,1,1615744366
4386,77,1,1607841763
4386,289,1,1616349209
4386,17,1,1640082684
4387,1053,1,1629443420
4387,196,1,1632379392
4387,77,1,1632056912
4387,238,1,1627882671
4387,473,1,1633587631
4387,267,1,1627802760
4388,1053,1,1581598200
4388,561,1,1614976239
4388,481,1,1609338250
4388,1368,1,1632574535
4388,329,1,1629643028
4388,143,1,1634136832
4389,1260,1,1607197739
4389,540,1,1634817937
4389,226,1,1619928915
4389,775,1,1617455891
4389,509,1,1635736074
4390,1260,1,1607435077
4390,789,1,1631166532
4390,36,1,1633596859
4390,96,1,1605635782
4390,74,1,1633598255
4391,1260,1,1607079999
4391,1039,1,1618391471
4391,1336,1,1513038448
4391,859,1,1589910045
4391,981,1,1635986262
4392,1260,1,1606644288
4392,1263,1,1611590501
4392,1491,1,1629793663
4392,889,1,1606645319
4392,207,1,1606644470
4393,1535,1,1574779318
4393,461,1,1629974442
4393,964,1,1635586775
4393,1187,1,1616996354
4393,229,1,1593870127
4394,1535,1,1550910925
4394,609,1,1636637360
4394,349,1,1633862247
4394,503,1,1635082068
4394,989,1,1623923333
4395,1535,1,1551092335
4395,1147,1,1638862461
4395,233,1,1600762327
4395,1099,1,1637993749
4395,602,1,1623241092
4396,1535,1,1643468303
4396,1183,1,1619075717
4396,890,1,1553916884
4396,1270,1,1641157780
4396,932,1,1628926262
4396,283,1,1635715903
4397,1535,1,1623593753
4397,875,1,1636392921
4397,540,1,1633662507
4397,905,1,1637393131
4397,187,1,1636393169
4398,913,1,1627766625
4398,48,1,1643172585
4398,526,1,1639220071
4398,426,1,1637387718
4398,386,1,1643173501
4399,913,1,1624864230
4399,1293,1,1628863490
4399,665,1,1624626275
4399,1563,1,1642816091
4399,1328,1,1597660632
4399,15,1,1634581571
4400,913,1,1624526092
4400,1131,1,1632189814
4400,350,1,1621169420
4400,5,1,1641903861
4400,884,1,1590923375
4401,913,1,1628397671
4401,1131,1,1632116115
4401,1277,1,1597746225
4401,643,1,1626768531
4401,126,1,1603448632
4401,385,1,1631696654
4401,542,1,1633657983
4401,672,1,1607143316
4401,848,1,1607063926
4401,775,1,1617333917
4402,913,1,1625203198
4402,621,1,1619108410
4402,665,1,1619086507
4402,221,1,1581942698
4402,646,1,1610621515
4403,913,1,1625218081
4403,149,1,1596789676
4403,403,1,1548479890
4403,274,1,1631257590
4403,1233,1,1619461765
4403,16,1,1638865506
4404,913,1,1624799368
4404,159,1,1594825967
4404,1070,1,1595309476
4404,744,1,1587875543
4404,833,1,1619977232
4405,913,1,1624958774
4405,403,1,1573626723
4405,196,1,1619862603
4405,233,1,1600850749
4405,150,1,1615038998
4405,415,1,1599135111
4406,913,1,1642951331
4406,1062,1,1642254359
4406,1178,1,1642719897
4406,131,1,1638695265
4406,1039,1,1617510687
4406,368,1,1630714748
4406,290,1,1616855682
4407,1564,1,1642226949
4407,843,1,1624253841
4407,995,1,1639389821
4407,540,1,1640180620
4407,1119,1,1600648687
4407,830,1,1631703701
4407,22,1,1635764480
4407,137,1,1621602683
4407,1054,1,1619701889
4407,1326,1,1627744788
4407,78,1,1636023109
4407,128,1,1606463543
4408,1564,1,1642349888
4408,1150,1,1570034118
4408,1392,1,1622411918
4408,559,1,1646035139
4408,902,1,1605161515
4408,884,1,1590166979
4409,1564,1,1642510841
4409,1357,1,1617566307
4409,444,1,1630601874
4409,30,1,1630419249
4409,13,1,1630655327
4410,1138,1,1644239825
4410,1324,1,1633045260
4410,49,1,1574414042
4410,1165,1,1633161148
4410,289,1,1616398713
4410,416,1,1633777908
4410,357,1,1564496852
4411,1138,1,1644225760
4411,790,1,1635161925
4411,985,1,1530945790
4411,1324,1,1633050033
4411,450,1,1593950820
4412,627,1,1643956956
4412,1343,1,1644574394
4412,1278,1,1644899363
4412,508,1,1647007127
4412,453,1,1645644706
4412,30,1,1647694727
4413,627,1,1634985568
4413,505,1,1643805199
4413,22,1,1643806053
4413,1123,1,1646725451
4413,824,1,1595347750
4414,627,1,1625488395
4414,1510,1,1642743260
4414,763,1,1628746149
4414,1071,1,1642430593
4414,1468,1,1641735551
4415,1227,1,1564686872
4415,1070,1,1595168401
4415,184,1,1601131787
4415,1339,1,1622266476
4415,238,1,1621025944
4415,731,1,1619862242
4416,1227,1,1586071853
4416,951,1,1612862433
4416,97,1,1595059241
4416,509,1,1644210451
4416,735,1,1589731655
4417,1227,1,1577639101
4417,985,1,1571148476
4417,1119,1,1600603537
4417,1403,1,1642870029
4417,1022,1,1604716780
4418,1227,1,1587770913
4418,100,1,1630740215
4418,26,1,1630002318
4418,128,1,1594411022
4418,283,1,1619466700
4419,1227,1,1615677820
4419,1357,1,1645197346
4419,15,1,1642358585
4419,416,1,1642614631
4419,932,1,1642356798
4420,1227,1,1586416482
4420,757,1,1636261397
4420,594,1,1633598529
4420,629,1,1592319869
4420,363,1,1645865060
4421,1227,1,1572373930
4421,1357,1,1616870843
4421,1537,1,1636822782
4421,1244,1,1622646222
4421,1052,1,1595270265
4422,702,1,1635831224
4422,46,1,1609668443
4422,426,1,1637640806
4422,274,1,1629447665
4422,445,1,1632016624
4422,290,1,1625989960
4423,702,1,1592907827
4423,743,1,1608783710
4423,594,1,1617856381
4423,1079,1,1630144135
4423,207,1,1605713394
4424,702,1,1588396356
4424,233,1,1600686587
4424,1123,1,1593939288
4424,143,1,1634208788
4424,739,1,1626577985
4425,1150,1,1566836564
4425,1050,1,1626768670
4425,1257,1,1566730282
4425,339,1,1570022277
4425,290,1,1585489452
4425,981,1,1636352943
4426,1150,1,1574348784
4426,356,1,1568541961
4426,1357,1,1643144902
4426,110,1,1627378892
4426,246,1,1600488924
4426,575,1,1642198908
4426,660,1,1638171831
4426,509,1,1635744519
4427,1150,1,1569332223
4427,885,1,1594725343
4427,1318,1,1626878326
4427,1054,1,1604930797
4427,200,1,1608972254
4427,1071,1,1641834485
4428,1150,1,1568364878
4428,843,1,1613445874
4428,885,1,1592147739
4428,648,1,1528494350
4428,200,1,1578838356
4429,1150,1,1571917716
4429,757,1,1632669712
4429,594,1,1616670326
4429,609,1,1636443246
4429,249,1,1579488226
4429,278,1,1580963426
4430,402,1,1592968581
4430,581,1,1585925098
4430,149,1,1596852898
4430,163,1,1609118461
4430,1032,1,1611667402
4431,402,1,1596763425
4431,1503,1,1594648587
4431,349,1,1635039199
4431,508,1,1631304119
4431,290,1,1620137728
4432,402,1,1625982589
4432,356,1,1567854532
4432,277,1,1580653944
4432,637,1,1586622893
4432,427,1,1646287465
4433,402,1,1621226680
4433,875,1,1629302068
4433,26,1,1629120711
4433,1022,1,1605242296
4433,969,1,1619395806
4434,402,1,1601728064
4434,688,1,1629713957
4434,418,1,1629787820
4434,362,1,1613486977
4434,1199,1,1643082859
4434,143,1,1634215530
4435,1009,1,1639093703
4435,757,1,1638610215
4435,847,1,1640861827
4435,1123,1,1641810433
4435,289,1,1641805271
4435,896,1,1639475732
4436,1009,1,1633502967
4436,20,1,1639895314
4436,898,1,1627219912
4436,665,1,1622875484
4436,1328,1,1620109546
4436,542,1,1633068422
4436,437,1,1621771745
4436,306,1,1617621108
4437,1009,1,1632201270
4437,20,1,1633858746
4437,790,1,1634079815
4437,618,1,1635158454
4437,1014,1,1633849577
4437,74,1,1634079269
4437,339,1,1634952865
4437,350,1,1634165266
4437,290,1,1632747211
4437,510,1,1634079576
4437,151,1,1634953229
4438,1009,1,1630581887
4438,485,1,1633595084
4438,1098,1,1635764668
4438,1102,1,1631769708
4438,1256,1,1633855271
4438,692,1,1642511067
4438,372,1,1635163724
4438,973,1,1634812629
4438,989,1,1637671517
4439,1565,1,1636825171
4439,1550,1,1627911409
4439,444,1,1627701904
4439,38,1,1640698404
4439,242,1,1629254616
4439,275,1,1627543040
4439,371,1,1627482617
4439,969,1,1627482456
4439,373,1,1627542617
4440,1130,1,1622184557
4440,384,1,1636197688
4440,459,1,1632425391
4440,763,1,1626929678
4440,947,1,1605522774
4440,78,1,1595393833
4441,1130,1,1634460783
4441,384,1,1640511396
4441,1515,1,1627286337
4441,22,1,1634300116
4441,186,1,1641306062
4441,78,1,1626503266
4442,1130,1,1622657712
4442,1277,1,1585071028
4442,211,1,1636231141
4442,545,1,1623431283
4442,87,1,1614191093
4442,24,1,1641745795
4442,286,1,1646031657
4443,1130,1,1621383201
4443,1501,1,1615769466
4443,621,1,1615932190
4443,437,1,1620909222
4443,180,1,1616760811
4443,42,1,1615115034
4444,682,1,1589006206
4444,1238,1,1588997063
4444,1278,1,1634243822
4444,16,1,1642441128
4444,30,1,1633167790
4444,283,1,1623014320
4445,682,1,1584359196
4445,747,1,1576221645
4445,481,1,1609577699
4445,1244,1,1610856293
4445,373,1,1570174027
4446,682,1,1586003301
4446,38,1,1638674880
4446,132,1,1641742798
4446,87,1,1621178054
4446,254,1,1641570587
4446,653,1,1639317652
4447,485,1,1634388806
4447,852,1,1632151478
4447,662,1,1632129522
4447,644,1,1640438130
4447,672,1,1632531434
4447,111,1,1632153569
4448,1566,1,1638532489
4448,995,1,1641027930
4448,1119,1,1619614227
4448,1455,1,1641833279
4448,150,1,1615303283
4448,296,1,1627406128
4448,246,1,1613051051
4449,1566,1,1630329198
4449,1151,1,1641642572
4449,1551,1,1634133159
4449,1125,1,1598620642
4449,658,1,1610602303
4449,39,1,1600168981
4449,1493,1,1625963046
4450,1410,1,1642635404
4450,1292,1,1613328786
4450,362,1,1610858198
4450,1141,1,1599245052
4450,371,1,1587375689
4450,883,1,1561870152
4450,187,1,1584816195
4450,27,1,1641466342
4451,1410,1,1642519708
4451,1074,1,1625580858
4451,545,1,1623677263
4451,1501,1,1621764860
4451,964,1,1636378503
4451,1326,1,1622130791
4451,939,1,1625292027
4451,437,1,1621089040
4452,512,1,1644325525
4452,1232,1,1637233258
4452,289,1,1633487821
4452,777,1,1641472798
4452,372,1,1644320241
4453,512,1,1643707201
4453,242,1,1595310083
4453,372,1,1590970066
4453,989,1,1624376476
4453,589,1,1641989943
4454,742,1,1620733256
4454,46,1,1633265295
4454,238,1,1620734149
4454,731,1,1620736665
4454,510,1,1638095226
4455,742,1,1619831905
4455,790,1,1637007686
4455,243,1,1636643691
4455,23,1,1642761630
4455,589,1,1642130672
4456,742,1,1619235662
4456,879,1,1616810834
4456,594,1,1616072393
4456,339,1,1626587943
4456,111,1,1612825120
4456,101,1,1629675427
4456,373,1,1627100529
4457,742,1,1619105451
4457,238,1,1601627533
4457,731,1,1603615806
4457,1082,1,1598949040
4457,180,1,1616754163
4457,42,1,1615115750
4457,482,1,1597244036
4458,742,1,1619920905
4458,885,1,1596957843
4458,1392,1,1623478788
4458,114,1,1614358744
4458,101,1,1629475369
4458,306,1,1614100388
4459,742,1,1619366300
4459,843,1,1593278105
4459,86,1,1619368796
4459,852,1,1586624963
4459,662,1,1586503196
4460,742,1,1619244178
4460,1356,1,1599376068
4460,1392,1,1622726346
4460,664,1,1629370776
4460,1232,1,1628756294
4460,253,1,1607194393
4460,437,1,1620916783
4461,742,1,1619099723
4461,1269,1,1635087123
4461,114,1,1612958821
4461,731,1,1603633595
4461,306,1,1613195961
4462,742,1,1619173799
4462,125,1,1561104958
4462,664,1,1594186792
4462,150,1,1615027475
4462,110,1,1627398731
4462,253,1,1591961746
4462,508,1,1622791085
4462,39,1,1600009195
4462,13,1,1606993224
4462,283,1,1620523864
4462,306,1,1612868916
4463,742,1,1619160956
4463,97,1,1578682878
4463,731,1,1603707071
4463,437,1,1620907083
4463,180,1,1616927385
4463,42,1,1617959515
4464,742,1,1622656789
4464,751,1,1631263139
4464,36,1,1633331366
4464,324,1,1639106336
4464,26,1,1631462041
4464,48,1,1641661779
4464,74,1,1631461028
4465,742,1,1626560004
4465,84,1,1638283722
4465,46,1,1610826093
4465,114,1,1612910325
4465,653,1,1638999450
4466,742,1,1619418954
4466,426,1,1637418848
4466,252,1,1631165009
4466,110,1,1628688360
4466,437,1,1621152607
4467,742,1,1619104041
4467,1503,1,1510071938
4467,594,1,1615127833
4467,481,1,1606723707
4467,467,1,1638533595
4467,385,1,1631147571
4467,658,1,1566200436
4467,989,1,1623861749
4468,742,1,1620299303
4468,1403,1,1642678533
4468,252,1,1631113126
4468,833,1,1620118190
4468,296,1,1627505917
4469,742,1,1619116789
4469,281,1,1566468127
4469,1336,1,1537613323
4469,221,1,1579617651
4469,128,1,1600885675
4470,742,1,1619103738
4470,46,1,1609504447
4470,281,1,1566502084
4470,336,1,1564293729
4470,989,1,1623863221
4471,742,1,1619308157
4471,384,1,1637677234
4471,463,1,1643813571
4471,251,1,1600173296
4471,735,1,1588589182
4472,742,1,1619152442
4472,581,1,1631453405
4472,159,1,1594832955
4472,46,1,1609480234
4472,1035,1,1621186254
4472,735,1,1590217214
4473,968,1,1596894573
4473,1123,1,1616313917
4473,336,1,1580631748
4473,1522,1,1628000564
4473,363,1,1596896638
4473,282,1,1580695477
4474,968,1,1611394802
4474,963,1,1640430508
4474,1070,1,1595496822
4474,917,1,1637126868
4474,295,1,1631890725
4474,792,1,1641887135
4474,132,1,1641653306
4474,589,1,1642049407
4475,968,1,1598788722
4475,990,1,1596550696
4475,77,1,1608041489
4475,229,1,1596602188
4475,1082,1,1599972704
4476,968,1,1598344041
4476,324,1,1613417353
4476,594,1,1615041727
4476,688,1,1628849654
4476,285,1,1589692064
4476,508,1,1620989860
4476,644,1,1611125463
4476,312,1,1598344871
4477,968,1,1610102661
4477,186,1,1641428294
4477,1346,1,1634899927
4477,858,1,1600072764
4477,453,1,1634366593
4477,1247,1,1631255874
4478,968,1,1594011843
4478,716,1,1642410605
4478,1375,1,1644378498
4478,160,1,1587133701
4478,1163,1,1615016618
4479,1131,1,1639696897
4479,126,1,1573767022
4479,418,1,1635198315
4479,214,1,1635080795
4479,660,1,1638023049
4480,1131,1,1632198714
4480,890,1,1568011780
4480,609,1,1636098389
4480,792,1,1632647959
4480,200,1,1578452157
4480,5,1,1643077775
4481,1131,1,1632126690
4481,1324,1,1633110906
4481,274,1,1635300128
4481,1232,1,1629421501
4481,1301,1,1615973365
4482,1131,1,1632317178
4482,581,1,1598291140
4482,1392,1,1622438205
4482,1293,1,1628952609
4482,559,1,1645002645
4483,1131,1,1632316610
4483,1470,1,1598010845
4483,1263,1,1599661062
4483,459,1,1632837060
4483,214,1,1632765243
4484,1131,1,1632138980
4484,311,1,1618755882
4484,789,1,1630827367
4484,60,1,1620913959
4484,589,1,1642052170
4485,1131,1,1632126807
4485,502,1,1642348469
4485,980,1,1596798076
4485,333,1,1644068524
4485,1211,1,1642074929
4485,31,1,1642996252
4486,1131,1,1632141610
4486,608,1,1636723061
4486,698,1,1627283361
4486,792,1,1632744454
4486,1252,1,1632990906
4486,155,1,1633874738
4486,696,1,1642230729
4487,1131,1,1632147841
4487,919,1,1606042672
4487,311,1,1618788990
4487,163,1,1610795520
4487,621,1,1616656001
4487,636,1,1570876450
4487,335,1,1631289974
4487,42,1,1615109855
4488,1131,1,1632515484
4488,371,1,1586524660
4488,848,1,1586199450
4488,78,1,1595349303
4488,254,1,1641484295
4488,128,1,1581241918
4489,1131,1,1632303969
4489,170,1,1635913633
4489,196,1,1619959192
4489,453,1,1595789202
4489,981,1,1637175789
4490,963,1,1638680927
4490,790,1,1633578438
4490,37,1,1635405799
4490,163,1,1609055764
4490,243,1,1636646346
4490,725,1,1624266220
4490,775,1,1617820637
4491,963,1,1639996511
4491,36,1,1633406259
4491,319,1,1620890940
4491,1235,1,1636811212
4491,285,1,1612951757
4491,761,1,1631349841
4492,963,1,1639961874
4492,365,1,1596284443
4492,196,1,1640123180
4492,455,1,1597617415
4492,644,1,1611130431
4493,963,1,1639138092
4493,21,1,1640749408
4493,688,1,1628681684
4493,528,1,1640923484
4493,17,1,1640142362
4494,963,1,1639030197
4494,969,1,1582206580
4494,1232,1,1591355320
4494,59,1,1644802173
4494,1050,1,1627168659
4494,78,1,1632897196
4494,245,1,1598674486
4495,963,1,1640719196
4495,53,1,1633103090
4495,196,1,1621082591
4495,636,1,1572418539
4495,295,1,1631441533
4495,15,1,1630414465
4495,5,1,1641644372
4495,696,1,1642262205
4496,963,1,1639485833
4496,100,1,1630813158
4496,1052,1,1589102063
4496,660,1,1638719071
4496,509,1,1635766530
4496,13,1,1607133009
4497,963,1,1639132256
4497,505,1,1629180536
4497,275,1,1581390490
4497,249,1,1570205978
4497,15,1,1629720320
4497,1199,1,1643094188
4497,841,1,1564198123
4497,357,1,1564450980
4497,115,1,1614873157
4498,963,1,1638787704
4498,757,1,1637298858
4498,4,1,1641773905
4498,24,1,1641876274
4498,16,1,1639112081
4498,1567,1,1643706823
4499,963,1,1638787364
4499,226,1,1618745383
4499,1256,1,1613885558
4499,1115,1,1641218754
4499,373,1,1615615306
4499,5,1,1643187314
4500,963,1,1642801111
4500,808,1,1616943186
4500,561,1,1614783433
4500,643,1,1620921619
4500,140,1,1589412267
4500,252,1,1632764335
4501,963,1,1638685503
4501,36,1,1633887887
4501,459,1,1632296085
4501,770,1,1641553537
4501,510,1,1630319721
4501,1246,1,1638027937
4501,765,1,1644421014
4501,602,1,1615553605
4502,963,1,1639892804
4502,196,1,1621162489
4502,1052,1,1620220780
4502,363,1,1562700775
4502,732,1,1552290619
4503,1064,1,1572411935
4503,356,1,1554868972
4503,879,1,1608292073
4503,1416,1,1624814254
4503,362,1,1639647848
4503,256,1,1642821784
4503,1387,1,1636361846
4504,1064,1,1571137716
4504,64,1,1642591702
4504,1310,1,1580650089
4504,163,1,1609038494
4504,125,1,1561095077
4504,77,1,1607513448
4504,137,1,1611482161
4504,281,1,1566474875
4504,249,1,1570022086
4504,143,1,1636284296
4504,653,1,1640532924
4505,1064,1,1601874420
4505,125,1,1563358363
4505,1070,1,1595231076
4505,1142,1,1580787847
4505,1180,1,1533382427
4506,1064,1,1571153079
4506,873,1,1645458896
4506,242,1,1595263139
4506,467,1,1638537429
4506,996,1,1591967650
4506,1199,1,1643088774
4506,336,1,1564233713
4507,1064,1,1581731787
4507,643,1,1618832015
4507,692,1,1609639817
4507,552,1,1612604432
4507,775,1,1616849142
4508,1064,1,1571264368
4508,879,1,1601366400
4508,184,1,1601110669
4508,853,1,1571715893
4508,883,1,1586011535
4509,1064,1,1571147810
4509,127,1,1573362933
4509,278,1,1573393305
4509,889,1,1575890148
4509,286,1,1574853258
4510,1064,1,1572608411
4510,581,1,1587210172
4510,64,1,1642584189
4510,211,1,1637510721
4510,505,1,1634831675
4510,467,1,1638505877
4510,1199,1,1643081875
4510,521,1,1641094621
4510,427,1,1641707342
4510,775,1,1617287715
4510,283,1,1620553568
4510,1521,1,1644317040
4510,589,1,1642258618
4511,1064,1,1571226937
4511,1147,1,1643286661
4511,249,1,1610172877
4511,229,1,1587221894
4511,415,1,1599283248
4512,1064,1,1571144884
4512,428,1,1567620491
4512,1269,1,1634853442
4512,819,1,1618923610
4512,289,1,1622067798
4512,646,1,1642415047
4513,1064,1,1584493759
4513,594,1,1615025468
4513,528,1,1640424347
4513,73,1,1642498700
4513,1079,1,1630147046
4513,989,1,1623835174
4514,20,1,1643114880
4514,1013,1,1643895768
4514,21,1,1644070432
4514,841,1,1644125613
4514,646,1,1643893181
4515,20,1,1640940936
4515,526,1,1626683917
4515,617,1,1630584225
4515,160,1,1626800784
4515,827,1,1629157427
4516,20,1,1642316205
4516,790,1,1637835020
4516,26,1,1637835863
4516,908,1,1637465023
4516,1358,1,1645619185
4517,356,1,1564295463
4517,311,1,1618761120
4517,149,1,1596735900
4517,184,1,1601137210
4517,150,1,1615097850
4517,296,1,1627352684
4517,413,1,1610890187
4518,356,1,1581251471
4518,422,1,1644420753
4518,413,1,1614441924
4518,254,1,1640170642
4518,976,1,1645361582
4519,356,1,1564064590
4519,163,1,1609365342
4519,242,1,1595352309
4519,972,1,1580016621
4519,732,1,1573619546
4519,883,1,1564839008
4520,356,1,1555580292
4520,100,1,1630751612
4520,154,1,1600446178
4520,87,1,1616423865
4520,97,1,1577031773
4520,101,1,1630738511
4520,563,1,1555169476
4521,356,1,1558180353
4521,1489,1,1636064487
4521,654,1,1567341423
4521,928,1,1628620283
4521,312,1,1589974809
4521,151,1,1575369966
4522,356,1,1578400954
4522,1310,1,1578403699
4522,1392,1,1623885223
4522,1481,1,1622855348
4522,527,1,1638012402
4522,277,1,1644502585
4522,289,1,1623585119
4522,5,1,1641636441
4523,356,1,1554036126
4523,37,1,1635237846
4523,64,1,1642607639
4523,644,1,1641827740
4523,896,1,1615730010
4523,908,1,1636728209
4524,356,1,1573341730
4524,242,1,1596388400
4524,1099,1,1639394164
4524,455,1,1624103170
4524,732,1,1569946812
4524,78,1,1595343610
4524,563,1,1554205854
4525,1157,1,1642641868
4525,975,1,1629802178
4525,1277,1,1620947689
4525,335,1,1631292122
4525,1045,1,1624791156
4526,1381,1,1643414633
4526,594,1,1615048227
4526,643,1,1618825784
4526,335,1,1631417898
4526,333,1,1644061656
4527,581,1,1594408203
4527,238,1,1601821484
4527,889,1,1597599919
4527,731,1,1604229266
4527,482,1,1598321054
4528,581,1,1587716369
4528,1232,1,1605865588
4528,430,1,1587728758
4528,97,1,1594238499
4528,1164,1,1587720904
4528,1300,1,1587166265
4528,128,1,1587033145
4529,581,1,1586103797
4529,233,1,1600687143
4529,251,1,1599658630
4529,426,1,1637573760
4529,274,1,1625914259
4529,252,1,1631113993
4529,397,1,1629476392
4529,110,1,1627468788
4529,368,1,1630153344
4529,207,1,1607266108
4529,306,1,1614147181
4530,581,1,1617900897
4530,149,1,1596728746
4530,467,1,1638537223
4530,429,1,1592836563
4530,1473,1,1612115137
4530,119,1,1645367102
4530,373,1,1562434064
4530,981,1,1642941803
4530,602,1,1616841248
4531,581,1,1586067828
4531,1310,1,1578989209
4531,46,1,1609500468
4531,1070,1,1595170996
4531,15,1,1629687382
4531,932,1,1629264980
4531,731,1,1603537495
4532,581,1,1588847299
4532,1470,1,1598164179
4532,1324,1,1636027056
4532,196,1,1641650875
4532,418,1,1629541741
4532,467,1,1638681737
4532,983,1,1634320629
4532,1252,1,1642518128
4533,919,1,1605611153
4533,995,1,1639816630
4533,890,1,1568086882
4533,637,1,1569036672
4533,386,1,1631245616
4534,919,1,1606493238
4534,1013,1,1645018292
4534,618,1,1634996359
4534,23,1,1642060756
4534,253,1,1598154698
4534,1257,1,1594361816
4535,919,1,1605637666
4535,1183,1,1618311496
4535,100,1,1636852861
4535,879,1,1621950115
4535,1403,1,1643352783
4535,1479,1,1583761991
4535,1147,1,1643032542
4535,664,1,1595882069
4535,675,1,1636554908
4535,735,1,1589399895
4536,919,1,1605710425
4536,170,1,1635877657
4536,226,1,1625218043
4536,58,1,1635693902
4536,1244,1,1624459117
4536,16,1,1638789163
4537,919,1,1607128764
4537,819,1,1611979292
4537,1558,1,1598876047
4537,21,1,1641672156
4537,1252,1,1601856817
4538,919,1,1605689907
4538,789,1,1631288794
4538,226,1,1618816143
4538,1424,1,1634305972
4538,761,1,1631162587
4538,510,1,1631377368
4538,589,1,1641989558
4539,311,1,1623128716
4539,985,1,1544031355
4539,1291,1,1600500781
4539,979,1,1592142454
4539,137,1,1600497431
4539,1003,1,1592374651
4539,413,1,1610968757
4540,311,1,1620228639
4540,53,1,1631543606
4540,418,1,1629629656
4540,15,1,1630055893
4540,502,1,1642331129
4541,311,1,1620834924
4541,858,1,1598473439
4541,274,1,1626003163
4541,267,1,1622978963
4541,1035,1,1621187970
4541,660,1,1639677832
4542,311,1,1620849520
4542,9,1,1612096013
4542,242,1,1611320112
4542,243,1,1636221270
4542,916,1,1617853421
4542,932,1,1628909677
4542,143,1,1634037899
4542,333,1,1644052664
4543,311,1,1618918493
4543,1386,1,1635041788
4543,1054,1,1604710823
4543,256,1,1643989439
4543,201,1,1627376501
4543,291,1,1612109265
4544,311,1,1621828158
4544,1367,1,1623213311
4544,430,1,1622475496
4544,1413,1,1619601472
4544,786,1,1619935097
4545,1171,1,1622657923
4545,1269,1,1635992453
4545,1324,1,1633899941
4545,444,1,1625846871
4545,81,1,1642247161
4546,1171,1,1622570162
4546,1501,1,1618833104
4546,1054,1,1616781683
4546,951,1,1598385536
4546,521,1,1639597380
4546,965,1,1638651818
4546,1052,1,1600962421
4547,1171,1,1624666153
4547,1102,1,1630136635
4547,770,1,1645924766
4547,429,1,1624401752
4547,1244,1,1630800255
4548,1171,1,1633955120
4548,37,1,1635054201
4548,439,1,1643169391
4548,1039,1,1617446088
4548,833,1,1620048821
4548,739,1,1623155874
4549,1171,1,1622648240
4549,975,1,1630070562
4549,545,1,1626619301
4549,226,1,1619002063
4549,542,1,1634254710
4549,786,1,1619829304
4549,155,1,1622459467
4550,1171,1,1622561886
4550,84,1,1642606408
4550,274,1,1630822636
4550,509,1,1635916466
4550,1417,1,1628823614
4551,1327,1,1595083791
4551,540,1,1633851510
4551,444,1,1633852090
4551,226,1,1620949111
4551,171,1,1634739369
4551,1050,1,1627967322
4551,13,1,1632666147
4551,989,1,1626221925
4552,1327,1,1590236197
4552,890,1,1553064924
4552,281,1,1566474724
4552,430,1,1564754119
4552,638,1,1567608544
4552,286,1,1574860143
4553,1327,1,1588918830
4553,126,1,1594201758
4553,508,1,1633856164
4553,128,1,1587106329
4553,735,1,1587528239
4554,1218,1,1615544057
4554,799,1,1644261276
4554,1291,1,1617902024
4554,338,1,1585426702
4554,373,1,1622294442
4555,1218,1,1611400402
4555,612,1,1619352588
4555,1403,1,1641563193
4555,1332,1,1632148990
4555,277,1,1609532128
4555,928,1,1628267067
4555,289,1,1616857037
4555,445,1,1631964577
4555,660,1,1638630972
4556,1218,1,1607263265
4556,335,1,1631761527
4556,523,1,1614170815
4556,521,1,1639487029
4556,932,1,1628946302
4557,1218,1,1601546164
4557,403,1,1598779970
4557,665,1,1636877258
4557,415,1,1599138265
4557,775,1,1636877986
4558,1218,1,1563448024
4558,665,1,1612981934
4558,49,1,1572155544
4558,132,1,1640694843
4558,291,1,1612114643
4559,1218,1,1625160469
4559,875,1,1620908254
4559,1343,1,1642847691
4559,1326,1,1623735453
4559,453,1,1642335064
4560,1218,1,1614915253
4560,1269,1,1634813744
4560,628,1,1616610294
4560,444,1,1634705758
4560,38,1,1639239875
4560,126,1,1619707685
4560,969,1,1617086259
4561,1218,1,1563410877
4561,384,1,1636051147
4561,1382,1,1590133924
4561,23,1,1640910899
4561,392,1,1611728106
4562,1218,1,1612588922
4562,875,1,1644319273
4562,612,1,1587959274
4562,196,1,1619963407
4562,362,1,1610808663
4562,339,1,1573304439
4563,1218,1,1591577152
4563,160,1,1590953855
4563,972,1,1590991419
4563,229,1,1586072275
4563,78,1,1599639377
4564,1218,1,1640253764
4564,1403,1,1642506738
4564,385,1,1632735616
4564,295,1,1644054103
4564,416,1,1633834729
4564,932,1,1633871762
4564,1300,1,1638879344
4565,1214,1,1643643162
4565,1303,1,1626182361
4565,1062,1,1609337533
4565,200,1,1607828362
4565,1300,1,1594623368
4566,1214,1,1643558013
4566,125,1,1611486312
4566,996,1,1590767011
4566,902,1,1597920304
4566,101,1,1629385759
4566,1065,1,1585234481
4567,1214,1,1643553691
4567,594,1,1615031108
4567,1222,1,1638621717
4567,1166,1,1636886425
4567,552,1,1612619174
4567,143,1,1634553989
4568,1290,1,1642234973
4568,754,1,1618090269
4568,850,1,1596356821
4568,847,1,1588444026
4568,1256,1,1592128687
4568,865,1,1569706004
4568,848,1,1593944489
4569,898,1,1629277610
4569,1547,1,1636801412
4569,643,1,1634316665
4569,58,1,1642487697
4569,618,1,1634964318
4569,281,1,1631284304
4569,74,1,1634046622
4569,989,1,1632584205
4570,898,1,1639029211
4570,757,1,1620083405
4570,1270,1,1638600473
4570,1325,1,1638600316
4570,154,1,1619559964
4570,290,1,1599797828
4570,283,1,1621329150
4571,898,1,1628812047
4571,789,1,1630211633
4571,1269,1,1634986196
4571,487,1,1638087135
4571,763,1,1628776597
4571,645,1,1598177693
4571,602,1,1615711325
4572,216,1,1644919758
4572,36,1,1637678905
4572,26,1,1638575598
4572,22,1,1637674641
4572,827,1,1623678042
4572,74,1,1637679992
4573,216,1,1644296001
4573,951,1,1617424377
4573,542,1,1632913227
4573,1449,1,1614954696
4573,779,1,1623048588
4573,343,1,1633266947
4574,216,1,1644346008
4574,422,1,1643239049
4574,1099,1,1637693607
4574,928,1,1628334601
4574,281,1,1566467336
4574,74,1,1631419814
4574,761,1,1630055559
4574,282,1,1558778326
4575,216,1,1644505096
4575,625,1,1592371845
4575,38,1,1638728250
4575,699,1,1634567825
4575,502,1,1642309954
4576,216,1,1644325179
4576,1147,1,1639898318
4576,1234,1,1645179640
4576,1076,1,1640265044
4576,42,1,1615470709
4577,216,1,1644582241
4577,757,1,1617338651
4577,324,1,1613452361
4577,505,1,1629201252
4577,30,1,1626628550
4578,216,1,1644644017
4578,608,1,1635738983
4578,422,1,1637766045
4578,21,1,1640667728
4578,418,1,1629357213
4578,186,1,1641275923
4578,1480,1,1642530386
4578,467,1,1638505249
4578,60,1,1620911233
4578,1099,1,1637765711
4578,349,1,1633170752
4578,559,1,1646107741
4578,1199,1,1643084304
4578,439,1,1638690795
4578,1050,1,1626849276
4578,1071,1,1641740357
4578,30,1,1626394574
4578,660,1,1639305578
4578,509,1,1636875399
4578,13,1,1607936397
4578,1211,1,1642068101
4578,31,1,1642999216
4578,589,1,1642068342
4579,216,1,1644769434
4579,149,1,1596726319
4579,418,1,1629099548
4579,467,1,1638513302
4579,770,1,1640480857
4579,1035,1,1621255516
4580,216,1,1644793495
4580,384,1,1636200835
4580,1311,1,1612924880
4580,671,1,1626688253
4580,609,1,1636614594
4580,559,1,1644927366
4580,1385,1,1643690340
4580,363,1,1586917938
4580,1063,1,1631253322
4580,509,1,1636022575
4581,216,1,1644574460
4581,385,1,1631448017
4581,1491,1,1628401945
4581,397,1,1629692698
4581,430,1,1594738941
4582,1545,1,1644389340
4582,324,1,1613389965
4582,594,1,1615052109
4582,111,1,1605778635
4582,552,1,1612676337
4582,306,1,1612869180
4583,751,1,1631167672
4583,813,1,1627175145
4583,1292,1,1570202161
4583,58,1,1638374919
4583,336,1,1572520235
4584,751,1,1631023726
4584,211,1,1636257436
4584,505,1,1635049433
4584,688,1,1630927774
4584,542,1,1634295296
4584,761,1,1630165334
4585,751,1,1630634995
4585,36,1,1633155678
4585,1357,1,1618504731
4585,688,1,1630839754
4585,101,1,1629368133
4586,751,1,1629466838
4586,36,1,1633151237
4586,110,1,1627377376
4586,761,1,1630060572
4586,510,1,1630316313
4587,751,1,1631714695
4587,789,1,1632188822
4587,1117,1,1631110372
4587,74,1,1631619261
4587,510,1,1631620896
4588,751,1,1629659480
4588,1324,1,1633237364
4588,444,1,1627745624
4588,618,1,1638599318
4588,296,1,1627929138
4588,675,1,1642571707
4588,696,1,1642686188
4589,751,1,1629599812
4589,789,1,1643201919
4589,384,1,1636119377
4589,26,1,1636375191
4589,688,1,1631533331
4589,22,1,1634473558
4589,763,1,1626871143
4589,618,1,1635817350
4589,1123,1,1636630591
4589,74,1,1631533157
4589,510,1,1630722645
4589,27,1,1631010298
4590,751,1,1633851095
4590,789,1,1631612971
4590,763,1,1631612660
4590,74,1,1631764994
4590,510,1,1631658137
4591,751,1,1629783024
4591,36,1,1633259835
4591,790,1,1633771059
4591,26,1,1627685589
4591,212,1,1643345936
4591,22,1,1645161525
4591,319,1,1621077268
4591,618,1,1635475899
4591,74,1,1631463436
4591,761,1,1630206430
4591,510,1,1631835668
4592,751,1,1629597950
4592,22,1,1634478096
4592,15,1,1633260343
4592,392,1,1646055807
4592,119,1,1645709945
4592,143,1,1641176190
4593,751,1,1632738798
4593,789,1,1635515609
4593,319,1,1632569991
4593,763,1,1632569571
4593,510,1,1636865839
4594,751,1,1629798993
4594,170,1,1635770773
4594,505,1,1634310804
4594,618,1,1635069525
4594,60,1,1621233697
4594,253,1,1633706111
4594,296,1,1628864237
4595,751,1,1636772622
4595,789,1,1637398958
4595,885,1,1644139747
4595,212,1,1642236516
4595,385,1,1644140929
4595,74,1,1631425402
4596,751,1,1632233154
4596,123,1,1634046818
4596,629,1,1602419049
4596,200,1,1580394147
4596,74,1,1633076670
4596,339,1,1635747672
4597,751,1,1630821228
4597,211,1,1643287476
4597,58,1,1645926383
4597,319,1,1630306553
4597,473,1,1643280494
4598,751,1,1630590727
4598,747,1,1576292134
4598,527,1,1638027695
4598,636,1,1571666413
4598,777,1,1640261693
4599,751,1,1630488476
4599,26,1,1632119541
4599,688,1,1629852190
4599,699,1,1634429799
4599,506,1,1641788603
4600,751,1,1629454594
4600,26,1,1627180591
4600,688,1,1628684260
4600,22,1,1634294090
4600,763,1,1626879472
4600,74,1,1631420081
4600,761,1,1630064903
4600,510,1,1630319196
4601,751,1,1629792980
4601,688,1,1628933078
4601,22,1,1634290610
4601,319,1,1621079857
4601,763,1,1627982635
4601,618,1,1635564716
4601,662,1,1586163478
4601,74,1,1631419745
4601,761,1,1630315604
4601,510,1,1630747838
4601,765,1,1643019028
4602,751,1,1629451826
4602,26,1,1627117553
4602,22,1,1634290480
4602,319,1,1620831494
4602,763,1,1626859627
4602,74,1,1631419931
4602,761,1,1630056122
4602,765,1,1643052131
4603,751,1,1629876636
4603,26,1,1629898942
4603,319,1,1629943338
4603,671,1,1627789484
4603,510,1,1630315876
4604,751,1,1629467873
4604,799,1,1643750587
4604,324,1,1613385919
4604,688,1,1628691149
4604,285,1,1589656677
4604,644,1,1611131953
4604,73,1,1642527765
4604,659,1,1601140259
4604,602,1,1615523060
4605,751,1,1629460614
4605,1032,1,1611693752
4605,1099,1,1637690652
4605,150,1,1615033070
4605,510,1,1630323102
4605,128,1,1613146097
4606,751,1,1629459297
4606,15,1,1629630665
4606,416,1,1633782597
4606,932,1,1628852718
4606,16,1,1638776949
4606,777,1,1640735708
4606,761,1,1630155587
4606,509,1,1635737659
4606,254,1,1640171527
4607,751,1,1629451903
4607,26,1,1627117534
4607,125,1,1561044122
4607,688,1,1628685727
4607,22,1,1634291506
4607,319,1,1620823518
4607,763,1,1626861759
4607,618,1,1634968412
4607,74,1,1631460605
4607,761,1,1630057623
4607,510,1,1630317181
4608,751,1,1629451356
4608,26,1,1627140584
4608,1550,1,1628606538
4608,594,1,1615031203
4608,688,1,1628689282
4608,1097,1,1633645119
4608,747,1,1601928005
4608,22,1,1634326497
4608,459,1,1633115943
4608,527,1,1638019270
4608,763,1,1626864439
4608,618,1,1634962062
4608,109,1,1636513260
4608,23,1,1640794890
4608,81,1,1642124409
4608,1123,1,1623601038
4608,24,1,1641743234
4608,1233,1,1619449892
4608,1071,1,1641758402
4608,17,1,1641401794
4608,777,1,1640403301
4608,1079,1,1630146149
4608,761,1,1630057074
4608,5,1,1641640808
4608,510,1,1630317252
4608,254,1,1641752566
4608,765,1,1643019342
4608,589,1,1641999425
4609,751,1,1629451251
4609,324,1,1613384068
4609,643,1,1618831471
4609,747,1,1577534482
4609,290,1,1585498140
4610,751,1,1630149857
4610,505,1,1629185423
4610,747,1,1576322119
4610,665,1,1621413941
4610,24,1,1642313081
4610,1052,1,1580836726
4610,1315,1,1629892058
4611,751,1,1629989223
4611,843,1,1623677750
4611,257,1,1634542246
4611,249,1,1610546870
4611,658,1,1576513412
4611,430,1,1565052565
4612,751,1,1629689328
4612,853,1,1617844358
4612,278,1,1575601145
4612,777,1,1641787898
4612,372,1,1590988748
4612,221,1,1579740844
4612,589,1,1643390647
4613,751,1,1629652999
4613,743,1,1608888353
4613,875,1,1620057619
4613,799,1,1644528672
4613,1263,1,1623496887
4613,971,1,1587635754
4613,526,1,1623656615
4613,964,1,1635653580
4613,249,1,1570030747
4613,207,1,1605866526
4613,976,1,1643318052
4613,291,1,1612805149
4614,751,1,1629597066
4614,234,1,1598611066
4614,285,1,1589605143
4614,659,1,1601121544
4614,350,1,1588555677
4615,751,1,1629544202
4615,637,1,1570573274
4615,672,1,1606798932
4615,134,1,1621594981
4615,645,1,1601766816
4616,751,1,1629532900
4616,214,1,1632873220
4616,644,1,1611132217
4616,488,1,1609191950
4616,660,1,1639667941
4617,789,1,1631355379
4617,1339,1,1631708135
4617,319,1,1631355734
4617,1152,1,1631707567
4617,617,1,1631939102
4617,349,1,1634727944
4618,789,1,1629678460
4618,688,1,1630081818
4618,319,1,1629677752
4618,732,1,1636689431
4618,143,1,1634493639
4619,789,1,1628989167
4619,64,1,1642582843
4619,335,1,1631179954
4619,350,1,1588584918
4619,761,1,1630075911
4620,789,1,1640182673
4620,790,1,1637510515
4620,618,1,1637050624
4620,295,1,1631440578
4620,1052,1,1589266349
4621,789,1,1638420998
4621,853,1,1634965663
4621,251,1,1641824005
4621,74,1,1638418528
4621,510,1,1637654683
4621,660,1,1638188668
4621,509,1,1641977068
4621,653,1,1640156115
4622,789,1,1632121342
4622,36,1,1633171961
4622,1550,1,1628419819
4622,1147,1,1639592581
4622,1477,1,1636054480
4622,675,1,1641303562
4622,27,1,1637406176
4623,789,1,1637079848
4623,319,1,1637168365
4623,763,1,1637065624
4623,618,1,1637065492
4623,765,1,1644313050
4624,789,1,1634162514
4624,790,1,1634163593
4624,211,1,1641269298
4624,319,1,1634130242
4624,510,1,1642319217
4624,589,1,1641984800
4625,789,1,1630322160
4625,1324,1,1635406658
4625,1357,1,1626455279
4625,612,1,1624334089
4625,928,1,1641261164
4626,36,1,1633157762
4626,790,1,1634127573
4626,688,1,1628691127
4626,285,1,1618130680
4626,947,1,1606973852
4626,510,1,1630648519
4627,36,1,1637654703
4627,540,1,1638776361
4627,319,1,1645495824
4627,286,1,1642827900
4627,290,1,1644562373
4628,36,1,1633154962
4628,1333,1,1637676217
4628,1013,1,1616600351
4628,819,1,1616685865
4628,763,1,1632468171
4628,711,1,1616685218
4628,1278,1,1632806749
4628,981,1,1636900922
4628,27,1,1618840564
4629,36,1,1633163931
4629,324,1,1613381832
4629,527,1,1638087278
4629,1076,1,1632824283
4629,488,1,1609252284
4630,36,1,1633148982
4630,1013,1,1633950681
4630,868,1,1632560960
4630,22,1,1634300952
4630,763,1,1632027864
4631,36,1,1633232526
4631,819,1,1611731708
4631,1339,1,1629695518
4631,335,1,1631339561
4631,526,1,1629915496
4631,376,1,1626749264
4632,36,1,1633151543
4632,211,1,1638601701
4632,763,1,1626958352
4632,618,1,1634984544
4632,1050,1,1626781567
4632,972,1,1560169105
4632,445,1,1632124280
4632,312,1,1590285718
4632,376,1,1574427598
4632,765,1,1643028994
4633,36,1,1636190192
4633,939,1,1622781521
4633,503,1,1635606768
4633,775,1,1619067876
4633,283,1,1620713889
4634,36,1,1635859598
4634,1018,1,1628413117
4634,618,1,1635857255
4634,87,1,1615203324
4634,510,1,1631610223
4635,36,1,1635001886
4635,64,1,1642588393
4635,22,1,1635001464
4635,542,1,1633855323
4635,329,1,1631363782
4635,1076,1,1631363102
4636,36,1,1634480632
4636,1199,1,1643096630
4636,289,1,1624001364
4636,416,1,1633766797
4636,509,1,1635738204
4636,283,1,1619176119
4637,36,1,1634218382
4637,26,1,1634995228
4637,1328,1,1597392019
4637,160,1,1586271337
4637,296,1,1627477657
4637,453,1,1616241373
4637,1281,1,1617979408
4638,36,1,1633341582
4638,540,1,1633341080
4638,386,1,1630407325
4638,286,1,1574851830
4638,78,1,1625730852
4639,330,1,1640173782
4639,1311,1,1612663496
4639,296,1,1641656095
4639,78,1,1637758274
4639,884,1,1640354803
4640,330,1,1633619061
4640,790,1,1636720863
4640,688,1,1630677397
4640,665,1,1639880745
4640,761,1,1642205676
4641,790,1,1633577612
4641,471,1,1632099968
4641,688,1,1632108836
4641,74,1,1631535726
4641,143,1,1636792699
4642,790,1,1636133361
4642,665,1,1641337169
4642,349,1,1636320559
4642,510,1,1636136086
4642,1417,1,1640462156
4643,790,1,1634916208
4643,226,1,1619202061
4643,853,1,1617813551
4643,253,1,1608136988
4643,973,1,1628486488
4644,790,1,1634887291
4644,688,1,1630664757
4644,996,1,1590417249
4644,528,1,1641180500
4644,74,1,1631683363
4644,143,1,1634033198
4644,306,1,1613815459
4645,790,1,1633800868
4645,862,1,1589457523
4645,242,1,1595221412
4645,243,1,1636207375
4645,234,1,1598608308
4646,790,1,1636621295
4646,26,1,1636966505
4646,763,1,1636362599
4646,644,1,1613981353
4646,74,1,1636437686
4647,790,1,1634077414
4647,196,1,1621499122
4647,488,1,1609246473
4647,415,1,1599136625
4647,1023,1,1521897850
4648,790,1,1634107339
4648,540,1,1633122414
4648,212,1,1643044500
4648,444,1,1633959903
4648,775,1,1623708854
4648,660,1,1638170981
4649,37,1,1634627881
4649,385,1,1633098195
4649,502,1,1643114374
4649,17,1,1641890609
4649,761,1,1631351609
4649,13,1,1629552153
4650,37,1,1634571346
4650,1356,1,1597340911
4650,60,1,1620908843
4650,39,1,1599996453
4650,13,1,1607782680
4651,37,1,1643445804
4651,505,1,1644856175
4651,190,1,1642504626
4651,214,1,1643093187
4651,5,1,1642153551
4652,37,1,1637812375
4652,1042,1,1641783225
4652,38,1,1638688037
4652,171,1,1638140228
4652,143,1,1636928494
4653,37,1,1636255823
4653,1276,1,1624780502
4653,171,1,1631587663
4653,289,1,1636608501
4653,30,1,1628600481
4654,37,1,1635819158
4654,1183,1,1618424981
4654,540,1,1634439383
4654,196,1,1621356162
4654,289,1,1631442552
4654,78,1,1627616765
4654,291,1,1631506829
4655,37,1,1635746524
4655,1042,1,1643301842
4655,527,1,1645786869
4655,1178,1,1642744834
4655,883,1,1603356729
4656,37,1,1635525340
4656,1221,1,1642253115
4656,1324,1,1633348246
4656,545,1,1624381161
4656,38,1,1639232191
4656,481,1,1606754969
4656,335,1,1632335681
4656,1244,1,1611159336
4656,585,1,1586267856
4657,37,1,1635073451
4657,1054,1,1632046969
4657,1256,1,1573355203
4657,1125,1,1599987101
4657,947,1,1605569675
4657,339,1,1617103915
4658,37,1,1634746030
4658,873,1,1641363802
4658,1432,1,1644302824
4658,252,1,1631114040
4658,336,1,1564237413
4658,131,1,1643546993
4659,37,1,1634726462
4659,384,1,1638098833
4659,385,1,1631098126
4659,127,1,1574740111
4659,308,1,1631530103
4659,660,1,1638009882
4659,765,1,1643031031
4660,37,1,1634722761
4660,1324,1,1642053083
4660,196,1,1619848050
4660,226,1,1619545476
4660,246,1,1600506954
4660,509,1,1646198188
4661,37,1,1634691725
4661,64,1,1642585952
4661,163,1,1609739478
4661,594,1,1615024758
4661,643,1,1618882507
4662,37,1,1634668851
4662,1117,1,1614163296
4662,243,1,1636294472
4662,1255,1,1630845625
4662,58,1,1634144221
4662,60,1,1620913634
4663,37,1,1634650968
4663,53,1,1632650533
4663,613,1,1620615145
4663,467,1,1638505026
4663,1003,1,1590190877
4664,170,1,1636335172
4664,1269,1,1635428590
4664,100,1,1634362388
4664,540,1,1642683050
4664,628,1,1638863879
4664,362,1,1638759798
4664,4,1,1636329423
4664,1256,1,1636155974
4664,128,1,1615334507
4665,170,1,1635919128
4665,4,1,1632897817
4665,636,1,1643907690
4665,617,1,1628054940
4665,1199,1,1643081690
4665,1076,1,1630309970
4666,170,1,1635913727
4666,463,1,1643031578
4666,4,1,1645671293
4666,391,1,1637939029
4666,503,1,1633772894
4667,170,1,1635862631
4667,186,1,1641270296
4667,467,1,1638505183
4667,439,1,1641028330
4667,1043,1,1626000975
4668,170,1,1635776345
4668,180,1,1618034358
4668,42,1,1615196377
4668,415,1,1599141520
4668,482,1,1597251450
4669,170,1,1637554410
4669,1501,1,1615890885
4669,418,1,1629635246
4669,1199,1,1643196414
4669,1281,1,1618364318
4670,170,1,1636020737
4670,53,1,1633110944
4670,1263,1,1633115564
4670,58,1,1635332872
4670,617,1,1633115940
4670,735,1,1587816922
4671,170,1,1635821486
4671,324,1,1613400956
4671,1073,1,1632742601
4671,15,1,1629636338
4671,413,1,1610976724
4671,1281,1,1616327922
4672,170,1,1636266283
4672,190,1,1615735825
4672,1147,1,1639915724
4672,214,1,1632834105
4672,841,1,1583002330
4672,329,1,1640607605
4672,675,1,1640655481
4672,115,1,1613565069
4673,170,1,1635765653
4673,594,1,1633704565
4673,527,1,1638113573
4673,214,1,1632669918
4673,349,1,1634640637
4673,155,1,1635916855
4674,170,1,1635759815
4674,418,1,1629208073
4674,186,1,1641357469
4674,542,1,1632936730
4674,413,1,1610890567
4674,254,1,1640170429
4675,170,1,1637417382
4675,608,1,1635967885
4675,243,1,1636199263
4675,186,1,1641267728
4675,1211,1,1642126130
4676,170,1,1637157059
4676,757,1,1624700887
4676,604,1,1627117692
4676,201,1,1627470996
4676,1035,1,1625752078
4677,170,1,1636425715
4677,540,1,1632545764
4677,38,1,1638611182
4677,186,1,1641287363
4677,467,1,1638524528
4677,671,1,1626172111
4677,964,1,1635571572
4677,1199,1,1643101847
4677,502,1,1642325319
4677,1050,1,1627115100
4677,683,1,1645763409
4677,528,1,1640606805
4677,416,1,1633946178
4677,660,1,1638010445
4677,1211,1,1642152832
4678,170,1,1635863842
4678,1333,1,1635516301
4678,1491,1,1595011096
4678,658,1,1566270892
4678,1465,1,1634275841
4679,743,1,1609045128
4679,1070,1,1595168060
4679,971,1,1587693771
4679,585,1,1585801167
4679,883,1,1561825850
4680,743,1,1608867393
4680,86,1,1615524395
4680,1263,1,1624364245
4680,1501,1,1615783333
4680,1339,1,1624367017
4680,134,1,1621659928
4680,221,1,1580371078
4681,743,1,1608810806
4681,125,1,1561132108
4681,1070,1,1595247199
4681,971,1,1587739539
4681,744,1,1557839522
4681,883,1,1601388517
4682,743,1,1608813152
4682,163,1,1609050057
4682,594,1,1615023109
4682,1070,1,1595207830
4682,171,1,1633678868
4682,453,1,1596271688
4683,743,1,1608796215
4683,64,1,1642582724
4683,149,1,1598082984
4683,134,1,1621591026
4683,848,1,1588571250
4683,221,1,1588071055
4684,743,1,1608887434
4684,114,1,1613472855
4684,902,1,1598517429
4684,725,1,1604749394
4684,1522,1,1604748953
4684,1082,1,1600511585
4685,743,1,1608938264
4685,1473,1,1571667931
4685,1123,1,1593302313
4685,289,1,1614712317
4685,731,1,1603575998
4685,207,1,1605761269
4685,291,1,1613797443
4686,743,1,1608872309
4686,744,1,1557755287
4686,1152,1,1616938146
4686,376,1,1574226097
4686,286,1,1574857155
4687,743,1,1608805472
4687,1522,1,1619692984
4687,180,1,1616754926
4687,207,1,1605780625
4687,306,1,1615544227
4688,743,1,1608802214
4688,140,1,1589252873
4688,251,1,1599743347
4688,416,1,1633793636
4688,368,1,1630170386
4689,743,1,1609322838
4689,875,1,1619625961
4689,890,1,1555077314
4689,1392,1,1623145427
4689,481,1,1620726652
4689,1367,1,1623483344
4689,602,1,1617263689
4690,743,1,1608786079
4690,1444,1,1641742004
4690,1311,1,1612662200
4690,233,1,1600690312
4690,559,1,1644656965
4690,1125,1,1598903907
4690,373,1,1593198021
4690,660,1,1637936385
4690,509,1,1635736328
4691,743,1,1608783919
4691,658,1,1565954745
4691,660,1,1637956040
4691,1315,1,1629807802
4691,989,1,1623833342
4692,743,1,1608811240
4692,1070,1,1595240922
4692,49,1,1572263478
4692,824,1,1593775284
4692,312,1,1593862903
4692,731,1,1603534634
4693,743,1,1608802289
4693,818,1,1585846214
4693,125,1,1561040956
4693,1070,1,1595165099
4693,744,1,1557749048
4693,951,1,1602000067
4693,207,1,1607944583
4694,743,1,1618201010
4694,885,1,1595224604
4694,879,1,1603538590
4694,46,1,1609475301
4694,1413,1,1619944941
4694,1257,1,1615613250
4695,743,1,1610465861
4695,1070,1,1595346110
4695,22,1,1634298056
4695,664,1,1594569629
4695,233,1,1600786467
4695,618,1,1634965717
4695,234,1,1598620110
4695,285,1,1589534949
4695,692,1,1610369332
4695,683,1,1644485226
4695,253,1,1594831949
4695,659,1,1601131118
4695,672,1,1607096794
4695,74,1,1631426167
4695,308,1,1630142696
4696,743,1,1609220799
4696,879,1,1601357036
4696,664,1,1594449096
4696,59,1,1607273966
4696,976,1,1643955534
4697,743,1,1608886464
4697,125,1,1562086956
4697,1392,1,1622442424
4697,184,1,1601268060
4697,502,1,1642311493
4697,110,1,1627381512
4697,732,1,1550486987
4697,296,1,1627287794
4697,246,1,1600515614
4698,743,1,1608821831
4698,643,1,1618827206
4698,671,1,1626006052
4698,134,1,1622867794
4698,207,1,1605716643
4699,743,1,1608795459
4699,100,1,1630727288
4699,664,1,1594197642
4699,916,1,1616160637
4699,246,1,1600493326
4699,27,1,1618836742
4700,743,1,1608792186
4700,444,1,1634217367
4700,39,1,1628322530
4700,376,1,1574225364
4700,207,1,1605711573
4700,291,1,1637132934
4701,743,1,1608787452
4701,1356,1,1591971720
4701,110,1,1627377068
4701,253,1,1591972738
4701,207,1,1605707072
4702,743,1,1608787300
4702,100,1,1638085673
4702,625,1,1592390424
4702,1070,1,1595223719
4702,233,1,1600694412
4702,1054,1,1605795608
4702,971,1,1587627541
4703,1098,1,1635687494
4703,58,1,1636346524
4703,171,1,1631698167
4703,1019,1,1636461049
4703,660,1,1638156885
4703,482,1,1637409205
4704,1098,1,1605362509
4704,365,1,1596113733
4704,687,1,1596853288
4704,1257,1,1599308890
4704,848,1,1605192022
4705,1098,1,1585911751
4705,127,1,1573301505
4705,662,1,1586164965
4705,286,1,1574847184
4705,221,1,1579599632
4706,1276,1,1644312774
4706,365,1,1644405355
4706,21,1,1643473338
4706,1257,1,1644483434
4706,291,1,1644386290
4707,1276,1,1530429276
4707,285,1,1589445005
4707,792,1,1633366636
4707,73,1,1642499468
4707,312,1,1589968915
4708,1276,1,1629263994
4708,1356,1,1592037257
4708,386,1,1629973340
4708,150,1,1615606793
4708,889,1,1572090216
4708,101,1,1629367641
4709,1276,1,1638963501
4709,843,1,1614682031
4709,1537,1,1614681882
4709,1471,1,1618812438
4709,127,1,1600058538
4709,416,1,1633777575
4709,155,1,1628848993
4709,373,1,1567871377
4709,128,1,1607081319
4709,1562,1,1619774605
4710,1276,1,1558413610
4710,979,1,1582467330
4710,275,1,1607746170
4710,338,1,1576486986
4710,1257,1,1570338294
4710,373,1,1582468988
4711,818,1,1618849778
4711,990,1,1618850366
4711,109,1,1636451895
4711,792,1,1634619744
4711,455,1,1619151240
4712,818,1,1585724816
4712,324,1,1613381512
4712,184,1,1601093947
4712,234,1,1598608265
4712,127,1,1573301301
4712,253,1,1591959758
4712,312,1,1589968876
4712,221,1,1579599098
4713,818,1,1585735492
4713,233,1,1600689517
4713,285,1,1589454715
4713,662,1,1586179623
4713,672,1,1606552925
4714,818,1,1615094745
4714,324,1,1616403990
4714,321,1,1616134533
4714,123,1,1616225423
4714,234,1,1617340991
4714,285,1,1615010316
4714,278,1,1622783147
4714,659,1,1615877284
4714,672,1,1618725189
4714,111,1,1617089610
4714,134,1,1621589997
4714,286,1,1617686351
4714,221,1,1620279452
4715,818,1,1599885062
4715,321,1,1600000478
4715,123,1,1600000680
4715,234,1,1600052039
4715,455,1,1600254621
4715,286,1,1599998941
4716,818,1,1599358245
4716,277,1,1601704383
4716,336,1,1596181872
4716,338,1,1596182210
4716,552,1,1612604697
4716,267,1,1624182943
4716,283,1,1644822558
4717,818,1,1597731980
4717,109,1,1636517457
4717,234,1,1599910398
4717,692,1,1614523144
4717,552,1,1612669142
4718,818,1,1596618788
4718,321,1,1581333338
4718,249,1,1595306703
4718,350,1,1588747917
4718,1180,1,1531293286
4718,343,1,1643941839
4719,818,1,1586953138
4719,1249,1,1616430399
4719,60,1,1620975064
4719,1199,1,1643110595
4719,1211,1,1642083151
4720,818,1,1585999238
4720,879,1,1601376529
4720,1070,1,1595251062
4720,664,1,1594187035
4720,233,1,1600731448
4720,234,1,1598682226
4720,659,1,1601182884
4720,482,1,1597292260
4721,818,1,1585829291
4721,281,1,1566473128
4721,349,1,1633258695
4721,662,1,1586173832
4721,229,1,1585829859
4722,875,1,1620324809
4722,1231,1,1636122374
4722,1568,1,1643613282
4722,1050,1,1627490357
4722,156,1,1636178478
4723,875,1,1620989412
4723,1119,1,1600680360
4723,226,1,1620195612
4723,430,1,1595923264
4723,672,1,1606559236
4724,875,1,1619686788
4724,46,1,1609484789
4724,190,1,1623423672
4724,1199,1,1643082081
4724,110,1,1627467483
4724,833,1,1620208075
4724,445,1,1632014914
4724,731,1,1609485507
4724,101,1,1629516082
4724,765,1,1643125916
4724,31,1,1643125151
4725,875,1,1629501157
4725,196,1,1619864736
4725,49,1,1573100086
4725,156,1,1633033124
4725,989,1,1623860108
4726,875,1,1627437230
4726,96,1,1605665837
4726,163,1,1610842250
4726,1550,1,1628574264
4726,905,1,1628560762
4726,545,1,1628574508
4726,1062,1,1628048587
4726,1501,1,1616019297
4726,184,1,1611650794
4726,277,1,1603421208
4726,1448,1,1605795422
4726,1180,1,1609458539
4726,433,1,1607759245
4726,101,1,1629677106
4726,180,1,1618362107
4726,413,1,1610952304
4726,453,1,1616567751
4726,1493,1,1636935193
4726,883,1,1603416880
4727,875,1,1619961848
4727,123,1,1599827372
4727,526,1,1603113313
4727,200,1,1604203479
4727,111,1,1605848120
4728,875,1,1619822837
4728,885,1,1593516841
4728,671,1,1625992596
4728,964,1,1639741517
4728,858,1,1599818318
4728,1390,1,1627153778
4729,875,1,1619742595
4729,163,1,1611127878
4729,256,1,1642861698
4729,644,1,1611127501
4729,445,1,1631968741
4730,875,1,1619723471
4730,422,1,1637575362
4730,186,1,1641301673
4730,964,1,1635589387
4730,853,1,1561821107
4730,285,1,1618615322
4730,416,1,1636192608
4730,283,1,1619213295
4731,875,1,1619502746
4731,100,1,1632053186
4731,951,1,1598458238
4731,295,1,1631464904
4731,373,1,1562763331
4731,156,1,1631881429
4732,875,1,1641633723
4732,21,1,1640161196
4732,296,1,1627289519
4732,777,1,1640252073
4732,509,1,1641199694
4733,875,1,1640379004
4733,149,1,1612604061
4733,321,1,1564719648
4733,979,1,1582798192
4733,1377,1,1605267903
4733,143,1,1643024594
4733,575,1,1642223243
4734,875,1,1636950580
4734,843,1,1642136108
4734,155,1,1636950481
4734,1423,1,1640151199
4734,1023,1,1641726531
4734,13,1,1640494754
4735,875,1,1632124281
4735,391,1,1636724537
4735,295,1,1645829515
4735,15,1,1630280348
4735,274,1,1646078190
4735,932,1,1629158211
4735,16,1,1638617031
4736,875,1,1629871848
4736,1324,1,1633100591
4736,1062,1,1632226774
4736,184,1,1624796927
4736,58,1,1636118278
4736,473,1,1630674721
4736,295,1,1631513243
4736,386,1,1629978033
4736,761,1,1630230840
4736,413,1,1617685672
4736,453,1,1628743937
4736,267,1,1622818956
4736,30,1,1626593298
4737,875,1,1624562242
4737,662,1,1586170101
4737,134,1,1621604063
4737,413,1,1610943511
4737,1315,1,1629886213
4737,989,1,1623853828
4738,875,1,1621511260
4738,527,1,1638152974
4738,508,1,1620994142
4738,932,1,1631020433
4738,5,1,1641642059
4738,976,1,1642506129
4739,875,1,1621315617
4739,612,1,1587351500
4739,233,1,1600873073
4739,671,1,1627265409
4739,853,1,1561778651
4739,649,1,1587357817
4739,115,1,1613529505
4740,875,1,1621211055
4740,46,1,1609548674
4740,665,1,1645987172
4740,275,1,1596713156
4740,542,1,1646149027
4741,875,1,1621076295
4741,847,1,1598713499
4741,463,1,1641721738
4741,699,1,1635089986
4741,131,1,1639976736
4742,875,1,1620922841
4742,418,1,1630732068
4742,127,1,1574649284
4742,154,1,1600276043
4742,1039,1,1617417318
4742,1211,1,1642088425
4743,875,1,1620920565
4743,324,1,1614747107
4743,1392,1,1622379363
4743,542,1,1632934220
4743,775,1,1616922748
4743,509,1,1635883350
4743,989,1,1623951197
4744,875,1,1620917604
4744,46,1,1609478095
4744,1392,1,1622387809
4744,49,1,1575262055
4744,731,1,1603519194
4744,883,1,1603171224
4745,875,1,1620872250
4745,1324,1,1633050653
4745,594,1,1615026636
4745,672,1,1606569644
4745,16,1,1638711770
4745,283,1,1619184980
4746,875,1,1620787960
4746,1501,1,1615870143
4746,965,1,1638668801
4746,653,1,1641999630
4746,482,1,1617043901
4747,875,1,1620709264
4747,243,1,1636448600
4747,22,1,1634376174
4747,473,1,1629703007
4747,455,1,1617543080
4748,875,1,1620484130
4748,1353,1,1638982438
4748,243,1,1636290087
4748,229,1,1588856854
4748,16,1,1639972462
4749,875,1,1620459782
4749,149,1,1596790299
4749,625,1,1592414896
4749,613,1,1620650203
4749,371,1,1586537418
4749,415,1,1599204874
4750,875,1,1620303648
4750,384,1,1636082664
4750,275,1,1581486087
4750,527,1,1638074630
4750,127,1,1573310296
4750,947,1,1605460220
4750,503,1,1635050906
4750,660,1,1638278421
4751,875,1,1619892033
4751,422,1,1639608688
4751,862,1,1589472870
4751,625,1,1592371794
4751,463,1,1643380110
4751,1386,1,1633800397
4751,1054,1,1616156373
4751,1480,1,1642333047
4751,671,1,1626306447
4751,256,1,1642743839
4751,234,1,1598633835
4751,295,1,1631469837
4751,792,1,1632835347
4751,559,1,1644670783
4751,15,1,1629663357
4751,416,1,1633790925
4751,659,1,1601139371
4751,932,1,1628978314
4751,16,1,1638640938
4751,296,1,1627410843
4751,308,1,1630163812
4751,453,1,1595956948
4751,30,1,1626368669
4751,775,1,1617562483
4751,696,1,1642345240
4751,653,1,1638722850
4751,156,1,1631919330
4752,875,1,1619881350
4752,312,1,1589994158
4752,660,1,1638016356
4752,1315,1,1629969955
4752,989,1,1623857645
4753,875,1,1619793645
4753,688,1,1628700033
4753,196,1,1619857201
4753,1099,1,1637815320
4753,509,1,1635745860
4753,283,1,1619228059
4754,875,1,1619657574
4754,1391,1,1611570493
4754,770,1,1640129262
4754,246,1,1601878693
4754,13,1,1616898887
4755,875,1,1619504830
4755,1470,1,1598097754
4755,256,1,1642740406
4755,786,1,1619943771
4755,585,1,1585927242
4755,134,1,1621607896
4756,875,1,1619463072
4756,1249,1,1616508698
4756,422,1,1637577288
4756,467,1,1638513855
4756,1099,1,1637671148
4756,5,1,1641637296
4757,875,1,1619443351
4757,540,1,1633197148
4757,643,1,1618829570
4757,747,1,1575901825
4757,281,1,1566484199
4757,171,1,1633244337
4757,286,1,1577094758
4758,875,1,1619441248
4758,613,1,1620617882
4758,349,1,1633166735
4758,285,1,1589606422
4758,1187,1,1616991420
4758,672,1,1606914627
4758,510,1,1630518231
4759,875,1,1619437712
4759,1356,1,1591973911
4759,671,1,1625745368
4759,1050,1,1626776255
4759,939,1,1622241947
4759,16,1,1638634615
4760,875,1,1643269028
4760,1470,1,1598006241
4760,879,1,1602560365
4760,964,1,1635571763
4760,1424,1,1625136134
4761,875,1,1620843659
4761,22,1,1634292874
4761,4,1,1609825564
4761,226,1,1620153650
4761,763,1,1628332144
4761,1040,1,1615446456
4761,114,1,1612888239
4761,1199,1,1643129286
4761,413,1,1610881685
4761,989,1,1625354157
4762,56,1,1643335656
4762,1444,1,1641614116
4762,463,1,1641872014
4762,574,1,1641614143
4762,81,1,1641901893
4762,552,1,1623249056
4763,608,1,1635871478
4763,256,1,1643142227
4763,928,1,1631334661
4763,257,1,1634652703
4763,1387,1,1633271346
4763,792,1,1632729420
4764,608,1,1636210792
4764,418,1,1629695878
4764,4,1,1610048677
4764,527,1,1638182381
4764,777,1,1641011605
4764,638,1,1568863008
4764,155,1,1563950775
4765,608,1,1635740937
4765,1073,1,1632740864
4765,1199,1,1643220802
4765,502,1,1643222337
4765,1211,1,1642227261
4766,608,1,1636549013
4766,1387,1,1632918861
4766,792,1,1633823738
4766,571,1,1599949141
4766,1315,1,1633504247
4766,27,1,1632714124
4767,608,1,1635757530
4767,792,1,1633848633
4767,101,1,1629716331
4767,5,1,1642917558
4767,696,1,1642204286
4768,608,1,1636445425
4768,463,1,1641827678
4768,1073,1,1632750007
4768,934,1,1580309800
4768,238,1,1601998703
4768,1275,1,1628059777
4769,608,1,1637035000
4769,212,1,1643179464
4769,467,1,1638504732
4769,439,1,1639706309
4769,289,1,1644477522
4769,413,1,1610953591
4769,78,1,1595436211
4770,608,1,1636873936
4770,1386,1,1634953810
4770,636,1,1570973175
4770,336,1,1566342437
4770,155,1,1564890959
4770,646,1,1640446809
4771,608,1,1636248866
4771,1119,1,1619707708
4771,199,1,1488359140
4771,979,1,1581707812
4771,1386,1,1634306348
4771,1376,1,1610625916
4771,649,1,1578855912
4772,608,1,1635846587
4772,527,1,1638082940
4772,295,1,1631455955
4772,278,1,1580367957
4772,1244,1,1610804675
4772,972,1,1568542269
4772,16,1,1638885521
4773,608,1,1635827913
4773,1386,1,1634121969
4773,964,1,1636893247
4773,792,1,1634212523
4773,289,1,1620819129
4774,608,1,1636032965
4774,609,1,1637064352
4774,349,1,1633450346
4774,127,1,1573310501
4774,453,1,1595857190
4774,1063,1,1629639860
4775,608,1,1635768394
4775,249,1,1573142304
4775,150,1,1615025193
4775,87,1,1640274542
4775,1424,1,1513189909
4775,290,1,1588768507
4775,291,1,1613576161
4776,608,1,1635743690
4776,843,1,1618285622
4776,540,1,1632803515
4776,190,1,1617893625
4776,4,1,1626494868
4776,214,1,1637846937
4776,916,1,1616145517
4776,1050,1,1627815025
4776,659,1,1601206155
4776,267,1,1622810738
4776,653,1,1640180130
4776,989,1,1623911192
4777,608,1,1635742014
4777,362,1,1610711254
4777,609,1,1636279172
4777,257,1,1634532298
4777,1467,1,1634473342
4777,1050,1,1626848725
4777,336,1,1564234000
4777,290,1,1585394716
4778,608,1,1635741649
4778,53,1,1631512045
4778,505,1,1629171469
4778,527,1,1638033993
4778,214,1,1632652544
4778,445,1,1631851198
4778,765,1,1643036245
4779,608,1,1635741310
4779,335,1,1631187440
4779,455,1,1610745140
4779,777,1,1640358085
4779,739,1,1622644818
4780,1444,1,1642250445
4780,744,1,1557768177
4780,1029,1,1583202598
4780,646,1,1638669974
4780,482,1,1597298499
4781,1444,1,1640354742
4781,757,1,1621598957
4781,101,1,1637325614
4781,739,1,1623072630
4781,602,1,1621599096
4782,1444,1,1640346006
4782,1199,1,1643238587
4782,363,1,1571073045
4782,78,1,1595479808
4782,246,1,1601781779
4782,128,1,1595478334
4783,1444,1,1641125772
4783,540,1,1632679010
4783,527,1,1638337163
4783,150,1,1615037698
4783,338,1,1552314042
4783,445,1,1631784700
4783,151,1,1575469578
4784,1444,1,1640754872
4784,100,1,1630753769
4784,133,1,1636200449
4784,528,1,1640537249
4784,17,1,1640101477
4784,1315,1,1630824103
4784,602,1,1617448035
4785,1444,1,1640422784
4785,1235,1,1638892278
4785,81,1,1641917692
4785,289,1,1615080390
4785,696,1,1642166075
4786,1356,1,1602581509
4786,1470,1,1598364548
4786,1119,1,1608567341
4786,725,1,1608383958
4786,1522,1,1612095088
4786,1252,1,1612270849
4787,1356,1,1602386194
4787,1418,1,1597823992
4787,1536,1,1570966611
4787,1501,1,1618118519
4787,617,1,1602431547
4788,1356,1,1593611909
4788,665,1,1625477987
4788,127,1,1574939526
4788,542,1,1633756776
4788,180,1,1616756207
4789,1356,1,1601979378
4789,643,1,1618827889
4789,506,1,1614164711
4789,552,1,1612604400
4789,283,1,1619175753
4790,1356,1,1591952624
4790,625,1,1592358330
4790,1070,1,1595164924
4790,664,1,1594186314
4790,233,1,1600686746
4790,238,1,1601627043
4790,114,1,1612866320
4790,285,1,1589445676
4790,662,1,1586162938
4790,312,1,1589968997
4790,1164,1,1587718931
4790,884,1,1590154187
4791,1356,1,1593618039
4791,46,1,1609545636
4791,238,1,1601681432
4791,127,1,1573378360
4791,253,1,1591994076
4791,306,1,1612868955
4792,1356,1,1592069530
4792,324,1,1613638436
4792,654,1,1567526210
4792,637,1,1568721867
4792,336,1,1564228063
4793,1356,1,1591978670
4793,275,1,1581327122
4793,336,1,1564221917
4793,430,1,1564759304
4793,357,1,1564398414
4793,883,1,1561815601
4794,1356,1,1591966226
4794,324,1,1613389052
4794,879,1,1601351755
4794,594,1,1615028781
4794,1392,1,1622456774
4794,643,1,1618893261
4794,233,1,1600692444
4794,184,1,1601133600
4794,319,1,1620827462
4794,916,1,1616146347
4794,234,1,1598624196
4794,114,1,1612880606
4794,285,1,1589517782
4794,692,1,1609593332
4794,1390,1,1618873179
4794,150,1,1615036150
4794,972,1,1600856964
4794,659,1,1601132692
4794,111,1,1605781544
4794,552,1,1612606499
4794,372,1,1591087346
4794,134,1,1621593762
4794,413,1,1610897858
4794,453,1,1595741398
4794,267,1,1622756608
4794,246,1,1600517518
4794,509,1,1635765753
4794,283,1,1619184557
4794,646,1,1609910055
4795,1356,1,1591957421
4795,312,1,1589968939
4795,192,1,1594993214
4795,246,1,1600488204
4795,306,1,1612867869
4796,1356,1,1602246273
4796,137,1,1600781094
4796,335,1,1631280056
4796,1050,1,1626772506
4796,167,1,1637248027
4797,1356,1,1593929047
4797,885,1,1594029498
4797,1022,1,1605762658
4797,459,1,1633885774
4797,373,1,1600326100
4797,976,1,1643792095
4798,1356,1,1592146059
4798,540,1,1632560743
4798,770,1,1640070753
4798,285,1,1589700886
4798,5,1,1641658865
4799,1356,1,1592144466
4799,971,1,1587637323
4799,1390,1,1624245151
4799,290,1,1585550124
4799,306,1,1612872389
4800,1356,1,1592138451
4800,879,1,1601292454
4800,1392,1,1622547551
4800,233,1,1600694399
4800,1199,1,1643081839
4800,732,1,1604064086
4800,973,1,1627657403
4800,357,1,1564412784
4800,509,1,1635749282
4800,31,1,1643010815
4801,1356,1,1592037244
4801,1293,1,1628861999
4801,233,1,1600749875
4801,671,1,1626272736
4801,283,1,1619194785
4802,1356,1,1591989146
4802,654,1,1567354156
4802,1022,1,1604566821
4802,127,1,1573316930
4802,1039,1,1617434663
4802,376,1,1574271723
4803,1356,1,1591972935
4803,822,1,1641058789
4803,1256,1,1564288772
4803,74,1,1631429755
4803,290,1,1586773502
4803,765,1,1643019579
4804,1356,1,1591969338
4804,1324,1,1633063141
4804,253,1,1591975560
4804,1039,1,1617379433
4804,289,1,1620994299
4805,1356,1,1591967121
4805,272,1,1641817433
4805,140,1,1589259125
4805,249,1,1570019161
4805,416,1,1633767356
4805,207,1,1607435306
4806,1557,1,1643810006
4806,110,1,1627377111
4806,683,1,1644487521
4806,528,1,1640430217
4806,587,1,1640960182
4806,1569,1,1642080155
4806,73,1,1642505061
4807,1221,1,1642182084
4807,1325,1,1635538618
4807,242,1,1617407291
4807,77,1,1614816983
4807,902,1,1599007204
4807,455,1,1617406812
4807,350,1,1604167346
4807,78,1,1599158812
4808,1221,1,1641922650
4808,1386,1,1643384725
4808,256,1,1642844397
4808,74,1,1644254946
4808,761,1,1643650999
4809,1221,1,1641706753
4809,843,1,1618118759
4809,964,1,1637064568
4809,200,1,1616608606
4809,761,1,1631523943
4809,973,1,1594286769
4809,976,1,1643891933
4810,1221,1,1641325820
4810,96,1,1605527182
4810,1062,1,1603669449
4810,277,1,1585050147
4810,413,1,1610923095
4810,602,1,1615538662
4811,272,1,1642955698
4811,1324,1,1633051087
4811,1550,1,1627564733
4811,621,1,1617115100
4811,976,1,1645363399
4812,272,1,1641824894
4812,338,1,1552223292
4812,143,1,1634113315
4812,775,1,1616908738
4812,765,1,1643038290
4813,272,1,1642172948
4813,324,1,1613551707
4813,100,1,1630805773
4813,84,1,1642434055
4813,114,1,1613002388
4813,542,1,1634181738
4813,439,1,1639402527
4813,171,1,1632838815
4813,131,1,1638714538
4813,132,1,1640698430
4813,133,1,1637939004
4813,1039,1,1617353086
4813,508,1,1622197011
4813,16,1,1638682023
4813,552,1,1612707181
4813,134,1,1623209643
4813,660,1,1638798539
4814,272,1,1642091422
4814,1325,1,1625243473
4814,1050,1,1626786904
4814,932,1,1629884687
4814,16,1,1639406057
4815,754,1,1642565135
4815,843,1,1632975904
4815,319,1,1640341858
4815,1071,1,1642983853
4815,973,1,1633852729
4816,754,1,1630696448
4816,985,1,1606839502
4816,654,1,1571665771
4816,1052,1,1575309675
4816,509,1,1642519002
4817,754,1,1623102643
4817,843,1,1636120594
4817,1102,1,1623103541
4817,973,1,1610887053
4817,646,1,1610183430
4817,883,1,1601538745
4818,843,1,1642192444
4818,757,1,1642008309
4818,1491,1,1643312614
4818,973,1,1640430502
4818,291,1,1642203624
4819,843,1,1637513016
4819,251,1,1627400484
4819,426,1,1637405713
4819,252,1,1631186664
4819,675,1,1645070857
4820,843,1,1643116353
4820,26,1,1637108608
4820,77,1,1638008838
4820,4,1,1636725985
4820,74,1,1637671131
4820,1063,1,1636190862
4821,843,1,1634454010
4821,1470,1,1598340370
4821,233,1,1609584052
4821,1328,1,1607104341
4821,127,1,1596520054
4822,843,1,1632508004
4822,1263,1,1612067740
4822,1156,1,1610480305
4822,1032,1,1611681594
4822,1382,1,1608761505
4822,1244,1,1610791283
4822,413,1,1610964157
4822,373,1,1610470938
4822,151,1,1610475741
4823,843,1,1615127992
4823,1070,1,1595175195
4823,1054,1,1604748239
4823,951,1,1598759700
4823,295,1,1636224356
4823,659,1,1601173156
4823,111,1,1605795330
4824,843,1,1594080164
4824,1022,1,1642930058
4824,1018,1,1592082363
4824,349,1,1633152001
4824,662,1,1586263408
4824,841,1,1564061824
4824,339,1,1569920420
4825,843,1,1593428237
4825,757,1,1588499177
4825,1392,1,1623175403
4825,1318,1,1596621283
4825,291,1,1613399440
4826,843,1,1618757609
4826,1470,1,1598538103
4826,53,1,1632133471
4826,487,1,1637384380
4826,506,1,1615805687
4826,30,1,1626612737
4826,509,1,1635945207
4827,843,1,1642843322
4827,847,1,1592405427
4827,951,1,1598038971
4827,109,1,1637891499
4827,252,1,1631202751
4827,775,1,1616859625
4827,1417,1,1628423048
4828,843,1,1637076926
4828,1353,1,1638692378
4828,212,1,1642776805
4828,312,1,1592078670
4828,646,1,1610946226
4829,843,1,1627865310
4829,1156,1,1605287461
4829,459,1,1632251777
4829,665,1,1614647611
4829,481,1,1607222791
4829,792,1,1632836599
4829,249,1,1597450261
4829,1244,1,1611102244
4829,687,1,1596843094
4829,1052,1,1605287609
4829,155,1,1618880148
4829,415,1,1600676994
4829,775,1,1617169743
4830,843,1,1627580511
4830,196,1,1619877910
4830,277,1,1556325950
4830,671,1,1625970563
4830,1099,1,1638940220
4830,1232,1,1587282430
4830,965,1,1639631706
4831,843,1,1621551077
4831,110,1,1636106247
4831,508,1,1620989243
4831,415,1,1605622305
4831,1417,1,1628350538
4832,843,1,1589435808
4832,1318,1,1597664532
4832,763,1,1626954564
4832,976,1,1643819784
4832,989,1,1625142876
4833,843,1,1588689818
4833,879,1,1601305747
4833,46,1,1609501539
4833,612,1,1587344563
4833,238,1,1602999887
4833,430,1,1564762809
4833,1257,1,1566997217
4834,843,1,1588524057
4834,1147,1,1638952021
4834,329,1,1629626266
4834,1076,1,1629867984
4834,675,1,1636522044
4835,843,1,1587399699
4835,757,1,1587488774
4835,159,1,1594883725
4835,324,1,1613395584
4835,890,1,1553165109
4835,654,1,1569896290
4835,612,1,1587398074
4835,1501,1,1615807708
4835,1022,1,1604829316
4835,747,1,1576232932
4835,22,1,1634290996
4835,1147,1,1640351152
4835,665,1,1612981761
4835,362,1,1610799477
4835,1386,1,1634301246
4835,1054,1,1606897965
4835,49,1,1572764134
4835,527,1,1638028328
4835,744,1,1559113329
4835,506,1,1614173055
4835,371,1,1596882085
4835,609,1,1636356806
4835,385,1,1631175032
4835,1387,1,1633095818
4835,127,1,1573451929
4835,792,1,1633091720
4835,827,1,1576843767
4835,15,1,1629642863
4835,386,1,1630050980
4835,649,1,1578856852
4835,693,1,1602400905
4835,289,1,1614578664
4835,416,1,1634030675
4835,786,1,1619934645
4835,39,1,1600047826
4835,1071,1,1641726379
4835,932,1,1630906606
4835,731,1,1603538155
4835,777,1,1640337019
4835,192,1,1595003498
4835,1423,1,1639541804
4835,1161,1,1627464869
4835,246,1,1601565140
4835,115,1,1613132028
4835,897,1,1628405974
4835,735,1,1587309619
4836,64,1,1642696572
4836,149,1,1596787655
4836,180,1,1616860409
4836,42,1,1615388731
4836,415,1,1599318262
4836,1246,1,1582481897
4837,64,1,1644249513
4837,137,1,1610624614
4837,775,1,1616905903
4837,883,1,1604590206
4837,602,1,1615561212
4838,64,1,1642594704
4838,1570,1,1643381853
4838,114,1,1612871417
4838,201,1,1627400084
4838,17,1,1640087152
4838,167,1,1636771676
4839,64,1,1642596434
4839,60,1,1621049278
4839,24,1,1641733403
4839,777,1,1640252363
4839,589,1,1642048443
4840,64,1,1642606532
4840,238,1,1602504264
4840,234,1,1598608620
4840,278,1,1573395950
4840,397,1,1629564066
4841,64,1,1642601166
4841,850,1,1584198958
4841,862,1,1589511791
4841,847,1,1618228273
4841,16,1,1638632003
4841,775,1,1616940671
4842,64,1,1642940894
4842,200,1,1599200016
4842,180,1,1616813102
4842,42,1,1615386131
4842,415,1,1599464614
4842,246,1,1608795149
4843,64,1,1642658203
4843,463,1,1641811704
4843,243,1,1636248614
4843,137,1,1600519797
4843,184,1,1601297112
4843,335,1,1631234894
4843,312,1,1589976852
4843,777,1,1640748698
4843,989,1,1624022186
4844,64,1,1642602652
4844,467,1,1638582756
4844,1199,1,1643084495
4844,502,1,1642309193
4844,1211,1,1642071856
4845,64,1,1642582346
4845,1073,1,1632737371
4845,830,1,1631700362
4845,699,1,1634384772
4845,214,1,1632645190
4845,252,1,1631103715
4845,502,1,1642304111
4845,131,1,1638694640
4845,133,1,1636189379
4845,1076,1,1629860803
4845,416,1,1633765941
4845,17,1,1640078639
4845,675,1,1636513660
4845,368,1,1630149484
4845,1247,1,1631095406
4845,254,1,1640163690
4846,64,1,1642583849
4846,643,1,1618828716
4846,312,1,1596197173
4846,296,1,1627894009
4846,115,1,1614409613
4847,64,1,1642606872
4847,698,1,1588761563
4847,850,1,1593693686
4847,621,1,1619526013
4847,665,1,1612956717
4847,137,1,1600484307
4847,335,1,1631190903
4847,542,1,1632914838
4847,775,1,1616845663
4848,64,1,1642586254
4848,873,1,1641365420
4848,1432,1,1644304409
4848,335,1,1631188931
4848,109,1,1636453108
4848,542,1,1632908855
4848,1115,1,1641628236
4848,73,1,1642505612
4848,296,1,1627297487
4849,64,1,1642757399
4849,1062,1,1625735575
4849,335,1,1631288554
4849,150,1,1629716151
4849,74,1,1631539827
4850,64,1,1642582346
4850,807,1,1577793664
4850,1073,1,1632737163
4850,830,1,1631700433
4850,233,1,1600686244
4850,1571,1,1634980385
4850,295,1,1631438871
4850,132,1,1640683440
4850,133,1,1636189890
4850,675,1,1636513754
4850,376,1,1574220730
4851,799,1,1643869978
4851,1332,1,1629946319
4851,1199,1,1643177051
4851,329,1,1631847235
4851,1180,1,1562841910
4852,799,1,1644430882
4852,149,1,1598718243
4852,256,1,1642818955
4852,257,1,1634639040
4852,792,1,1634369037
4852,696,1,1642184680
4852,883,1,1561890856
4853,799,1,1643770918
4853,362,1,1610706924
4853,559,1,1644666797
4853,692,1,1609598757
4853,415,1,1599144806
4854,799,1,1644143098
4854,149,1,1597033995
4854,1076,1,1630265510
4854,1336,1,1532069441
4854,415,1,1599326867
4855,799,1,1643716899
4855,149,1,1598965748
4855,664,1,1594208143
4855,1293,1,1628861109
4855,233,1,1600687532
4855,1376,1,1610548133
4855,150,1,1615029880
4855,683,1,1644485661
4855,646,1,1608646388
4855,306,1,1612869774
4856,799,1,1643019187
4856,233,1,1600696944
4856,1235,1,1636543797
4856,1326,1,1622113592
4856,602,1,1615464302
4857,1310,1,1611427216
4857,60,1,1620962310
4857,453,1,1607184773
4857,167,1,1636776849
4857,13,1,1607098394
4858,1310,1,1590640753
4858,643,1,1618866391
4858,243,1,1636194963
4858,184,1,1601206815
4858,296,1,1627300666
4858,775,1,1616868041
4859,1310,1,1564051004
4859,125,1,1561039458
4859,281,1,1566466351
4859,972,1,1559815369
4859,282,1,1558777976
4859,357,1,1564395314
4860,1310,1,1564112597
4860,687,1,1596848609
4860,430,1,1564759230
4860,282,1,1558777667
4860,775,1,1617034389
4861,1547,1,1635766259
4861,26,1,1627129852
4861,365,1,1624795090
4861,505,1,1629114701
4861,643,1,1620046972
4861,699,1,1634650565
4861,22,1,1634291402
4861,58,1,1634036058
4861,319,1,1625219938
4861,526,1,1621690860
4861,1152,1,1617023940
4861,473,1,1629628021
4861,349,1,1633242093
4861,134,1,1621601922
4861,510,1,1630403231
4861,1315,1,1630147305
4861,1063,1,1629713516
4861,989,1,1623928746
4861,27,1,1619256983
4862,807,1,1637242453
4862,125,1,1637428427
4862,275,1,1619184081
4862,274,1,1630480959
4862,252,1,1631115429
4862,368,1,1630165405
4863,807,1,1583063095
4863,863,1,1590379840
4863,87,1,1616072478
4863,134,1,1621602905
4863,589,1,1642144175
4864,807,1,1579001239
4864,1073,1,1632737709
4864,1070,1,1595166526
4864,15,1,1634046399
4864,416,1,1633772514
4864,16,1,1638619894
4864,482,1,1622289801
4865,807,1,1607695730
4865,1054,1,1631528058
4865,274,1,1630664937
4865,253,1,1597136047
4865,128,1,1610634379
4866,807,1,1637026789
4866,1537,1,1637287089
4866,1231,1,1637030184
4866,125,1,1637545419
4866,1292,1,1637287079
4866,1142,1,1637029149
4866,951,1,1637029491
4866,1235,1,1637215838
4866,429,1,1637029515
4866,1473,1,1637287648
4866,1244,1,1636960927
4866,1449,1,1638410715
4867,807,1,1577793677
4867,654,1,1567326727
4867,125,1,1561039878
4867,1392,1,1622372677
4867,1070,1,1595164951
4867,664,1,1594185835
4867,126,1,1572345907
4867,275,1,1581334226
4867,971,1,1587627207
4867,636,1,1570871000
4867,744,1,1557749487
4867,281,1,1566466523
4867,127,1,1573301570
4867,559,1,1644652958
4867,249,1,1570018252
4867,637,1,1568713592
4867,658,1,1565949769
4867,278,1,1573378513
4867,336,1,1564220039
4867,889,1,1571819502
4867,110,1,1627377256
4867,683,1,1644483748
4867,528,1,1640424920
4867,659,1,1601112656
4867,312,1,1589968988
4867,111,1,1605778402
4867,865,1,1567594924
4867,638,1,1567589856
4867,413,1,1610874715
4867,645,1,1568116230
4867,286,1,1574847792
4867,128,1,1567765411
4867,306,1,1612867969
4867,151,1,1575365599
4868,807,1,1577810363
4868,625,1,1592375136
4868,126,1,1573154159
4868,1054,1,1604746302
4868,852,1,1570058217
4868,249,1,1570055123
4868,413,1,1610899104
4868,286,1,1574863368
4868,207,1,1605717047
4868,989,1,1623985502
4869,807,1,1577798432
4869,648,1,1528471038
4869,125,1,1561039753
4869,621,1,1615811454
4869,744,1,1557749033
4869,542,1,1632911253
4869,128,1,1567781319
4870,807,1,1577794461
4870,1070,1,1595172869
4870,664,1,1594192751
4870,971,1,1587625921
4870,127,1,1573354109
4870,253,1,1591960431
4871,807,1,1577794165
4871,278,1,1573379775
4871,672,1,1606553260
4871,372,1,1590919585
4871,221,1,1579613388
4872,807,1,1641391405
4872,1572,1,1628492508
4872,81,1,1641873815
4872,972,1,1625409705
4872,989,1,1623905050
4872,151,1,1628472394
4873,807,1,1583441684
4873,885,1,1592052725
4873,654,1,1568983040
4873,97,1,1583015102
4873,350,1,1588654230
4873,479,1,1582367810
4874,807,1,1577940836
4874,125,1,1561041386
4874,186,1,1641379911
4874,275,1,1608980848
4874,467,1,1640412641
4874,971,1,1587630981
4874,1199,1,1644667063
4874,150,1,1615030144
4875,807,1,1577935401
4875,625,1,1592382024
4875,126,1,1577864026
4875,979,1,1594048102
4875,744,1,1577870513
4875,371,1,1633574461
4875,954,1,1577766566
4875,430,1,1599189240
4875,97,1,1578100984
4876,995,1,1640823582
4876,471,1,1623497591
4876,53,1,1631801450
4876,1032,1,1613835189
4876,853,1,1562922029
4877,995,1,1640351468
4877,621,1,1615810145
4877,295,1,1631707958
4877,542,1,1632977048
4877,171,1,1632021087
4878,995,1,1639391902
4878,830,1,1631802528
4878,1386,1,1633786498
4878,841,1,1564061078
4878,336,1,1564223181
4879,995,1,1639356601
4879,505,1,1630680261
4879,542,1,1634407749
4879,574,1,1641748249
4879,521,1,1639508656
4880,995,1,1639285873
4880,873,1,1641364751
4880,1432,1,1644310195
4880,295,1,1631438798
4880,416,1,1633796815
4880,16,1,1638606357
4881,995,1,1639282634
4881,464,1,1642412939
4881,226,1,1618721726
4881,852,1,1570016565
4881,559,1,1644654416
4881,1390,1,1619057026
4881,167,1,1636771601
4881,765,1,1643019831
4882,995,1,1639281980
4882,149,1,1596724605
4882,46,1,1609471842
4882,625,1,1592358235
4882,594,1,1615023734
4882,242,1,1595221422
4882,126,1,1573735639
4882,971,1,1587621683
4882,629,1,1590580876
4882,234,1,1598608669
4882,559,1,1644653337
4882,23,1,1640772337
4882,1050,1,1626768455
4882,662,1,1586163115
4882,521,1,1639478759
4882,528,1,1640422967
4882,508,1,1620986603
4882,644,1,1611127886
4882,585,1,1585796064
4882,659,1,1601115778
4882,672,1,1606554544
4882,312,1,1589969121
4882,1003,1,1590159142
4882,111,1,1605778275
4882,296,1,1627287073
4882,777,1,1640247232
4882,372,1,1590919607
4882,865,1,1567671312
4882,376,1,1574222389
4882,415,1,1599129777
4882,848,1,1586192691
4882,286,1,1574849227
4882,115,1,1613116874
4882,509,1,1635735902
4882,254,1,1640163752
4882,646,1,1608627828
4882,151,1,1575429496
4883,995,1,1640170980
4883,792,1,1632740163
4883,559,1,1644777146
4883,81,1,1641990618
4883,439,1,1638710367
4883,78,1,1595663495
4884,975,1,1644251980
4884,542,1,1636814920
4884,15,1,1631174833
4884,87,1,1622199758
4884,932,1,1629041851
4884,16,1,1638879482
4884,155,1,1625583469
4885,975,1,1629800890
4885,698,1,1597481940
4885,1195,1,1642394955
4885,1054,1,1638004171
4885,947,1,1606593786
4886,975,1,1630502200
4886,1470,1,1598016593
4886,1054,1,1616128560
4886,1125,1,1598804196
4886,205,1,1643611286
4886,1163,1,1616557302
4887,975,1,1629798717
4887,698,1,1588759645
4887,1277,1,1583652728
4887,1280,1,1618910248
4887,205,1,1643626853
4887,874,1,1566549565
4887,1088,1,1578378836
4888,975,1,1629796072
4888,621,1,1615817706
4888,665,1,1612960296
4888,542,1,1632906638
4888,133,1,1636190369
4888,1165,1,1632444324
4889,757,1,1644160037
4889,1042,1,1644555353
4889,106,1,1645282077
4889,267,1,1644555440
4889,589,1,1644158355
4890,757,1,1636801852
4890,1249,1,1626519403
4890,384,1,1636246826
4890,444,1,1627179857
4890,1515,1,1626525950
4890,275,1,1589004932
4890,427,1,1644140571
4891,757,1,1636794602
4891,747,1,1607860586
4891,114,1,1612924544
4891,692,1,1609752124
4891,827,1,1607860783
4892,757,1,1633167553
4892,26,1,1632373592
4892,1561,1,1630409953
4892,675,1,1641801807
4892,290,1,1631359285
4893,757,1,1644417413
4893,698,1,1627473757
4893,1263,1,1629357077
4893,1386,1,1633764121
4893,335,1,1631344374
4893,257,1,1635261020
4893,1387,1,1633785508
4893,542,1,1633096275
4893,15,1,1633514302
4893,154,1,1629040798
4893,932,1,1629212875
4894,757,1,1634959454
4894,1244,1,1636882038
4894,1232,1,1636775822
4894,373,1,1623488780
4894,739,1,1624453062
4895,757,1,1587365701
4895,916,1,1616144934
4895,285,1,1597486209
4895,289,1,1614581285
4895,267,1,1622984818
4895,1417,1,1628370776
4895,989,1,1625111279
4895,884,1,1590892605
4896,757,1,1629807268
4896,1346,1,1609810156
4896,1387,1,1631290804
4896,39,1,1599987511
4896,1079,1,1630165210
4897,757,1,1631232684
4897,123,1,1599976269
4897,49,1,1572060792
4897,319,1,1620861981
4897,1382,1,1599971557
4897,928,1,1629636396
4897,711,1,1625564768
4897,274,1,1626131697
4897,453,1,1596488530
4897,989,1,1630482414
4898,757,1,1630330009
4898,422,1,1637671886
4898,26,1,1627117986
4898,1099,1,1637672097
4898,376,1,1574230758
4898,859,1,1589881775
4898,1315,1,1631714969
4899,757,1,1626660991
4899,26,1,1627169282
4899,688,1,1628737813
4899,761,1,1630227110
4899,704,1,1621667271
4900,757,1,1626514198
4900,126,1,1572444121
4900,234,1,1598630871
4900,638,1,1567590153
4900,155,1,1596619352
4900,602,1,1615529182
4901,757,1,1625574163
4901,319,1,1628288254
4901,638,1,1567597384
4901,290,1,1585527972
4901,646,1,1647661054
4902,757,1,1625313051
4902,643,1,1618884121
4902,688,1,1628675025
4902,763,1,1627821678
4902,109,1,1636541039
4902,853,1,1606548000
4902,295,1,1631540336
4902,349,1,1633171646
4902,1385,1,1643677803
4902,15,1,1629778916
4902,1050,1,1626771759
4902,150,1,1615026251
4902,110,1,1627381905
4902,683,1,1644713948
4902,644,1,1612937439
4902,74,1,1631444010
4902,932,1,1628982985
4902,761,1,1630069881
4902,143,1,1634035230
4902,510,1,1630321819
4902,765,1,1643022524
4902,602,1,1615516269
4903,757,1,1616438217
4903,100,1,1632190321
4903,422,1,1637583062
4903,1099,1,1637694966
4903,947,1,1605468080
4903,357,1,1564749098
4903,660,1,1639195912
4904,757,1,1593054980
4904,403,1,1603729215
4904,242,1,1595244763
4904,1473,1,1603982699
4904,1003,1,1592554326
4904,373,1,1603978295
4905,757,1,1590867579
4905,1391,1,1592038968
4905,1311,1,1612759092
4905,665,1,1614607679
4905,140,1,1590574523
4905,527,1,1639396484
4905,542,1,1632918746
4905,947,1,1605444354
4905,1244,1,1610803561
4905,23,1,1640803392
4905,841,1,1565185206
4905,363,1,1562337387
4905,357,1,1564491902
4906,757,1,1589545973
4906,362,1,1610791735
4906,1339,1,1596465669
4906,289,1,1614710907
4906,989,1,1623908278
4907,757,1,1588157201
4907,1249,1,1616417021
4907,559,1,1645291944
4907,972,1,1563782397
4907,1082,1,1598971564
4908,757,1,1587104112
4908,1099,1,1637670469
4908,658,1,1565967303
4908,1326,1,1622115361
4908,509,1,1635737472
4908,1562,1,1618910748
4909,757,1,1644057537
4909,422,1,1637589346
4909,196,1,1620556770
4909,1050,1,1628149218
4909,1257,1,1639058234
4910,757,1,1633071246
4910,629,1,1590629455
4910,526,1,1603162652
4910,60,1,1622283564
4910,947,1,1606795286
4910,508,1,1620998493
4910,246,1,1600661690
4910,291,1,1612764088
4911,757,1,1632920009
4911,505,1,1630147841
4911,321,1,1629110825
4911,928,1,1632920983
4911,267,1,1628514510
4911,1300,1,1626265323
4912,757,1,1626252525
4912,559,1,1644677051
4912,692,1,1609685605
4912,649,1,1619929240
4912,372,1,1595977953
4912,646,1,1609856172
4913,757,1,1625114225
4913,1183,1,1617972603
4913,196,1,1620666962
4913,664,1,1594567804
4913,253,1,1593864860
4914,757,1,1622894494
4914,324,1,1615330172
4914,365,1,1596117760
4914,643,1,1618839178
4914,123,1,1599913275
4914,22,1,1639845120
4914,770,1,1641307574
4914,542,1,1634298534
4914,827,1,1576606932
4914,455,1,1592134709
4914,1039,1,1619883424
4914,659,1,1601308946
4915,757,1,1622825907
4915,100,1,1631380478
4915,127,1,1573524512
4915,1252,1,1601280219
4915,675,1,1636690414
4916,757,1,1622531094
4916,1102,1,1621866021
4916,463,1,1642598784
4916,1255,1,1600226271
4916,16,1,1640259603
4917,757,1,1621505226
4917,1324,1,1635405253
4917,1270,1,1634467777
4917,226,1,1622966201
4917,101,1,1629428952
4918,757,1,1620571425
4918,1280,1,1618902904
4918,980,1,1620908328
4918,765,1,1644714254
4918,156,1,1633247273
4919,757,1,1620559613
4919,384,1,1636230308
4919,1343,1,1644269962
4919,1325,1,1637925187
4919,196,1,1636064393
4919,1054,1,1605187919
4919,559,1,1644824949
4919,1390,1,1618871253
4919,283,1,1619402448
4919,151,1,1637783272
4920,757,1,1618129023
4920,643,1,1618860997
4920,747,1,1577905138
4920,281,1,1567739776
4920,154,1,1636574991
4920,17,1,1640226178
4920,660,1,1638022608
4921,757,1,1616765594
4921,902,1,1613601500
4921,637,1,1589732643
4921,649,1,1589643541
4921,291,1,1613775831
4922,757,1,1616482574
4922,1255,1,1642318883
4922,5,1,1642912447
4922,30,1,1630688139
4922,509,1,1635772205
4923,757,1,1593534959
4923,527,1,1638027175
4923,636,1,1570905577
4923,1199,1,1643082646
4923,732,1,1604037334
4923,111,1,1605780071
4923,376,1,1574227883
4923,653,1,1638429856
4924,757,1,1591366296
4924,1479,1,1583605250
4924,699,1,1634568651
4924,278,1,1573399560
4924,659,1,1601223323
4924,672,1,1606567146
4924,413,1,1612179027
4924,246,1,1600508032
4924,221,1,1579600155
4925,757,1,1591229371
4925,46,1,1609473752
4925,275,1,1582766782
4925,1256,1,1573443477
4925,902,1,1599247775
4925,1413,1,1619460070
4926,757,1,1590124923
4926,100,1,1630940617
4926,416,1,1635301561
4926,509,1,1635749498
4926,696,1,1642402182
4927,757,1,1590070581
4927,22,1,1634307586
4927,664,1,1594274272
4927,363,1,1562543989
4927,282,1,1558781730
4927,31,1,1643070903
4928,757,1,1589934733
4928,126,1,1572346102
4928,233,1,1600697125
4928,127,1,1573301337
4928,786,1,1620655577
4929,757,1,1589885272
4929,664,1,1595872500
4929,110,1,1628188486
4929,229,1,1585833723
4929,350,1,1589882476
4929,267,1,1629834172
4929,735,1,1587221890
4930,757,1,1587964690
4930,384,1,1636026421
4930,4,1,1608369252
4930,289,1,1615796772
4930,1164,1,1589845360
4930,761,1,1630243416
4931,757,1,1587623277
4931,699,1,1634445276
4931,275,1,1581409596
4931,527,1,1640756420
4931,338,1,1552223524
4931,290,1,1598613469
4932,757,1,1587303669
4932,126,1,1572502753
4932,285,1,1589546079
4932,278,1,1573450151
4932,662,1,1586338152
4932,841,1,1564058866
4932,336,1,1564221843
4932,338,1,1552218249
4932,659,1,1601178210
4932,732,1,1584529114
4932,350,1,1588576777
4932,286,1,1574852392
4932,646,1,1608636988
4933,757,1,1587233756
4933,233,1,1600740121
4933,822,1,1639410931
4933,559,1,1644678124
4933,638,1,1567738933
4934,757,1,1587129759
4934,648,1,1530551835
4934,349,1,1633256876
4934,336,1,1565513193
4934,981,1,1635951222
4935,757,1,1587089523
4935,428,1,1562170002
4935,629,1,1592142647
4935,852,1,1570023760
4935,336,1,1564278700
4935,430,1,1564794031
4935,972,1,1568512648
4935,282,1,1558778684
4935,357,1,1564714365
4935,221,1,1579613221
4936,757,1,1587089638
4936,229,1,1586238644
4936,350,1,1588766307
4936,267,1,1623200550
4936,128,1,1567914315
4937,757,1,1587013695
4937,862,1,1589474345
4937,1339,1,1594137913
4937,969,1,1582041421
4937,200,1,1597215588
4938,757,1,1586988630
4938,487,1,1637385979
4938,527,1,1639303642
4938,763,1,1629090634
4938,646,1,1629518018
4939,813,1,1598274305
4939,985,1,1487682557
4939,123,1,1630663205
4939,60,1,1637238022
4939,15,1,1632995518
4939,171,1,1637230648
4939,155,1,1627985133
4939,30,1,1637232283
4939,151,1,1585897666
4940,813,1,1585124845
4940,1263,1,1596719534
4940,1109,1,1594618757
4940,253,1,1592829045
4940,731,1,1608228815
4941,813,1,1576659950
4941,636,1,1570904617
4941,526,1,1631963148
4941,964,1,1635768999
4941,16,1,1640192152
4942,813,1,1631522928
4942,1102,1,1640411149
4942,687,1,1612527936
4942,286,1,1640341365
4942,373,1,1638774700
4943,813,1,1577033671
4943,847,1,1623412699
4943,1403,1,1641657806
4943,1054,1,1620010374
4943,902,1,1599386579
4943,1423,1,1640083301
4944,813,1,1576390214
4944,747,1,1636815243
4944,662,1,1586443034
4944,372,1,1591196760
4944,290,1,1585650640
4945,428,1,1563541261
4945,1391,1,1592213532
4945,637,1,1579268113
4945,155,1,1564392550
4945,128,1,1575970500
4946,428,1,1562567715
4946,26,1,1629146911
4946,928,1,1629472034
4946,637,1,1570508612
4946,508,1,1623152049
4946,30,1,1647801302
4947,428,1,1562816532
4947,23,1,1640855717
4947,638,1,1567610292
4947,282,1,1573736375
4947,989,1,1625723861
4947,306,1,1614509918
4948,428,1,1562647559
4948,1119,1,1602586257
4948,902,1,1598419372
4948,1082,1,1599311651
4948,761,1,1630236166
4948,1161,1,1626063798
4949,428,1,1580966992
4949,612,1,1613759915
4949,979,1,1581596978
4949,671,1,1625985625
4949,1235,1,1636952138
4949,1232,1,1643845024
4949,154,1,1629225920
4949,1071,1,1643258917
4949,156,1,1631954454
4950,428,1,1577012576
4950,747,1,1575980959
4950,281,1,1575684797
4950,637,1,1576924162
4950,357,1,1577939442
4950,31,1,1643011652
4951,428,1,1562147614
4951,658,1,1565950725
4951,336,1,1564455945
4951,150,1,1615028363
4951,508,1,1620987574
4952,428,1,1562217038
4952,49,1,1572079656
4952,278,1,1573440357
4952,59,1,1605870178
4952,841,1,1564161688
4952,645,1,1568124681
4952,286,1,1574859051
4953,428,1,1562170976
4953,126,1,1572364932
4953,257,1,1634582111
4953,777,1,1640248010
4953,638,1,1567877417
4954,428,1,1562539922
4954,233,1,1600686271
4954,649,1,1613479265
4954,397,1,1629380270
4954,357,1,1564408751
4954,306,1,1613049992
4955,428,1,1562368916
4955,467,1,1638600689
4955,1199,1,1643227366
4955,289,1,1616840313
4955,1326,1,1622213410
4955,775,1,1616860683
4956,428,1,1562227749
4956,281,1,1566468416
4956,658,1,1565953248
4956,662,1,1586163042
4956,824,1,1584698660
4956,585,1,1585795574
4956,282,1,1558780830
4957,428,1,1562161656
4957,22,1,1635781786
4957,336,1,1564242682
4957,363,1,1562332996
4957,416,1,1633765940
4958,428,1,1562152832
4958,654,1,1567334824
4958,1032,1,1611656433
4958,336,1,1564222284
4958,972,1,1559907667
4958,282,1,1558777946
4959,428,1,1562148488
4959,625,1,1592374778
4959,281,1,1566467335
4959,658,1,1565950472
4959,336,1,1564222045
4959,363,1,1562335532
4959,585,1,1585805225
4959,312,1,1589971073
4959,282,1,1558778058
4959,376,1,1574221859
4960,428,1,1562147487
4960,163,1,1609242495
4960,281,1,1566468860
4960,282,1,1558778202
4960,357,1,1564396067
4961,985,1,1512963888
4961,363,1,1562948514
4961,111,1,1606724094
4961,282,1,1558798328
4961,155,1,1563987359
4962,985,1,1517684337
4962,928,1,1629391513
4962,1029,1,1583737361
4962,338,1,1583568374
4962,732,1,1583610716
4962,1161,1,1646283702
4963,985,1,1487416036
4963,481,1,1606656759
4963,617,1,1596114022
4963,637,1,1568736928
4963,841,1,1564068858
4964,985,1,1488024490
4964,654,1,1568209624
4964,256,1,1643923125
4964,696,1,1643850738
4964,156,1,1632308840
4964,482,1,1597254480
4965,1470,1,1597986599
4965,149,1,1596871106
4965,621,1,1636023428
4965,1339,1,1642063582
4965,1161,1,1626086696
4965,482,1,1597249951
4966,1470,1,1598264951
4966,692,1,1610307478
4966,1125,1,1599410967
4966,659,1,1601134241
4966,552,1,1614112601
4967,1470,1,1598246067
4967,275,1,1606711249
4967,110,1,1629202090
4967,430,1,1605434395
4967,602,1,1617109720
4968,1470,1,1598880413
4968,928,1,1643210569
4968,429,1,1560180858
4968,1256,1,1573315455
4968,155,1,1619608067
4968,1300,1,1643188854
4969,1249,1,1616592107
4969,990,1,1611497441
4969,1255,1,1618931048
4969,285,1,1611915280
4969,372,1,1613825957
4970,1249,1,1634462881
4970,481,1,1606634423
4970,281,1,1566492669
4970,503,1,1633841706
4970,1247,1,1631097382
4970,128,1,1567774061
4970,646,1,1610897456
4970,291,1,1612086899
4970,306,1,1612869709
4971,1249,1,1616431406
4971,1418,1,1575159148
4971,49,1,1572059279
4971,636,1,1572254075
4971,1563,1,1539101072
4971,509,1,1635866377
4972,1249,1,1616560086
4972,324,1,1613395599
4972,692,1,1609645995
4972,552,1,1612619103
4972,1035,1,1621140666
4973,1249,1,1616408718
4973,1447,1,1641564081
4973,4,1,1608967463
4973,571,1,1599933392
4973,350,1,1588643996
4973,13,1,1607099845
4974,1249,1,1619253494
4974,699,1,1635059114
4974,552,1,1612623969
4974,290,1,1601864286
4974,989,1,1626878624
4975,1249,1,1617554549
4975,830,1,1633239989
4975,1386,1,1634391557
4975,508,1,1620990773
4975,296,1,1627287834
4975,777,1,1640247434
4975,509,1,1636465663
4976,1249,1,1616406276
4976,1263,1,1637017875
4976,971,1,1587624034
4976,281,1,1566472392
4976,127,1,1573302084
4976,150,1,1615023863
4976,638,1,1567592573
4976,357,1,1564402132
4977,1249,1,1618412082
4977,275,1,1581356017
4977,467,1,1638505359
4977,902,1,1597571319
4977,155,1,1563897863
4978,1249,1,1618242686
4978,671,1,1625926100
4978,559,1,1644662757
4978,1467,1,1634472177
4978,777,1,1641663180
4978,286,1,1611765369
4978,115,1,1614442896
4978,589,1,1642158565
4979,1249,1,1618025340
4979,879,1,1601355898
4979,467,1,1638505794
4979,1382,1,1615354094
4979,427,1,1641184646
4979,373,1,1590943256
4980,1249,1,1617545136
4980,770,1,1640012266
4980,296,1,1627391058
4980,115,1,1613220156
4980,156,1,1633936777
4981,1249,1,1617539594
4981,463,1,1642358410
4981,127,1,1574954672
4981,338,1,1552224636
4981,134,1,1621616784
4982,1249,1,1616985663
4982,295,1,1631764142
4982,74,1,1632833290
4982,1071,1,1641723353
4982,1247,1,1631275483
4982,989,1,1625287508
4983,1249,1,1616980904
4983,747,1,1575897539
4983,59,1,1623591385
4983,110,1,1627378383
4983,761,1,1630319082
4983,357,1,1564446735
4984,1269,1,1635179759
4984,184,1,1601118490
4984,916,1,1616154238
4984,692,1,1609581567
4984,827,1,1576579881
4984,1178,1,1647214554
4984,683,1,1645266305
4984,73,1,1642728620
4984,659,1,1601117372
4984,552,1,1612612230
4984,134,1,1621591291
4984,376,1,1574222011
4984,221,1,1581523391
4984,739,1,1623021177
4985,1269,1,1643544915
4985,1293,1,1628861219
4985,1386,1,1635072242
4985,1076,1,1630170911
4985,939,1,1624877802
4985,638,1,1570008843
4986,1269,1,1638081963
4986,1073,1,1632741515
4986,1392,1,1622438067
4986,527,1,1641710111
4986,214,1,1633094349
4986,60,1,1621694344
4986,274,1,1638533309
4987,1269,1,1635233125
4987,1099,1,1637809164
4987,822,1,1640896952
4987,559,1,1644788687
4987,503,1,1635918922
4988,1269,1,1635229125
4988,100,1,1630665086
4988,654,1,1567327024
4988,928,1,1629504508
4988,128,1,1567838088
4989,1269,1,1635092144
4989,625,1,1592372120
4989,184,1,1601172063
4989,671,1,1625987887
4989,114,1,1613468407
4989,659,1,1601141787
4989,672,1,1606671205
4989,312,1,1590055232
4989,509,1,1635964883
4990,1269,1,1634971858
4990,60,1,1622432983
4990,15,1,1632147381
4990,1573,1,1642737388
4990,333,1,1644052926
4991,1269,1,1634832595
4991,1357,1,1626109696
4991,880,1,1598990580
4991,1263,1,1622651337
4991,1152,1,1622650096
4991,777,1,1641831714
4992,1333,1,1635640087
4992,609,1,1636288921
4992,792,1,1634860821
4992,416,1,1634904745
4992,696,1,1642207108
4993,1333,1,1636394799
4993,502,1,1642305872
4993,78,1,1599663623
4993,1043,1,1624457423
4993,696,1,1642263166
4994,1333,1,1636122480
4994,422,1,1639407057
4994,38,1,1638685563
4994,439,1,1639060092
4994,171,1,1633187473
4995,1333,1,1636121687
4995,1022,1,1639644352
4995,114,1,1623849991
4995,585,1,1585812265
4995,563,1,1554223747
4996,1333,1,1635654605
4996,873,1,1641413453
4996,38,1,1638815800
4996,243,1,1637601362
4996,16,1,1638629303
4997,1333,1,1635535300
4997,123,1,1601401082
4997,972,1,1559816347
4997,289,1,1616597676
4997,777,1,1640247793
4998,1333,1,1635503520
4998,527,1,1638008638
4998,106,1,1633667383
4998,5,1,1641804172
4998,291,1,1612098071
4998,989,1,1624001432
4999,1333,1,1642592089
4999,439,1,1641443850
4999,427,1,1641443472
4999,981,1,1636883107
4999,291,1,1612345422
5000,1333,1,1637376894
5000,418,1,1629096187
5000,585,1,1586188667
5000,646,1,1608630724
5000,1211,1,1642072435
5001,1333,1,1636637212
5001,349,1,1633796211
5001,827,1,1586279071
5001,1211,1,1642070266
5001,602,1,1616776400
5002,1324,1,1635569796
5002,422,1,1637581530
5002,1054,1,1644776585
5002,257,1,1634556292
5002,1387,1,1634557719
5002,792,1,1634645385
5003,1324,1,1635157701
5003,26,1,1628771433
5003,1119,1,1623040805
5003,21,1,1640700024
5003,770,1,1642073995
5003,602,1,1641742033
5004,1324,1,1633602675
5004,502,1,1642332769
5004,1300,1,1586251288
5004,1211,1,1642579752
5004,156,1,1632394787
5005,1324,1,1633414485
5005,1119,1,1619497688
5005,215,1,1604545586
5005,1029,1,1610978372
5005,415,1,1599449083
5006,1324,1,1633144550
5006,384,1,1636058208
5006,418,1,1631424019
5006,186,1,1641339729
5006,275,1,1614999590
5006,439,1,1638677411
5006,1211,1,1642072914
5007,1324,1,1633069585
5007,1172,1,1642946616
5007,1377,1,1603637742
5007,386,1,1639873701
5007,1233,1,1619519786
5007,415,1,1599323638
5007,413,1,1611908231
5008,1324,1,1633061219
5008,26,1,1632152921
5008,184,1,1601270517
5008,60,1,1620975233
5008,1076,1,1643100207
5008,510,1,1630919324
5009,1324,1,1633061081
5009,770,1,1641376154
5009,547,1,1633068971
5009,256,1,1643113670
5009,1377,1,1604745779
5009,1413,1,1621079482
5010,1324,1,1633057236
5010,648,1,1558236822
5010,275,1,1615565847
5010,502,1,1642429924
5010,563,1,1554228754
5011,1324,1,1633032044
5011,1255,1,1628792505
5011,15,1,1629924035
5011,267,1,1624545068
5011,78,1,1598639892
5011,333,1,1644054292
5011,13,1,1616870257
5012,1324,1,1633180401
5012,321,1,1560579059
5012,1142,1,1577972238
5012,234,1,1598621218
5012,1256,1,1569737888
5012,336,1,1565492196
5012,221,1,1580145297
5013,1324,1,1640781746
5013,321,1,1564981761
5013,137,1,1608107433
5013,23,1,1640830713
5013,725,1,1644921869
5014,1324,1,1634455263
5014,324,1,1613384418
5014,594,1,1615030927
5014,38,1,1638613214
5014,109,1,1636529760
5014,60,1,1621000606
5014,1039,1,1617375703
5014,229,1,1585828318
5014,39,1,1600082589
5014,552,1,1612630689
5014,350,1,1588550606
5014,134,1,1621595536
5014,509,1,1635771665
5015,1324,1,1633450149
5015,384,1,1636130033
5015,274,1,1627565192
5015,363,1,1575130439
5015,585,1,1585808369
5015,731,1,1603683673
5015,653,1,1638423783
5016,1324,1,1633021956
5016,890,1,1553164663
5016,665,1,1614289600
5016,744,1,1557750525
5016,277,1,1556349973
5016,285,1,1589605252
5017,1324,1,1634561829
5017,1032,1,1611828888
5017,58,1,1634128549
5017,506,1,1614170911
5017,629,1,1592102602
5017,602,1,1617054778
5018,1324,1,1633575149
5018,964,1,1635571179
5018,419,1,1646486361
5018,308,1,1630072769
5018,696,1,1642250002
5019,1324,1,1634355721
5019,540,1,1633878570
5019,928,1,1628268358
5019,1387,1,1633014448
5019,509,1,1637110590
5020,1324,1,1633867040
5020,594,1,1615118614
5020,609,1,1636186116
5020,1099,1,1638339736
5020,563,1,1554204459
5021,1324,1,1633093464
5021,1391,1,1606653674
5021,100,1,1630740488
5021,295,1,1632920514
5021,150,1,1616407222
5021,509,1,1635739009
5021,696,1,1642352570
5022,1324,1,1633089379
5022,49,1,1572057705
5022,275,1,1581331254
5022,770,1,1640011434
5022,528,1,1640446146
5022,16,1,1638682207
5023,1324,1,1633045399
5023,604,1,1625154692
5023,275,1,1581327485
5023,744,1,1557751744
5023,109,1,1636452082
5023,430,1,1564739346
5023,644,1,1612519985
5023,659,1,1602327152
5023,509,1,1635846956
5023,989,1,1623990161
5024,1324,1,1633034492
5024,1292,1,1570103863
5024,1385,1,1644436729
5024,660,1,1638044418
5024,1211,1,1642185317
5025,1324,1,1633026778
5025,1311,1,1613053303
5025,17,1,1640135143
5025,308,1,1631410837
5025,267,1,1623937980
5025,13,1,1607226953
5026,1324,1,1633025191
5026,1183,1,1621959188
5026,384,1,1637593746
5026,244,1,1626495744
5026,78,1,1595433366
5026,156,1,1631961688
5027,1324,1,1633005850
5027,4,1,1608113533
5027,214,1,1632665457
5027,349,1,1633182216
5027,644,1,1611128805
5027,833,1,1619960998
5027,134,1,1621609114
5028,1324,1,1633005003
5028,26,1,1627319197
5028,527,1,1638013756
5028,319,1,1621084951
5028,289,1,1616836686
5028,17,1,1640260624
5029,1391,1,1597619113
5029,654,1,1567722289
5029,1255,1,1486113684
5029,289,1,1617063737
5029,510,1,1630380150
5030,885,1,1624585158
5030,890,1,1603854650
5030,879,1,1631861264
5030,4,1,1627393344
5030,671,1,1626873068
5031,885,1,1597311155
5031,1054,1,1606266779
5031,732,1,1595089663
5031,357,1,1564673716
5031,859,1,1589855446
5032,885,1,1599224519
5032,125,1,1561130145
5032,126,1,1572353145
5032,371,1,1586517533
5032,852,1,1570070273
5032,15,1,1631698234
5032,1232,1,1613130447
5032,338,1,1574861789
5032,111,1,1605791294
5032,155,1,1593919205
5032,128,1,1567780671
5032,283,1,1619202384
5032,151,1,1603183475
5033,885,1,1592048060
5033,661,1,1584967204
5033,1032,1,1612947467
5033,1382,1,1591344346
5033,278,1,1573398681
5033,110,1,1627379842
5034,885,1,1597320710
5034,664,1,1594305267
5034,253,1,1594306126
5034,644,1,1611127514
5034,646,1,1608632530
5035,885,1,1594352396
5035,321,1,1582690513
5035,126,1,1572363874
5035,453,1,1596518858
5035,775,1,1618420835
5036,885,1,1604068043
5036,422,1,1637768665
5036,49,1,1630334003
5036,1390,1,1623123121
5036,509,1,1637156166
5037,885,1,1592127370
5037,1481,1,1623401913
5037,349,1,1633178043
5037,687,1,1597022631
5037,437,1,1621051003
5038,885,1,1592047044
5038,324,1,1613388600
5038,242,1,1595242537
5038,234,1,1598615945
5038,662,1,1586316328
5038,644,1,1611136606
5038,552,1,1612608262
5038,78,1,1595346547
5039,885,1,1591985718
5039,1124,1,1574765148
5039,625,1,1592386010
5039,1392,1,1622457129
5039,889,1,1611692772
5039,246,1,1625488319
5040,885,1,1600050822
5040,612,1,1594289225
5040,1515,1,1610631181
5040,526,1,1610096714
5040,450,1,1594839499
5040,363,1,1594226342
5040,312,1,1602162534
5040,290,1,1593618475
5041,885,1,1597839838
5041,879,1,1608308682
5041,1097,1,1635671474
5041,238,1,1602942532
5041,59,1,1617884121
5041,289,1,1614492785
5041,291,1,1612064686
5042,885,1,1595929956
5042,463,1,1644573098
5042,810,1,1587556977
5042,15,1,1637058397
5042,1199,1,1645355790
5042,659,1,1601165008
5042,1211,1,1644596045
5043,885,1,1594612466
5043,53,1,1631511484
5043,527,1,1638008086
5043,1275,1,1633931996
5043,171,1,1631358901
5043,1082,1,1598926168
5044,885,1,1593007642
5044,455,1,1603202425
5044,372,1,1590932186
5044,453,1,1596462641
5044,290,1,1595334343
5044,479,1,1596186486
5045,885,1,1592222989
5045,625,1,1593078230
5045,126,1,1572448032
5045,1032,1,1611735155
5045,947,1,1605486627
5045,644,1,1611225032
5045,350,1,1588596042
5046,885,1,1592054352
5046,278,1,1589186732
5046,644,1,1611129578
5046,659,1,1602123981
5046,646,1,1610856366
5047,885,1,1595205814
5047,1325,1,1625096501
5047,928,1,1628315924
5047,74,1,1631419928
5047,357,1,1564413023
5048,1183,1,1633273792
5048,21,1,1640451547
5048,38,1,1638663281
5048,22,1,1635558865
5048,275,1,1604898207
5048,916,1,1616289119
5048,277,1,1556328777
5048,274,1,1627353374
5048,1050,1,1626804769
5048,528,1,1642779141
5048,972,1,1614546528
5048,289,1,1615909864
5048,833,1,1619974586
5048,1326,1,1622171556
5048,488,1,1609251054
5048,296,1,1627304166
5048,552,1,1612645108
5048,433,1,1609098260
5048,155,1,1565308419
5048,115,1,1613227383
5048,283,1,1619183622
5049,1183,1,1617819391
5049,100,1,1630734895
5049,645,1,1568448036
5049,1315,1,1630108538
5049,291,1,1612090158
5050,1183,1,1616936622
5050,184,1,1601107409
5050,445,1,1631792311
5050,78,1,1597245778
5050,660,1,1638014442
5051,1183,1,1616335296
5051,277,1,1594515793
5051,928,1,1633611555
5051,1385,1,1643710470
5051,289,1,1614490098
5051,732,1,1567773189
5051,989,1,1626186843
5052,1183,1,1616216575
5052,1479,1,1583632171
5052,229,1,1585845454
5052,290,1,1585495584
5052,306,1,1613890764
5053,1183,1,1616160467
5053,233,1,1600697783
5053,1032,1,1611666527
5053,978,1,1622822796
5053,251,1,1599617757
5053,1039,1,1617338650
5053,42,1,1615111143
5053,415,1,1599135486
5053,413,1,1610878384
5054,1183,1,1616155788
5054,527,1,1639370228
5054,932,1,1628849427
5054,296,1,1627287596
5054,1468,1,1642073959
5055,1452,1,1631934805
5055,1018,1,1620385175
5055,150,1,1617003115
5055,528,1,1642053278
5055,939,1,1623331307
5056,1452,1,1630467521
5056,979,1,1581722651
5056,1517,1,1629118703
5056,1368,1,1630318592
5056,509,1,1635749795
5056,156,1,1631844303
5056,187,1,1584057540
5057,745,1,1635946205
5057,391,1,1636910856
5057,1115,1,1642658866
5057,983,1,1634440896
5057,386,1,1634047433
5058,1102,1,1620658576
5058,126,1,1572346989
5058,1141,1,1599217452
5058,277,1,1558009126
5058,858,1,1616855808
5058,1336,1,1496012833
5058,282,1,1559660175
5058,779,1,1587783637
5058,1023,1,1508842274
5058,602,1,1615976409
5059,1102,1,1641372079
5059,688,1,1629445722
5059,747,1,1576331096
5059,827,1,1576762163
5059,989,1,1623910623
5060,1102,1,1626257554
5060,698,1,1608677149
5060,1448,1,1591622308
5060,1040,1,1615424884
5060,200,1,1602213190
5060,1358,1,1632141005
5061,315,1,1643283448
5061,450,1,1587208951
5061,206,1,1605784862
5061,39,1,1602473921
5061,557,1,1623577814
5062,315,1,1643031613
5062,808,1,1584058608
5062,242,1,1595219459
5062,455,1,1592124840
5062,1351,1,1632569671
5062,1352,1,1632914285
5062,470,1,1624184136
5063,315,1,1643032445
5063,540,1,1632571849
5063,1351,1,1632580613
5063,777,1,1640249234
5063,1352,1,1632979645
5064,315,1,1643029802
5064,1351,1,1632577814
5064,552,1,1612695568
5064,1352,1,1632977084
5064,470,1,1624446723
5065,159,1,1594828782
5065,996,1,1590417024
5065,671,1,1625931149
5065,160,1,1586254217
5065,559,1,1644671674
5065,833,1,1619977340
5066,159,1,1594827358
5066,324,1,1613561120
5066,540,1,1634139360
5066,257,1,1634704377
5066,1387,1,1636028821
5066,833,1,1621425323
5066,296,1,1628569311
5066,376,1,1574508664
5066,509,1,1635740661
5067,159,1,1594805053
5067,808,1,1586097192
5067,996,1,1590394863
5067,521,1,1639535504
5067,132,1,1640696621
5068,159,1,1595270245
5068,612,1,1588053502
5068,688,1,1628685174
5068,1255,1,1486027250
5068,636,1,1570903514
5068,1382,1,1590372560
5068,1491,1,1634974552
5068,649,1,1578851182
5068,338,1,1644267508
5068,363,1,1580982258
5068,638,1,1580981818
5068,376,1,1574253951
5068,373,1,1568983286
5068,291,1,1612227608
5069,159,1,1594892414
5069,455,1,1593618168
5069,508,1,1621053071
5069,1257,1,1566564254
5069,357,1,1565878782
5069,13,1,1607248730
5069,27,1,1618832870
5070,159,1,1594808369
5070,890,1,1553066649
5070,711,1,1609807511
5070,350,1,1588552449
5070,884,1,1590395673
5071,159,1,1594804962
5071,126,1,1572359035
5071,683,1,1644483742
5071,416,1,1633766158
5071,16,1,1638954517
5071,155,1,1563885423
5071,128,1,1567766538
5072,1321,1,1592325499
5072,160,1,1615114545
5072,455,1,1596077815
5072,833,1,1620213200
5072,638,1,1572714975
5073,1321,1,1581735974
5073,1231,1,1625004698
5073,1142,1,1578610427
5073,1244,1,1625235274
5073,653,1,1641078829
5074,1321,1,1599487675
5074,1054,1,1607712912
5074,1252,1,1592519378
5074,150,1,1615187824
5074,373,1,1571023649
5074,739,1,1622543770
5075,1321,1,1608112449
5075,688,1,1628742295
5075,1054,1,1606136621
5075,526,1,1614195886
5075,455,1,1630396637
5075,42,1,1615268068
5075,660,1,1637988262
5076,1321,1,1585348420
5076,96,1,1604589404
5076,1323,1,1624888914
5076,654,1,1575182147
5076,126,1,1578491325
5076,1424,1,1605027621
5077,96,1,1604716724
5077,830,1,1631814845
5077,527,1,1638149227
5077,609,1,1637449533
5077,939,1,1622567012
5077,376,1,1574307094
5078,96,1,1605889332
5078,125,1,1563215098
5078,1156,1,1594747883
5078,1292,1,1572076962
5078,711,1,1609702001
5078,372,1,1592248288
5078,638,1,1567606389
5079,96,1,1604647751
5079,233,1,1600733982
5079,137,1,1600632454
5079,775,1,1616882741
5079,306,1,1612885227
5080,96,1,1604580833
5080,249,1,1570037739
5080,150,1,1616602654
5080,296,1,1627289475
5080,151,1,1575367237
5081,1551,1,1634135762
5081,830,1,1631713113
5081,4,1,1608217726
5081,256,1,1642738452
5081,119,1,1644713762
5081,587,1,1640960392
5081,675,1,1638145267
5081,1553,1,1628083688
5081,509,1,1635737833
5082,698,1,1592735640
5082,1418,1,1573806140
5082,873,1,1641475129
5082,205,1,1643895804
5082,1088,1,1616234930
5083,698,1,1588759674
5083,850,1,1597669381
5083,1277,1,1583653345
5083,226,1,1618926365
5083,289,1,1619444806
5084,698,1,1588775746
5084,1277,1,1583682971
5084,137,1,1600510322
5084,1275,1,1629735759
5084,445,1,1631986507
5085,698,1,1604682109
5085,249,1,1605279038
5085,1336,1,1606395787
5085,433,1,1610360629
5085,180,1,1616774590
5086,698,1,1588790059
5086,521,1,1640551811
5086,132,1,1640723790
5086,433,1,1607439199
5086,415,1,1599153062
5087,1093,1,1577531913
5087,1386,1,1633676042
5087,1574,1,1553091759
5087,343,1,1632930217
5087,653,1,1638340986
5088,1093,1,1577615790
5088,658,1,1566051971
5088,339,1,1569990328
5088,976,1,1642505492
5088,291,1,1613518841
5089,1093,1,1577526855
5089,643,1,1618868977
5089,979,1,1581615561
5089,109,1,1636451856
5089,111,1,1605791684
5090,1093,1,1577504360
5090,658,1,1566054608
5090,338,1,1552216546
5090,413,1,1610973692
5090,357,1,1564415948
5090,291,1,1612861033
5091,1093,1,1577502787
5091,625,1,1592358494
5091,190,1,1615711224
5091,214,1,1632645394
5091,30,1,1626343279
5091,883,1,1561865576
5092,1093,1,1579341562
5092,422,1,1637767327
5092,890,1,1553046920
5092,648,1,1528518536
5092,612,1,1587307717
5092,184,1,1601112997
5092,928,1,1628220005
5092,792,1,1632672139
5092,658,1,1566560549
5092,833,1,1620047995
5092,296,1,1627309016
5092,17,1,1640440202
5092,282,1,1558860242
5092,376,1,1577509105
5092,246,1,1601862740
5092,115,1,1613117051
5093,1093,1,1579106872
5093,249,1,1575209769
5093,637,1,1568853818
5093,336,1,1564243325
5093,833,1,1620010097
5094,1093,1,1577510612
5094,242,1,1597817706
5094,418,1,1629092975
5094,467,1,1638506585
5094,171,1,1631359666
5094,78,1,1595340070
5095,1093,1,1577509422
5095,125,1,1561039461
5095,126,1,1572654957
5095,275,1,1581328431
5095,971,1,1587622959
5095,744,1,1557750381
5095,429,1,1546857959
5095,127,1,1573307832
5095,249,1,1581247902
5095,155,1,1563887355
5095,373,1,1571121780
5095,1493,1,1625962001
5095,221,1,1583122463
5095,128,1,1567768944
5095,883,1,1561811898
5096,1093,1,1577508637
5096,527,1,1638359014
5096,127,1,1573895806
5096,508,1,1621175194
5096,1257,1,1567141393
5097,1093,1,1577502702
5097,84,1,1636363527
5097,612,1,1622972080
5097,233,1,1600694517
5097,964,1,1635678911
5097,827,1,1576587853
5097,638,1,1567773434
5097,376,1,1574227305
5097,989,1,1623836089
5098,1093,1,1577502468
5098,699,1,1634385161
5098,126,1,1572346006
5098,49,1,1572262844
5098,109,1,1636450839
5098,281,1,1566483644
5098,349,1,1633157279
5098,127,1,1573301752
5098,249,1,1570099458
5098,278,1,1573383890
5098,662,1,1586169457
5098,841,1,1564052643
5098,336,1,1564224537
5098,312,1,1589973295
5098,488,1,1609163364
5098,732,1,1564848927
5098,296,1,1627287110
5098,777,1,1640246706
5098,552,1,1612606706
5098,308,1,1630057454
5098,638,1,1567592965
5098,282,1,1558781975
5098,376,1,1574246390
5098,286,1,1574849177
5099,1418,1,1617838022
5099,53,1,1631771815
5099,186,1,1641305500
5099,277,1,1623462634
5099,17,1,1640091166
5100,1418,1,1584733150
5100,38,1,1638687272
5100,920,1,1641503986
5100,249,1,1570129387
5100,659,1,1601320981
5101,1418,1,1575337387
5101,594,1,1615028604
5101,134,1,1623505901
5101,128,1,1595041571
5101,989,1,1623888757
5101,151,1,1591541283
5102,149,1,1598632984
5102,625,1,1593985323
5102,126,1,1572627748
5102,429,1,1519070983
5102,638,1,1582477227
5103,149,1,1598362935
5103,38,1,1638683601
5103,467,1,1638525714
5103,433,1,1609599051
5103,704,1,1605766167
5104,149,1,1596779552
5104,281,1,1566479862
5104,502,1,1642317704
5104,59,1,1605873503
5104,338,1,1552292259
5104,290,1,1588854647
5104,775,1,1616944743
5105,149,1,1596722894
5105,1360,1,1644068549
5105,437,1,1620901532
5105,433,1,1607424731
5105,660,1,1638795217
5106,149,1,1597054150
5106,1032,1,1619829588
5106,251,1,1599993466
5106,426,1,1637881693
5106,368,1,1630233122
5106,415,1,1599132809
5107,149,1,1596850294
5107,125,1,1561039730
5107,481,1,1606650885
5107,521,1,1639566897
5107,1336,1,1495962352
5107,415,1,1599136651
5108,149,1,1596725405
5108,612,1,1593103379
5108,39,1,1599984818
5108,246,1,1601782689
5108,989,1,1625488999
5109,149,1,1596807551
5109,613,1,1620619562
5109,295,1,1631452225
5109,1187,1,1616989738
5109,373,1,1575811953
5110,149,1,1596785703
5110,1392,1,1622468452
5110,184,1,1601179539
5110,238,1,1601875404
5110,731,1,1603685304
5110,155,1,1563921146
5110,415,1,1599209937
5111,149,1,1597246195
5111,163,1,1609049400
5111,137,1,1602749793
5111,415,1,1599134924
5111,775,1,1616919022
5112,149,1,1596726233
5112,1054,1,1604923236
5112,1252,1,1615770782
5112,386,1,1629976674
5112,150,1,1616513179
5112,415,1,1599157962
5112,883,1,1561812313
5113,149,1,1596716079
5113,1501,1,1615832310
5113,201,1,1627376362
5113,192,1,1594984694
5113,415,1,1599129316
5114,149,1,1596716224
5114,21,1,1640324587
5114,234,1,1598614035
5114,249,1,1570106037
5114,415,1,1599129918
5114,128,1,1567775076
5115,149,1,1596723500
5115,1393,1,1640235054
5115,954,1,1581510651
5115,1065,1,1591548930
5115,735,1,1587230296
5116,149,1,1596715818
5116,233,1,1600686357
5116,4,1,1608113067
5116,349,1,1633787769
5116,1082,1,1598861878
5116,415,1,1599563286
5117,149,1,1597050420
5117,233,1,1600837745
5117,419,1,1645860950
5117,119,1,1643368949
5117,253,1,1592115422
5117,306,1,1613287490
5118,149,1,1596731205
5118,100,1,1630751727
5118,126,1,1572348831
5118,282,1,1558778036
5118,413,1,1610876385
5119,149,1,1596719433
5119,648,1,1528657058
5119,371,1,1586492901
5119,1377,1,1604567523
5119,662,1,1586164480
5119,932,1,1629649670
5119,393,1,1613404686
5120,149,1,1624106769
5120,429,1,1514948559
5120,1413,1,1624094464
5120,503,1,1633523773
5120,283,1,1620618552
5121,149,1,1596726897
5121,928,1,1629635187
5121,281,1,1566473799
5121,336,1,1564220901
5121,155,1,1563893995
5122,149,1,1596725412
5122,763,1,1627035119
5122,827,1,1576593095
5122,336,1,1564242463
5122,1301,1,1582545374
5122,290,1,1585531954
5123,149,1,1596725070
5123,163,1,1611337728
5123,125,1,1561112629
5123,415,1,1599130533
5123,343,1,1633006609
5124,149,1,1596723133
5124,648,1,1528472044
5124,625,1,1592365503
5124,275,1,1581327309
5124,430,1,1567005533
5125,149,1,1596722281
5125,654,1,1567331240
5125,125,1,1561043257
5125,128,1,1567767436
5125,482,1,1597245173
5126,149,1,1596720639
5126,403,1,1628177478
5126,947,1,1605540964
5126,415,1,1599139540
5126,602,1,1621584911
5127,149,1,1596720346
5127,487,1,1637511312
5127,427,1,1640701003
5127,510,1,1630324377
5127,660,1,1637988256
5127,1493,1,1626003638
5128,149,1,1596719565
5128,654,1,1568360734
5128,1325,1,1624967832
5128,233,1,1600788418
5128,1099,1,1637679337
5128,253,1,1591979722
5128,976,1,1641465077
5128,306,1,1612955992
5129,149,1,1596719380
5129,49,1,1574945227
5129,637,1,1568981965
5129,659,1,1601130462
5129,229,1,1585899288
5129,638,1,1568503424
5129,415,1,1599139334
5129,357,1,1568504423
5130,149,1,1596719308
5130,49,1,1572178249
5130,1142,1,1577734609
5130,1232,1,1587630518
5130,1257,1,1597170615
5130,1082,1,1600677248
5130,415,1,1599387901
5131,324,1,1625924521
5131,763,1,1629190969
5131,1328,1,1612340854
5131,692,1,1625925031
5131,552,1,1625924187
5131,372,1,1625909468
5132,324,1,1615697249
5132,594,1,1615026970
5132,643,1,1618827783
5132,506,1,1614305687
5132,473,1,1629710597
5132,73,1,1642515455
5132,416,1,1634554031
5132,589,1,1642135362
5133,324,1,1613388680
5133,594,1,1615027744
5133,643,1,1618826092
5133,692,1,1609581436
5133,73,1,1642499637
5134,324,1,1613385267
5134,643,1,1618911650
5134,659,1,1601201623
5134,552,1,1612608450
5134,134,1,1622859900
5135,324,1,1613384522
5135,594,1,1615028868
5135,889,1,1618123218
5135,672,1,1606553020
5135,552,1,1612670355
5136,324,1,1613381990
5136,672,1,1606553096
5136,111,1,1605778435
5136,552,1,1612606115
5136,134,1,1621590034
5137,324,1,1613382504
5137,643,1,1618825343
5137,692,1,1609586689
5137,644,1,1611137129
5137,672,1,1606563402
5137,111,1,1605785857
5138,324,1,1613582225
5138,1073,1,1632823869
5138,60,1,1620994077
5138,1467,1,1634475831
5138,312,1,1590109840
5139,324,1,1613470286
5139,123,1,1600440397
5139,285,1,1589450121
5139,659,1,1601461430
5139,672,1,1606553416
5140,324,1,1614202332
5140,1270,1,1632515123
5140,852,1,1623630045
5140,23,1,1640892229
5140,508,1,1622420865
5141,324,1,1613455902
5141,109,1,1636450884
5141,692,1,1609591260
5141,111,1,1605780472
5141,552,1,1612604209
5141,1065,1,1587898642
5142,324,1,1613438882
5142,234,1,1598621786
5142,659,1,1601132933
5142,672,1,1606566610
5142,552,1,1612615614
5143,324,1,1613389999
5143,594,1,1615024554
5143,234,1,1598662613
5143,1199,1,1643083222
5143,150,1,1615114366
5143,644,1,1611137113
5143,659,1,1601292985
5143,291,1,1613807006
5144,324,1,1613389432
5144,561,1,1614699151
5144,233,1,1600819586
5144,362,1,1610690437
5144,4,1,1608115819
5144,827,1,1576627772
5144,662,1,1586273478
5144,644,1,1611126131
5144,638,1,1567599623
5144,282,1,1558800083
5144,563,1,1554208367
5144,883,1,1563172418
5145,324,1,1613388525
5145,643,1,1618835211
5145,467,1,1638505531
5145,150,1,1615024155
5145,508,1,1620987847
5145,134,1,1621596587
5146,324,1,1613387965
5146,285,1,1589530068
5146,368,1,1630231107
5146,134,1,1622107352
5146,848,1,1586533934
5147,324,1,1613386562
5147,594,1,1615026258
5147,109,1,1636453308
5147,349,1,1633179757
5147,672,1,1606555529
5147,134,1,1621741302
5148,324,1,1613385968
5148,422,1,1637658317
5148,365,1,1596109679
5148,38,1,1638609247
5148,643,1,1618843889
5148,109,1,1636533962
5148,1099,1,1637727073
5148,559,1,1644947630
5148,692,1,1609670691
5148,687,1,1597915109
5148,171,1,1631355497
5148,73,1,1643394007
5148,672,1,1606664036
5148,509,1,1635740778
5149,324,1,1613384074
5149,234,1,1598610663
5149,285,1,1589454321
5149,662,1,1587619217
5149,659,1,1601114384
5149,672,1,1606555976
5150,324,1,1613383999
5150,73,1,1642512035
5150,16,1,1638646135
5150,111,1,1605784793
5150,134,1,1621594736
5150,306,1,1612878153
5151,324,1,1613382506
5151,594,1,1615023962
5151,150,1,1615024407
5151,110,1,1627377850
5151,134,1,1621590124
5152,324,1,1613382005
5152,275,1,1606613790
5152,234,1,1598618651
5152,285,1,1589468622
5152,73,1,1642499747
5152,659,1,1601120673
5152,672,1,1606553364
5152,1493,1,1625962285
5153,324,1,1613381692
5153,371,1,1586874180
5153,109,1,1636450905
5153,285,1,1589704375
5153,672,1,1606553808
5154,324,1,1613381532
5154,594,1,1615023055
5154,1392,1,1622372446
5154,1050,1,1626768108
5154,1039,1,1617336644
5154,508,1,1620986446
5154,289,1,1614481555
5154,644,1,1611125851
5154,552,1,1612603854
5154,306,1,1612867855
5155,324,1,1613381496
5155,365,1,1596116539
5155,234,1,1598608280
5155,662,1,1586162924
5155,150,1,1615024358
5155,672,1,1606552829
5155,552,1,1612603883
5155,221,1,1579599194
5156,324,1,1613381436
5156,594,1,1615023121
5156,643,1,1618824718
5156,692,1,1609579839
5156,246,1,1600488316
5157,324,1,1613381815
5157,643,1,1618824961
5157,1152,1,1616929720
5157,349,1,1633171241
5157,692,1,1609585808
5157,644,1,1611125628
5158,324,1,1629508525
5158,594,1,1629508480
5158,643,1,1629536069
5158,692,1,1629508605
5158,672,1,1629508689
5158,111,1,1629508707
5158,552,1,1629508542
5158,134,1,1629508290
5159,324,1,1614682036
5159,242,1,1595240191
5159,137,1,1600620265
5159,692,1,1610548673
5159,455,1,1594834537
5159,1014,1,1634976744
5159,87,1,1614877111
5159,693,1,1602529278
5159,659,1,1601131686
5159,672,1,1606736230
5159,1003,1,1592534006
5159,155,1,1590422555
5159,143,1,1634047454
5159,128,1,1583327121
5160,324,1,1614356573
5160,625,1,1592411285
5160,234,1,1598633084
5160,692,1,1609656027
5160,637,1,1568721110
5160,841,1,1564075757
5160,336,1,1564241982
5160,338,1,1562166499
5160,659,1,1601177729
5160,111,1,1605799481
5160,552,1,1612795197
5160,134,1,1621614026
5160,638,1,1567606994
5161,324,1,1613709924
5161,109,1,1636450883
5161,234,1,1599889523
5161,692,1,1609607600
5161,552,1,1612607551
5161,134,1,1621593387
5162,324,1,1613551341
5162,643,1,1618825896
5162,1152,1,1618300126
5162,833,1,1619943804
5162,73,1,1642901857
5162,115,1,1614403944
5162,660,1,1638191402
5163,324,1,1613484431
5163,654,1,1567327002
5163,126,1,1572416845
5163,636,1,1570959966
5163,853,1,1570960544
5163,171,1,1636984545
5163,683,1,1646027554
5163,427,1,1645287656
5163,283,1,1619198139
5164,324,1,1613454784
5164,827,1,1576666821
5164,1244,1,1612886764
5164,552,1,1612701633
5164,308,1,1630511245
5164,221,1,1579703958
5165,324,1,1613400738
5165,643,1,1618826166
5165,233,1,1600786732
5165,285,1,1589517121
5165,692,1,1610089080
5165,552,1,1612604983
5165,246,1,1600510321
5166,324,1,1613393709
5166,594,1,1615795689
5166,643,1,1618973347
5166,672,1,1606572323
5166,111,1,1605797654
5167,324,1,1613391323
5167,126,1,1601426164
5167,109,1,1636456198
5167,134,1,1621765475
5167,509,1,1635763585
5168,324,1,1613389846
5168,234,1,1598615535
5168,278,1,1573472465
5168,336,1,1564223802
5168,253,1,1592225385
5168,221,1,1579615860
5169,324,1,1613387915
5169,594,1,1615023743
5169,150,1,1615023657
5169,253,1,1591962560
5169,155,1,1563886290
5170,324,1,1613387386
5170,229,1,1629602550
5170,488,1,1609153105
5170,552,1,1612614919
5170,646,1,1608698157
5171,324,1,1613386572
5171,1293,1,1628865004
5171,249,1,1570028653
5171,376,1,1574228526
5171,660,1,1638089230
5171,509,1,1635742474
5172,324,1,1613386387
5172,879,1,1601356393
5172,77,1,1607747087
5172,150,1,1615078510
5172,653,1,1638515175
5173,324,1,1613385470
5173,234,1,1598612862
5173,488,1,1609156679
5173,308,1,1630106853
5173,638,1,1567628468
5173,290,1,1596686743
5173,646,1,1608643498
5174,324,1,1613384793
5174,100,1,1631092801
5174,125,1,1561099604
5174,109,1,1636727853
5174,234,1,1611838348
5174,349,1,1633169451
5174,662,1,1586164258
5174,528,1,1640444533
5174,644,1,1611145875
5174,659,1,1611741824
5174,552,1,1612606109
5174,134,1,1621613566
5174,646,1,1608637248
5174,989,1,1624845515
5175,324,1,1613384676
5175,234,1,1598616006
5175,349,1,1633178819
5175,24,1,1642768902
5175,430,1,1583123663
5175,508,1,1620993734
5175,488,1,1609151223
5175,372,1,1591154662
5175,308,1,1630067059
5175,134,1,1621947991
5175,357,1,1564413724
5176,324,1,1613384480
5176,692,1,1609688657
5176,644,1,1611128997
5176,659,1,1601119906
5176,111,1,1605907599
5176,134,1,1621702321
5177,324,1,1613384299
5177,688,1,1628673268
5177,123,1,1599827036
5177,349,1,1633148948
5177,644,1,1611294742
5177,659,1,1601122037
5178,324,1,1613384241
5178,594,1,1615220165
5178,349,1,1633233937
5178,278,1,1573390572
5178,134,1,1621695568
5178,286,1,1575020913
5178,306,1,1613502897
5179,324,1,1613384194
5179,879,1,1601370714
5179,190,1,1617114503
5179,233,1,1600687288
5179,660,1,1637968295
5180,324,1,1613382934
5180,879,1,1601301179
5180,1032,1,1612697672
5180,285,1,1589526097
5180,134,1,1621611223
5181,324,1,1613382932
5181,879,1,1632237319
5181,190,1,1615807398
5181,594,1,1615115685
5181,77,1,1607516583
5181,916,1,1616151211
5181,692,1,1609588923
5181,672,1,1607058549
5182,324,1,1613382787
5182,275,1,1581408081
5182,349,1,1633174193
5182,692,1,1609584613
5182,312,1,1589980151
5182,246,1,1600508855
5182,602,1,1615524481
5183,324,1,1613382327
5183,643,1,1618826040
5183,196,1,1619754236
5183,672,1,1606553513
5183,111,1,1605783407
5183,552,1,1612605263
5184,324,1,1613382359
5184,643,1,1618827957
5184,184,1,1601288105
5184,659,1,1601115271
5184,246,1,1600493175
5185,324,1,1613382182
5185,594,1,1615024740
5185,234,1,1598608745
5185,1050,1,1626768220
5185,111,1,1605778688
5186,324,1,1613382063
5186,643,1,1618929762
5186,73,1,1642499284
5186,134,1,1621591576
5186,976,1,1643902728
5187,324,1,1613381853
5187,879,1,1601298839
5187,594,1,1615025329
5187,643,1,1618825377
5187,688,1,1628685442
5187,186,1,1641276455
5187,4,1,1608202161
5187,1256,1,1607608308
5187,947,1,1605517535
5187,644,1,1611126723
5187,111,1,1605780722
5187,134,1,1621617800
5187,1315,1,1629887424
5187,283,1,1619184737
5187,646,1,1608629490
5188,324,1,1613381817
5188,594,1,1615025684
5188,643,1,1618831015
5188,150,1,1615032491
5188,644,1,1611125877
5188,552,1,1612608198
5188,1079,1,1630159531
5189,324,1,1613381690
5189,643,1,1618835278
5189,644,1,1611126001
5189,111,1,1605779297
5189,552,1,1612605416
5189,646,1,1608628647
5190,324,1,1613381560
5190,643,1,1618828066
5190,285,1,1589445289
5190,111,1,1605780873
5190,134,1,1621594265
5190,286,1,1574849574
5191,324,1,1613381493
5191,916,1,1616422119
5191,672,1,1606555954
5191,488,1,1609149296
5191,1023,1,1567600489
5192,808,1,1624021632
5192,362,1,1610704349
5192,4,1,1610523404
5192,629,1,1613244497
5192,732,1,1619861285
5193,808,1,1587146847
5193,1042,1,1585589721
5193,59,1,1605990422
5193,150,1,1615055447
5193,376,1,1603905438
5194,808,1,1584095479
5194,242,1,1595222028
5194,455,1,1592134561
5194,39,1,1599997398
5194,286,1,1574852319
5194,13,1,1607081393
5195,808,1,1638195927
5195,321,1,1612015836
5195,747,1,1620730846
5195,319,1,1622377981
5195,763,1,1628128816
5195,1385,1,1643736072
5195,827,1,1620731246
5195,1460,1,1632392713
5195,510,1,1631705390
5196,808,1,1584062226
5196,126,1,1572346575
5196,109,1,1636450438
5196,455,1,1592107168
5196,662,1,1586167219
5196,659,1,1601120357
5196,732,1,1550388546
5196,896,1,1615623848
5196,848,1,1586183001
5197,100,1,1644557490
5197,1270,1,1639201801
5197,190,1,1633607257
5197,418,1,1629463939
5197,385,1,1632032252
5197,201,1,1629035288
5197,1035,1,1645621115
5198,100,1,1634201244
5198,48,1,1641651976
5198,212,1,1642164677
5198,763,1,1631333249
5198,5,1,1641653219
5199,100,1,1644564699
5199,1462,1,1644577529
5199,545,1,1644334422
5199,973,1,1646747848
5199,765,1,1644557031
5200,100,1,1633613332
5200,506,1,1639716140
5200,1448,1,1590532902
5200,256,1,1644993503
5200,1244,1,1610898131
5200,683,1,1644807811
5200,1468,1,1647745115
5201,100,1,1633011207
5201,540,1,1632889692
5201,53,1,1633009847
5201,214,1,1632838413
5201,916,1,1616243300
5201,17,1,1640139522
5201,453,1,1640006897
5202,100,1,1630906906
5202,1255,1,1642940646
5202,613,1,1620734190
5202,376,1,1574223055
5202,509,1,1635905028
5203,100,1,1630926217
5203,625,1,1592469336
5203,947,1,1605459632
5203,1522,1,1602416950
5203,290,1,1593105026
5204,100,1,1632132937
5204,22,1,1635597064
5204,473,1,1629805537
5204,24,1,1643072079
5204,508,1,1620995811
5204,589,1,1643250696
5205,100,1,1630836675
5205,879,1,1601349147
5205,196,1,1620816160
5205,1054,1,1626839573
5205,349,1,1633164081
5205,249,1,1574996806
5205,972,1,1569759903
5205,289,1,1615981107
5205,283,1,1619185512
5206,100,1,1630686766
5206,671,1,1625736710
5206,928,1,1628250740
5206,312,1,1589969059
5206,296,1,1627304814
5206,350,1,1588589068
5206,308,1,1630069602
5206,134,1,1621612428
5206,291,1,1612102033
5207,100,1,1634473811
5207,422,1,1637592299
5207,1537,1,1599723549
5207,38,1,1638659472
5207,233,1,1600787600
5207,349,1,1633173710
5207,1390,1,1619011802
5207,645,1,1568319311
5208,100,1,1632315891
5208,699,1,1634474467
5208,439,1,1638761544
5208,171,1,1632331460
5208,78,1,1598329171
5208,290,1,1598033113
5208,976,1,1641406233
5208,589,1,1642129423
5209,100,1,1632112969
5209,648,1,1530212191
5209,1473,1,1571447872
5209,1199,1,1643213402
5209,430,1,1564917844
5210,100,1,1631769261
5210,1325,1,1640668158
5210,126,1,1573051123
5210,527,1,1638435794
5210,253,1,1636009407
5210,289,1,1636600647
5210,732,1,1565337667
5210,5,1,1642227329
5211,100,1,1630850561
5211,1357,1,1620482782
5211,196,1,1619883428
5211,267,1,1622798679
5211,5,1,1641835455
5211,1035,1,1621356240
5211,897,1,1628072628
5212,100,1,1630834877
5212,1255,1,1486001959
5212,77,1,1607529239
5212,1199,1,1643084961
5212,427,1,1641522468
5212,732,1,1604063579
5212,78,1,1595426267
5212,981,1,1637202471
5212,509,1,1635738115
5213,100,1,1630808392
5213,26,1,1627913135
5213,21,1,1640471130
5213,1479,1,1585337741
5213,196,1,1621132584
5213,973,1,1627910444
5213,1315,1,1629852865
5213,765,1,1643021098
5214,100,1,1630803969
5214,625,1,1592416863
5214,971,1,1587622032
5214,336,1,1564239773
5214,150,1,1615100562
5214,357,1,1564454195
5215,100,1,1630783496
5215,22,1,1634409938
5215,770,1,1640189358
5215,506,1,1616385819
5215,542,1,1632910568
5215,445,1,1631838072
5215,312,1,1589976430
5215,509,1,1635786696
5216,100,1,1630759022
5216,243,1,1636210366
5216,920,1,1610456560
5216,4,1,1608299331
5216,527,1,1638110532
5216,1099,1,1639401923
5216,289,1,1614485528
5216,445,1,1632130396
5216,5,1,1641821586
5216,509,1,1635857802
5217,100,1,1630748877
5217,422,1,1637783947
5217,612,1,1587494609
5217,234,1,1598651755
5217,649,1,1584054741
5218,100,1,1630732023
5218,1353,1,1639892923
5218,413,1,1610879348
5218,1063,1,1629635777
5218,509,1,1635739565
5218,221,1,1580297655
5219,100,1,1630731338
5219,527,1,1638014598
5219,109,1,1636470758
5219,15,1,1630950833
5219,338,1,1553522195
5219,416,1,1633766637
5219,16,1,1638607501
5219,155,1,1563896265
5219,357,1,1564493086
5219,254,1,1640194072
5220,100,1,1630696456
5220,321,1,1562434437
5220,658,1,1565983039
5220,427,1,1643472847
5220,1424,1,1535309659
5220,777,1,1640253370
5220,134,1,1621601756
5221,100,1,1630690084
5221,384,1,1637422664
5221,928,1,1641480075
5221,154,1,1600958591
5221,106,1,1608851755
5221,989,1,1623953129
5222,100,1,1630687923
5222,594,1,1615023993
5222,385,1,1631173420
5222,672,1,1606554443
5222,989,1,1623833549
5223,100,1,1630685979
5223,1216,1,1562664837
5223,186,1,1641271724
5223,1382,1,1597106752
5223,427,1,1645578327
5223,1035,1,1621058374
5224,100,1,1630684928
5224,1515,1,1610791233
5224,503,1,1633524029
5224,376,1,1574244790
5224,1247,1,1631118505
5225,100,1,1630672366
5225,422,1,1637585138
5225,126,1,1572402389
5225,418,1,1629146101
5225,527,1,1638022806
5225,636,1,1570941348
5225,256,1,1642737263
5225,637,1,1568783570
5225,658,1,1565953047
5225,81,1,1642039645
5225,1050,1,1626779855
5225,521,1,1639479477
5226,100,1,1630663637
5226,212,1,1643603558
5226,594,1,1615049314
5226,371,1,1586491993
5226,109,1,1636458671
5226,234,1,1598765098
5226,171,1,1631372307
5226,24,1,1642213815
5226,111,1,1606017747
5227,850,1,1584000888
5227,863,1,1589185759
5227,140,1,1589282436
5227,15,1,1629639209
5227,932,1,1628858739
5228,1013,1,1643026235
5228,58,1,1640692077
5228,506,1,1642159641
5228,473,1,1640519088
5228,17,1,1640679333
5228,646,1,1641194009
5229,1013,1,1615252705
5229,1533,1,1607940474
5229,688,1,1630053170
5229,246,1,1613373272
5229,1211,1,1644005777
5229,976,1,1641341501
5229,884,1,1590553287
5230,1013,1,1616850286
5230,46,1,1609567457
5230,1123,1,1593229741
5230,508,1,1620998104
5230,16,1,1638606307
5230,245,1,1598775226
5230,246,1,1600516992
5230,1241,1,1645888369
5230,291,1,1612088476
5230,602,1,1615898780
5231,1013,1,1616595626
5231,890,1,1554572380
5231,1533,1,1609143789
5231,243,1,1636385540
5231,49,1,1574138470
5231,973,1,1620760279
5232,1013,1,1615465249
5232,643,1,1618835033
5232,644,1,1611126345
5232,672,1,1606553954
5232,552,1,1612604344
5233,1013,1,1615458955
5233,1533,1,1607602485
5233,46,1,1609592907
5233,190,1,1615738409
5233,463,1,1641721313
5233,419,1,1645879855
5233,683,1,1644588319
5233,253,1,1592141059
5234,1013,1,1615228758
5234,196,1,1619796597
5234,928,1,1628201585
5234,902,1,1599130020
5234,106,1,1608039425
5235,1013,1,1615215635
5235,1533,1,1607619550
5235,275,1,1581335025
5235,889,1,1573570349
5235,229,1,1585836956
5235,339,1,1569949289
5236,422,1,1643048053
5236,1270,1,1643050836
5236,1325,1,1643050116
5236,964,1,1643048257
5236,1099,1,1643048012
5237,422,1,1637584725
5237,186,1,1641301092
5237,252,1,1631119329
5237,660,1,1637957953
5237,283,1,1619193341
5238,422,1,1644071335
5238,58,1,1634051008
5238,473,1,1632159651
5238,1300,1,1639544874
5238,653,1,1638542083
5239,422,1,1638078904
5239,604,1,1626257123
5239,391,1,1636625011
5239,833,1,1620055626
5239,557,1,1623576201
5240,422,1,1639106367
5240,26,1,1627784689
5240,1325,1,1624971648
5240,243,1,1636177360
5240,335,1,1633351107
5240,964,1,1635576688
5240,1099,1,1637677226
5240,256,1,1643112696
5240,928,1,1628162349
5240,295,1,1633244662
5240,557,1,1623579582
5241,422,1,1637941373
5241,487,1,1637388612
5241,186,1,1641385855
5241,467,1,1640783819
5241,1099,1,1637724332
5242,422,1,1637849423
5242,747,1,1595083532
5242,467,1,1638608477
5242,928,1,1628832674
5242,1256,1,1595182090
5243,422,1,1637818473
5243,487,1,1637902113
5243,1326,1,1629865573
5243,106,1,1608185887
5243,267,1,1625075479
5244,422,1,1638032690
5244,26,1,1628833421
5244,391,1,1636632566
5244,114,1,1612929043
5244,841,1,1564149375
5245,422,1,1638009170
5245,879,1,1602569193
5245,928,1,1628389862
5245,947,1,1605676494
5245,1315,1,1629964630
5246,422,1,1637941341
5246,196,1,1619855071
5246,1099,1,1637941635
5246,928,1,1628483325
5246,150,1,1615287573
5246,1039,1,1618396806
5246,1326,1,1630154647
5246,1035,1,1621230932
5247,422,1,1637758904
5247,559,1,1645267743
5247,249,1,1574944125
5247,339,1,1574251628
5247,373,1,1569568348
5248,422,1,1637746032
5248,1032,1,1611927340
5248,527,1,1638024303
5248,335,1,1631782823
5248,853,1,1561947540
5248,609,1,1638251369
5248,1278,1,1632740669
5248,445,1,1631966162
5249,422,1,1637706550
5249,109,1,1636595856
5249,349,1,1633179288
5249,559,1,1644755612
5249,1199,1,1643261247
5249,528,1,1640602874
5249,509,1,1635811872
5249,283,1,1619272870
5250,422,1,1637666823
5250,186,1,1641274780
5250,916,1,1616154086
5250,964,1,1635769149
5250,60,1,1620914617
5250,289,1,1614483528
5250,106,1,1608006554
5251,422,1,1637666307
5251,612,1,1624770029
5251,964,1,1641017774
5251,1099,1,1637752559
5251,559,1,1644836819
5251,725,1,1614592462
5251,338,1,1613974544
5251,363,1,1562384773
5251,660,1,1638012085
5251,509,1,1635764961
5252,422,1,1637642007
5252,459,1,1632286225
5252,527,1,1638440764
5252,1199,1,1643427699
5252,981,1,1635856764
5253,422,1,1637640900
5253,196,1,1619961298
5253,928,1,1628180648
5253,1252,1,1620709321
5253,1326,1,1622998141
5254,422,1,1637602452
5254,947,1,1605483198
5254,528,1,1640504890
5254,761,1,1630139947
5254,437,1,1620978336
5254,5,1,1641747293
5254,246,1,1600604544
5254,221,1,1579653194
5254,646,1,1608640504
5255,422,1,1637598704
5255,53,1,1631535416
5255,363,1,1562341711
5255,638,1,1567696786
5255,357,1,1564531233
5255,115,1,1613118732
5256,422,1,1637596471
5256,747,1,1576152564
5256,467,1,1638592200
5256,659,1,1601172767
5256,732,1,1604046641
5257,422,1,1637596348
5257,1325,1,1630587764
5257,196,1,1621323781
5257,770,1,1640014412
5257,1387,1,1631706928
5257,1252,1,1642522690
5258,422,1,1637587870
5258,384,1,1636105530
5258,763,1,1626872967
5258,1099,1,1637679379
5258,928,1,1637456566
5259,422,1,1637587199
5259,459,1,1632662336
5259,527,1,1643457480
5259,964,1,1635573185
5259,1099,1,1637762485
5259,59,1,1642516199
5260,422,1,1637586330
5260,196,1,1627266615
5260,186,1,1641278502
5260,964,1,1635665657
5260,1099,1,1637673413
5260,278,1,1573381845
5260,1199,1,1643105668
5260,286,1,1574855635
5261,422,1,1637586312
5261,126,1,1572383192
5261,613,1,1620625025
5261,964,1,1635579837
5261,853,1,1561906377
5261,274,1,1627999777
5262,422,1,1637585818
5262,505,1,1629205726
5262,643,1,1618899036
5262,319,1,1620913478
5262,200,1,1633003497
5262,675,1,1636540861
5263,422,1,1637585685
5263,527,1,1638007713
5263,1050,1,1626773835
5263,308,1,1630068431
5263,509,1,1635742151
5263,653,1,1638415041
5264,422,1,1637581183
5264,964,1,1635571828
5264,439,1,1638708216
5264,889,1,1571835790
5264,363,1,1562505433
5264,509,1,1635735982
5264,696,1,1642242857
5265,422,1,1637580980
5265,665,1,1613280357
5265,659,1,1602821334
5265,775,1,1616848271
5265,989,1,1624585975
5266,422,1,1637580239
5266,613,1,1620611983
5266,1099,1,1637676133
5266,1199,1,1643180985
5266,333,1,1644055218
5267,422,1,1637579815
5267,629,1,1590580938
5267,376,1,1574356055
5267,5,1,1643190091
5267,989,1,1624089623
5268,422,1,1637579105
5268,654,1,1596460925
5268,467,1,1638615270
5268,373,1,1569032061
5268,221,1,1579696672
5269,422,1,1637579032
5269,928,1,1628166117
5269,150,1,1615049613
5269,973,1,1642062167
5269,1315,1,1629940450
5270,422,1,1637577932
5270,467,1,1638527146
5270,770,1,1640030306
5270,427,1,1640770191
5270,833,1,1619946058
5271,422,1,1637577780
5271,418,1,1629092640
5271,186,1,1641271375
5271,416,1,1633766385
5271,31,1,1643006672
5272,422,1,1637577021
5272,196,1,1619752289
5272,214,1,1632678039
5272,928,1,1628159676
5272,1326,1,1623465792
5272,312,1,1590304568
5272,376,1,1574221381
5273,422,1,1637576251
5273,654,1,1567354035
5273,126,1,1572367840
5273,233,1,1600694023
5273,1032,1,1620214101
5273,49,1,1572274328
5273,527,1,1638079905
5273,971,1,1587627867
5273,636,1,1571116229
5273,744,1,1558538191
5273,349,1,1633532624
5273,285,1,1589471236
5273,249,1,1570038917
5273,439,1,1638677063
5273,59,1,1605879077
5273,110,1,1627390113
5273,972,1,1568899501
5273,111,1,1605784644
5273,155,1,1563941054
5273,509,1,1635744680
5273,283,1,1619235365
5273,989,1,1623905516
5273,306,1,1613456699
5274,422,1,1637576150
5274,594,1,1615023409
5274,643,1,1618825317
5274,335,1,1631181847
5274,1099,1,1637670137
5274,349,1,1633183148
5275,422,1,1637575966
5275,196,1,1619773091
5275,1477,1,1636624705
5275,928,1,1628257932
5275,1326,1,1622124959
5275,732,1,1617272585
5276,422,1,1637575919
5276,186,1,1641299851
5276,467,1,1638505423
5276,502,1,1642327902
5276,1211,1,1642240824
5277,422,1,1637575460
5277,196,1,1619755206
5277,1477,1,1635865227
5277,964,1,1635779675
5277,1099,1,1637670297
5278,384,1,1644756238
5278,21,1,1643974014
5278,385,1,1644800722
5278,391,1,1644755730
5278,119,1,1644625418
5278,589,1,1644210974
5279,384,1,1637471589
5279,190,1,1615735853
5279,916,1,1616145528
5279,1050,1,1628131770
5279,39,1,1600625313
5280,384,1,1636606524
5280,1117,1,1611926194
5280,1042,1,1615739940
5280,664,1,1611202822
5280,109,1,1636452634
5280,889,1,1610377826
5281,384,1,1636048547
5281,46,1,1609477511
5281,238,1,1601627178
5281,889,1,1572622739
5281,373,1,1562438106
5281,989,1,1642426625
5282,384,1,1636046658
5282,971,1,1587658990
5282,744,1,1557809661
5282,128,1,1567790198
5282,283,1,1619185672
5283,384,1,1636038510
5283,955,1,1640472562
5283,430,1,1619362223
5283,437,1,1646138403
5283,1019,1,1552538549
5284,384,1,1636356135
5284,880,1,1633067385
5284,150,1,1633347509
5284,110,1,1633078333
5284,339,1,1633329639
5284,503,1,1634462309
5285,384,1,1641477742
5285,463,1,1641742941
5285,385,1,1632498212
5285,786,1,1626370350
5285,413,1,1635590803
5286,384,1,1636908351
5286,559,1,1644693106
5286,662,1,1586526453
5286,110,1,1627380170
5286,427,1,1647234783
5287,384,1,1636270156
5287,48,1,1643113200
5287,628,1,1640009408
5287,38,1,1640176621
5287,1346,1,1632372704
5287,636,1,1628760284
5287,853,1,1628760737
5287,251,1,1628233461
5287,274,1,1628227962
5287,803,1,1633755375
5288,384,1,1636196225
5288,418,1,1636724205
5288,256,1,1643721269
5288,1326,1,1622291376
5288,732,1,1636466952
5288,1035,1,1622290340
5289,384,1,1636089588
5289,385,1,1631088612
5289,391,1,1636640807
5289,802,1,1609429462
5289,392,1,1611727042
5289,386,1,1629954332
5289,393,1,1612777986
5289,803,1,1609561630
5290,384,1,1636020417
5290,243,1,1636172225
5290,109,1,1636450618
5290,391,1,1636621406
5290,119,1,1643364994
5290,143,1,1634033996
5291,384,1,1636028458
5291,1392,1,1622459218
5291,186,1,1642068772
5291,527,1,1638012115
5291,289,1,1614659827
5291,989,1,1624185298
5292,384,1,1636082697
5292,928,1,1630083476
5292,59,1,1631743232
5292,39,1,1600011564
5292,111,1,1631898980
5292,1247,1,1631361636
5293,384,1,1636021374
5293,1032,1,1611677010
5293,385,1,1631074572
5293,802,1,1609433515
5293,386,1,1629952778
5293,393,1,1612782211
5293,803,1,1609569082
5294,384,1,1636116094
5294,604,1,1624988492
5294,671,1,1625848792
5294,60,1,1620908412
5294,234,1,1598647877
5294,672,1,1606696078
5294,111,1,1605789428
5294,296,1,1627289622
5294,246,1,1600499842
5295,384,1,1636085058
5295,527,1,1639440873
5295,636,1,1619245964
5295,349,1,1633271838
5295,559,1,1646011492
5295,503,1,1633742339
5296,384,1,1636036855
5296,186,1,1641296650
5296,527,1,1638418119
5296,430,1,1569319472
5296,312,1,1589979795
5296,981,1,1636001176
5296,1211,1,1642074718
5296,31,1,1643033632
5297,890,1,1554615135
5297,636,1,1621331928
5297,281,1,1566482125
5297,363,1,1562383852
5297,282,1,1559638570
5297,357,1,1564465018
5298,890,1,1568432263
5298,46,1,1609476346
5298,126,1,1604795782
5298,1336,1,1495894233
5298,1082,1,1599961600
5298,884,1,1590175649
5299,890,1,1582904742
5299,625,1,1594348823
5299,137,1,1615864460
5299,453,1,1634477299
5299,373,1,1581082702
5300,890,1,1554365468
5300,545,1,1623340260
5300,215,1,1602630245
5300,127,1,1574873507
5300,97,1,1576985776
5300,884,1,1590174623
5301,890,1,1554438741
5301,879,1,1601306053
5301,26,1,1627119373
5301,1558,1,1600043700
5301,21,1,1642604095
5301,1022,1,1604629812
5301,664,1,1594389889
5301,827,1,1576920902
5301,602,1,1615690601
5302,890,1,1554425538
5302,46,1,1609473555
5302,692,1,1609586520
5302,508,1,1632733567
5302,1164,1,1588689187
5302,78,1,1595501158
5302,883,1,1561876197
5303,890,1,1553060477
5303,471,1,1623280117
5303,385,1,1632567130
5303,338,1,1594721750
5303,363,1,1562548620
5304,890,1,1629963770
5304,1256,1,1569934691
5304,637,1,1568714351
5304,658,1,1565954202
5304,735,1,1587207932
5305,890,1,1568450493
5305,226,1,1618764817
5305,636,1,1571030667
5305,17,1,1640086380
5305,552,1,1612774830
5306,890,1,1567874594
5306,1054,1,1605469632
5306,277,1,1568629317
5306,858,1,1598670668
5306,509,1,1635868478
5306,128,1,1567769937
5306,283,1,1619193946
5307,890,1,1564150513
5307,636,1,1573382883
5307,853,1,1573383101
5307,285,1,1589632808
5307,1052,1,1581083141
5307,363,1,1566112205
5307,738,1,1589202586
5307,638,1,1567937001
5308,890,1,1554620032
5308,699,1,1634547489
5308,629,1,1590591647
5308,338,1,1585106501
5308,229,1,1585921029
5308,246,1,1600505318
5309,890,1,1554524741
5309,1392,1,1622519740
5309,362,1,1612806293
5309,609,1,1636796103
5309,290,1,1598617319
5310,890,1,1554268188
5310,125,1,1561044876
5310,126,1,1572346037
5310,140,1,1590679632
5310,275,1,1581401764
5310,234,1,1598629248
5310,662,1,1586188192
5310,841,1,1564073310
5310,1336,1,1495897885
5310,229,1,1599153296
5310,638,1,1568094080
5310,155,1,1563986114
5310,357,1,1564419697
5310,128,1,1567905379
5310,283,1,1623601624
5311,890,1,1554219229
5311,659,1,1601129335
5311,672,1,1606836476
5311,552,1,1612621922
5311,308,1,1630070464
5312,890,1,1553168102
5312,21,1,1640842085
5312,699,1,1634477397
5312,22,1,1635415957
5312,473,1,1635415888
5312,928,1,1628175114
5312,902,1,1598665334
5312,973,1,1615121585
5312,78,1,1627788704
5313,890,1,1553054909
5313,196,1,1621264981
5313,664,1,1594203838
5313,732,1,1550400673
5313,290,1,1596890596
5314,890,1,1553065505
5314,1032,1,1611669821
5314,1382,1,1590159495
5314,852,1,1570031747
5314,15,1,1633880751
5315,890,1,1553015551
5315,23,1,1640798690
5315,74,1,1633040087
5315,192,1,1595120531
5315,660,1,1638063009
5315,602,1,1615499288
5316,879,1,1608343766
5316,1070,1,1595317006
5316,385,1,1632333152
5316,585,1,1587609347
5316,1315,1,1631536554
5316,735,1,1593074542
5317,879,1,1602842878
5317,365,1,1596119499
5317,664,1,1595268253
5317,114,1,1612971620
5317,711,1,1611398128
5317,672,1,1606923509
5318,879,1,1636553493
5318,594,1,1641993958
5318,841,1,1614356229
5318,282,1,1614307877
5318,286,1,1614308508
5319,879,1,1636210397
5319,46,1,1635400869
5319,688,1,1635496452
5319,22,1,1635779412
5319,74,1,1635683137
5319,761,1,1635684258
5319,589,1,1642047904
5320,879,1,1602850154
5320,648,1,1528554646
5320,636,1,1571065348
5320,629,1,1590663583
5320,978,1,1624071128
5321,879,1,1616307388
5321,275,1,1616921516
5321,133,1,1645966515
5321,290,1,1627477026
5321,128,1,1614610087
5322,879,1,1614683126
5322,612,1,1623674044
5322,559,1,1645019463
5322,833,1,1626154016
5322,115,1,1622431232
5323,879,1,1628351480
5323,1357,1,1624808952
5323,629,1,1595005424
5323,439,1,1643145948
5323,24,1,1641884396
5323,143,1,1635523937
5323,78,1,1627436075
5323,1211,1,1642324017
5324,879,1,1622300149
5324,1561,1,1616316218
5324,372,1,1590934900
5324,1043,1,1626277218
5324,151,1,1613457834
5325,879,1,1601220958
5325,196,1,1619968465
5325,4,1,1608136465
5325,916,1,1616161432
5325,192,1,1594989357
5326,879,1,1601280005
5326,664,1,1594271459
5326,964,1,1635806775
5326,1252,1,1607188803
5326,339,1,1569963323
5326,735,1,1587235047
5327,879,1,1601791257
5327,625,1,1592365765
5327,277,1,1556340669
5327,1099,1,1637855352
5327,372,1,1591017824
5327,510,1,1630331855
5328,879,1,1601357415
5328,418,1,1629116653
5328,295,1,1631449113
5328,1199,1,1643097407
5328,1050,1,1626826582
5328,74,1,1631449193
5328,312,1,1589970866
5328,660,1,1637991568
5329,879,1,1602998655
5329,1558,1,1598918414
5329,349,1,1633265307
5329,646,1,1608742121
5329,989,1,1623924673
5329,589,1,1643114358
5330,879,1,1602581622
5330,1515,1,1610695497
5330,4,1,1608285848
5330,1039,1,1617350152
5330,289,1,1615890500
5330,373,1,1604921951
5331,879,1,1601378792
5331,625,1,1592407552
5331,1199,1,1643082758
5331,413,1,1610938217
5331,653,1,1638591440
5332,879,1,1601340287
5332,928,1,1629418458
5332,336,1,1564227177
5332,106,1,1607931135
5332,376,1,1587521499
5332,989,1,1623929590
5333,879,1,1601282569
5333,508,1,1629641336
5333,180,1,1616767581
5333,42,1,1615131577
5333,246,1,1612788298
5334,879,1,1627892569
5334,46,1,1615117246
5334,249,1,1627713755
5334,902,1,1598871718
5334,947,1,1606946917
5335,879,1,1608282567
5335,629,1,1591938116
5335,508,1,1620988096
5335,312,1,1589984530
5335,308,1,1630147811
5336,879,1,1603206808
5336,46,1,1609544997
5336,238,1,1601640736
5336,289,1,1614500258
5336,731,1,1603541667
5337,879,1,1601390686
5337,1382,1,1595069895
5337,671,1,1626098928
5337,609,1,1636900054
5337,151,1,1641915342
5338,879,1,1601374868
5338,863,1,1589113295
5338,643,1,1619700143
5338,186,1,1641391048
5338,852,1,1570037804
5338,671,1,1625888181
5338,295,1,1632920874
5338,154,1,1599472478
5339,879,1,1601286862
5339,1073,1,1632843981
5339,238,1,1601652680
5339,1125,1,1599273904
5339,725,1,1614065390
5340,879,1,1601282015
5340,1270,1,1643331098
5340,612,1,1624673624
5340,643,1,1618827603
5340,123,1,1599893945
5340,692,1,1609673697
5340,777,1,1641303940
5341,879,1,1601245436
5341,150,1,1615096225
5341,200,1,1573304014
5341,111,1,1605843310
5341,413,1,1610891367
5342,879,1,1602174311
5342,1311,1,1614098418
5342,629,1,1591165121
5342,111,1,1606461713
5342,509,1,1635771605
5343,879,1,1601866414
5343,249,1,1574490161
5343,841,1,1573549970
5343,889,1,1571935699
5343,659,1,1601133708
5344,879,1,1601780282
5344,186,1,1642903046
5344,658,1,1565954906
5344,1257,1,1612348673
5344,777,1,1640427471
5344,5,1,1643188531
5345,879,1,1601513727
5345,163,1,1624715442
5345,275,1,1581402332
5345,160,1,1587290043
5345,827,1,1582009803
5345,779,1,1587898203
5345,1301,1,1581085477
5345,479,1,1582355425
5346,879,1,1601427658
5346,1325,1,1625136664
5346,418,1,1629094514
5346,636,1,1570948258
5346,1099,1,1637676809
5346,928,1,1628393469
5346,1232,1,1588079310
5346,1252,1,1591929564
5346,289,1,1614507892
5346,445,1,1631799979
5346,976,1,1641656572
5347,879,1,1601348113
5347,853,1,1561780204
5347,257,1,1634610250
5347,559,1,1644666261
5347,373,1,1561356191
5347,78,1,1617426472
5347,563,1,1554250574
5348,879,1,1601270108
5348,671,1,1625739678
5348,150,1,1615023898
5348,683,1,1644738418
5348,528,1,1640426386
5348,777,1,1640426033
5348,509,1,1635778624
5348,739,1,1622549802
5348,646,1,1608641832
5348,291,1,1612589086
5349,879,1,1601219489
5349,1575,1,1642333086
5349,559,1,1644672169
5349,1050,1,1626899440
5349,644,1,1611127253
5349,1071,1,1641810865
5350,26,1,1642690547
5350,444,1,1631500294
5350,391,1,1642840465
5350,30,1,1630939714
5350,765,1,1644304254
5351,26,1,1627839434
5351,214,1,1635256808
5351,528,1,1640447844
5351,17,1,1640111778
5351,254,1,1640188012
5352,26,1,1627180175
5352,1576,1,1642415292
5352,487,1,1637378709
5352,792,1,1634187884
5352,24,1,1641809882
5352,510,1,1630316396
5352,840,1,1643551107
5353,26,1,1628929845
5353,226,1,1620380147
5353,629,1,1590644536
5353,349,1,1634030557
5353,509,1,1637036917
5354,26,1,1628753234
5354,688,1,1628694783
5354,947,1,1605575181
5354,15,1,1630931563
5354,23,1,1640881134
5355,26,1,1628687441
5355,688,1,1628687515
5355,618,1,1634970456
5355,74,1,1631420792
5355,111,1,1605796160
5356,26,1,1628642472
5356,22,1,1634295906
5356,506,1,1614252472
5356,671,1,1627230798
5356,473,1,1629631365
5356,27,1,1618832787
5357,26,1,1627565853
5357,253,1,1595740667
5357,430,1,1628837044
5357,290,1,1629941824
5357,151,1,1612186001
5358,26,1,1627409193
5358,137,1,1614989539
5358,1141,1,1599817397
5358,951,1,1598437711
5358,1076,1,1631369168
5358,552,1,1612734672
5358,775,1,1616948731
5358,128,1,1567920198
5358,306,1,1615336975
5359,26,1,1627354073
5359,688,1,1628673322
5359,196,1,1619951671
5359,319,1,1620957687
5359,416,1,1635244818
5359,1315,1,1629851090
5360,26,1,1627205308
5360,150,1,1615025385
5360,889,1,1573213284
5360,508,1,1621594009
5360,1211,1,1642531835
5360,989,1,1623838082
5361,1357,1,1623558060
5361,49,1,1627042120
5361,386,1,1629972958
5361,1015,1,1633602883
5361,735,1,1627251641
5362,1357,1,1634578410
5362,38,1,1638624307
5362,1256,1,1628688505
5362,508,1,1626109171
5362,509,1,1635736212
5363,1357,1,1616408831
5363,1311,1,1612624217
5363,920,1,1610312130
5363,376,1,1575139977
5363,509,1,1635740514
5364,1357,1,1616558095
5364,1216,1,1584753738
5364,636,1,1598785527
5364,853,1,1612517501
5364,542,1,1632917824
5364,16,1,1638626602
5364,413,1,1611323238
5364,775,1,1616840270
5364,509,1,1635775325
5365,1357,1,1630226823
5365,540,1,1635008286
5365,277,1,1556295554
5365,455,1,1595429672
5365,427,1,1642817225
5365,357,1,1564500947
5366,1357,1,1617692229
5366,880,1,1598956288
5366,196,1,1622111214
5366,526,1,1609813641
5366,928,1,1629028438
5366,1326,1,1622283896
5366,732,1,1610942753
5367,1357,1,1616894544
5367,463,1,1643157977
5367,4,1,1608130796
5367,1473,1,1571534502
5367,416,1,1633870506
5367,653,1,1638706223
5368,1357,1,1616414318
5368,335,1,1631508213
5368,312,1,1590218416
5368,777,1,1640248597
5368,1079,1,1632288000
5368,859,1,1589874895
5369,1357,1,1643789125
5369,654,1,1568227560
5369,4,1,1642159497
5369,397,1,1629698694
5369,509,1,1635776730
5370,540,1,1634171386
5370,505,1,1629118975
5370,1054,1,1605253416
5370,527,1,1638012463
5370,889,1,1581059327
5371,540,1,1633926050
5371,450,1,1592445704
5371,638,1,1567606259
5371,645,1,1568217601
5371,78,1,1601458434
5372,540,1,1638265448
5372,654,1,1588182094
5372,473,1,1631252707
5372,1164,1,1587736778
5372,17,1,1640161765
5372,192,1,1602353894
5372,27,1,1619002684
5373,540,1,1633593190
5373,819,1,1614393640
5373,1353,1,1639099805
5373,385,1,1631630863
5373,503,1,1633920718
5373,31,1,1643190329
5374,540,1,1635999652
5374,190,1,1641603793
5374,4,1,1640740767
5374,659,1,1601126750
5374,653,1,1638546844
5375,540,1,1634049804
5375,86,1,1616651743
5375,196,1,1619966389
5375,1368,1,1631811505
5375,508,1,1623170410
5375,932,1,1629214291
5375,30,1,1626353330
5376,540,1,1633561951
5376,186,1,1641365912
5376,131,1,1638707670
5376,133,1,1636219738
5376,1315,1,1630884497
5376,156,1,1633163160
5377,540,1,1632543848
5377,60,1,1620908546
5377,171,1,1631345515
5377,39,1,1599995526
5377,30,1,1626344314
5377,13,1,1606999776
5378,540,1,1632550791
5378,467,1,1638509460
5378,110,1,1627381425
5378,413,1,1610889978
5378,1211,1,1642071210
5379,540,1,1645025313
5379,77,1,1608008847
5379,1050,1,1626773906
5379,683,1,1644513486
5379,833,1,1620145751
5379,989,1,1623855637
5380,540,1,1634812322
5380,226,1,1619657808
5380,527,1,1638260558
5380,171,1,1631344339
5380,509,1,1635737099
5381,540,1,1633590610
5381,947,1,1607013736
5381,508,1,1621001510
5381,312,1,1589984035
5381,339,1,1570905403
5381,192,1,1596421076
5382,540,1,1632927205
5382,38,1,1638670553
5382,4,1,1608113132
5382,60,1,1621424152
5382,171,1,1631360887
5382,833,1,1619947240
5382,39,1,1599976819
5382,30,1,1626510157
5382,13,1,1606992401
5383,540,1,1632629036
5383,38,1,1638777077
5383,196,1,1619808579
5383,171,1,1631414821
5383,972,1,1570705853
5384,540,1,1632620723
5384,38,1,1638731864
5384,418,1,1629096128
5384,186,1,1641267670
5384,1480,1,1642339684
5384,467,1,1638516455
5384,214,1,1632662378
5384,502,1,1642336687
5384,439,1,1638730751
5384,509,1,1635866485
5384,1211,1,1642165884
5385,540,1,1632619600
5385,692,1,1609810472
5385,171,1,1631333071
5385,528,1,1640430234
5385,30,1,1626399228
5386,540,1,1632584822
5386,38,1,1638632621
5386,60,1,1621253246
5386,171,1,1631333016
5386,30,1,1626347603
5386,509,1,1635740034
5387,540,1,1632577121
5387,636,1,1570972397
5387,60,1,1620947144
5387,78,1,1621261441
5387,602,1,1615805124
5388,540,1,1632559648
5388,38,1,1638866930
5388,60,1,1620912240
5388,171,1,1631337172
5388,39,1,1599981159
5388,30,1,1626349542
5388,13,1,1606993294
5389,540,1,1632557648
5389,505,1,1629125699
5389,688,1,1628678944
5389,22,1,1634339647
5389,418,1,1629121208
5389,295,1,1631443187
5389,349,1,1633179879
5389,171,1,1631339620
5389,1050,1,1626785394
5389,110,1,1627444565
5389,528,1,1640475933
5389,416,1,1633784080
5389,74,1,1631425649
5389,932,1,1628898811
5389,296,1,1627308687
5389,1063,1,1631602995
5389,989,1,1624014234
5390,540,1,1632548140
5390,1082,1,1599514116
5390,192,1,1595137683
5390,78,1,1595442490
5390,30,1,1626349720
5391,540,1,1632546278
5391,60,1,1620910976
5391,39,1,1600016828
5391,30,1,1626349192
5391,246,1,1600522334
5391,509,1,1635741677
5391,13,1,1607007273
5392,540,1,1632542334
5392,38,1,1638610313
5392,643,1,1618831726
5392,335,1,1631183456
5392,109,1,1636454017
5392,171,1,1633161360
5392,644,1,1611125918
5392,73,1,1642501043
5392,30,1,1626405237
5392,775,1,1616839496
5393,1575,1,1642952702
5393,1311,1,1614516020
5393,920,1,1610317464
5393,1032,1,1611678393
5393,23,1,1642174050
5393,101,1,1629448329
5393,646,1,1639118900
5394,819,1,1611662964
5394,1560,1,1614171830
5394,190,1,1617113773
5394,833,1,1619964139
5394,488,1,1609239083
5395,1238,1,1587869500
5395,46,1,1609509585
5395,362,1,1610737371
5395,1054,1,1604864494
5395,238,1,1601646042
5395,1382,1,1615187323
5395,385,1,1631184087
5395,391,1,1645373249
5395,154,1,1621909552
5395,508,1,1621082352
5395,289,1,1614515516
5395,308,1,1630152387
5395,413,1,1611172633
5396,1117,1,1629639835
5396,594,1,1633859362
5396,123,1,1640945997
5396,747,1,1645274297
5396,827,1,1645274640
5396,372,1,1639913795
5396,645,1,1624775004
5396,1019,1,1616298277
5397,1117,1,1592478339
5397,594,1,1615027645
5397,285,1,1589445629
5397,672,1,1606614796
5397,552,1,1612604907
5398,1536,1,1560054310
5398,971,1,1587658563
5398,744,1,1573188222
5398,429,1,1584889655
5398,372,1,1590944486
5398,1180,1,1564760990
5398,187,1,1584889520
5399,1270,1,1639255262
5399,964,1,1645810222
5399,439,1,1639707845
5399,427,1,1644441229
5399,1035,1,1644359198
5400,1270,1,1637762799
5400,23,1,1642070185
5400,59,1,1626074545
5400,1071,1,1643073848
5400,357,1,1570964305
5401,1270,1,1644906178
5401,211,1,1645214006
5401,212,1,1644495473
5401,505,1,1645212424
5401,473,1,1645213481
5402,1270,1,1639116184
5402,621,1,1618322149
5402,542,1,1632913130
5402,683,1,1644507798
5402,528,1,1640493120
5403,1270,1,1640587389
5403,444,1,1635920575
5403,574,1,1642733165
5403,786,1,1619935354
5403,101,1,1629436038
5404,1270,1,1620745413
5404,233,1,1600687543
5404,281,1,1566469227
5404,336,1,1564240238
5404,253,1,1591961028
5404,508,1,1621485592
5404,221,1,1579609245
5405,1270,1,1637166220
5405,329,1,1640783795
5405,289,1,1630833101
5405,939,1,1622480853
5405,78,1,1643548280
5405,1247,1,1631104145
5406,1270,1,1639283485
5406,196,1,1633082276
5406,1032,1,1611854659
5406,289,1,1614520172
5406,1164,1,1598271784
5406,308,1,1630070880
5407,1277,1,1585012106
5407,473,1,1629654272
5407,23,1,1644143104
5407,27,1,1628687058
5407,589,1,1644145918
5408,1277,1,1638603498
5408,1292,1,1630073318
5408,1563,1,1539181367
5408,1244,1,1611502256
5408,154,1,1630322625
5408,939,1,1622337394
5409,471,1,1629165184
5409,365,1,1624889048
5409,852,1,1624971566
5409,397,1,1634630806
5409,296,1,1628517586
5410,471,1,1637323401
5410,830,1,1633179216
5410,335,1,1632832020
5410,15,1,1630996114
5410,171,1,1632729210
5411,471,1,1624836818
5411,190,1,1615725981
5411,1252,1,1618576202
5411,488,1,1612506843
5411,156,1,1631940269
5412,868,1,1634782011
5412,321,1,1636604162
5412,1097,1,1634781683
5412,4,1,1640119904
5412,1019,1,1636604992
5412,908,1,1636820928
5413,211,1,1636378637
5413,505,1,1629124404
5413,22,1,1634360483
5413,916,1,1616681184
5413,27,1,1619093457
5414,211,1,1636366964
5414,58,1,1634726350
5414,295,1,1631699898
5414,119,1,1644479129
5414,1071,1,1641726497
5415,211,1,1636274341
5415,22,1,1634557032
5415,24,1,1641814339
5415,74,1,1631538443
5415,27,1,1634128613
5416,211,1,1636300687
5416,38,1,1639069405
5416,58,1,1635784342
5416,659,1,1601130737
5416,848,1,1608919500
5416,589,1,1643336477
5417,211,1,1636517648
5417,23,1,1640774677
5417,329,1,1644111250
5417,24,1,1641875351
5417,17,1,1641615121
5418,211,1,1645275183
5418,365,1,1645200653
5418,505,1,1638632710
5418,22,1,1640063340
5418,763,1,1639912179
5418,618,1,1639911951
5418,473,1,1638766589
5418,833,1,1643434577
5418,589,1,1642568266
5419,1353,1,1640515061
5419,559,1,1644665666
5419,833,1,1620059253
5419,115,1,1613385930
5419,989,1,1624262373
5420,1353,1,1638600597
5420,385,1,1631165318
5420,154,1,1645908330
5420,376,1,1574227945
5420,509,1,1635751488
5421,1353,1,1640399842
5421,186,1,1641528410
5421,1199,1,1643191775
5421,131,1,1638880052
5421,503,1,1635452270
5422,1353,1,1638757889
5422,190,1,1639963754
5422,214,1,1632885755
5422,833,1,1620121133
5422,1211,1,1647711847
5423,863,1,1589097653
5423,38,1,1638702095
5423,665,1,1613354895
5423,60,1,1620976553
5423,39,1,1599979325
5423,13,1,1607233478
5424,863,1,1589168567
5424,621,1,1615831992
5424,275,1,1581586817
5424,251,1,1599726812
5424,659,1,1601184810
5425,863,1,1589113151
5425,862,1,1589499326
5425,951,1,1600504085
5425,1244,1,1641428208
5425,1368,1,1643979426
5425,290,1,1588588498
5426,863,1,1589116445
5426,847,1,1585807577
5426,249,1,1570018255
5426,74,1,1631420732
5426,989,1,1623943196
5427,163,1,1627146581
5427,1199,1,1643104227
5427,488,1,1624049682
5427,106,1,1629404448
5427,143,1,1635186353
5427,115,1,1644667127
5427,283,1,1621230795
5428,163,1,1611361150
5428,81,1,1643601123
5428,644,1,1611132950
5428,659,1,1601249904
5428,646,1,1609199286
5429,163,1,1611046888
5429,1032,1,1611665714
5429,257,1,1635076761
5429,1390,1,1640618459
5429,363,1,1627739004
5429,427,1,1645537857
5430,163,1,1611133279
5430,126,1,1607435039
5430,131,1,1638792657
5430,132,1,1640786454
5430,133,1,1637464539
5431,163,1,1609167240
5431,46,1,1609480059
5431,648,1,1529075247
5431,87,1,1614164825
5431,413,1,1610876547
5432,163,1,1609040570
5432,1576,1,1642682223
5432,77,1,1608115400
5432,186,1,1641549984
5432,939,1,1623230018
5432,143,1,1635231749
5433,163,1,1628346825
5433,368,1,1630226311
5433,433,1,1607429322
5433,101,1,1630824869
5433,42,1,1629884111
5434,163,1,1622220129
5434,1029,1,1587559368
5434,426,1,1637635800
5434,775,1,1622221410
5434,283,1,1620015914
5435,163,1,1614763362
5435,621,1,1621929278
5435,277,1,1574596940
5435,792,1,1634511368
5435,426,1,1638662388
5435,397,1,1629705095
5435,528,1,1641769706
5435,731,1,1603620254
5435,775,1,1617037613
5436,163,1,1629336760
5436,233,1,1600763897
5436,214,1,1632661450
5436,335,1,1631234383
5436,110,1,1627377302
5436,207,1,1605776878
5437,163,1,1609646918
5437,1099,1,1637677238
5437,15,1,1629963556
5437,1050,1,1638237760
5437,289,1,1635750014
5437,479,1,1582407320
5438,163,1,1609591442
5438,4,1,1610454189
5438,644,1,1611325172
5438,267,1,1624212073
5438,775,1,1616941009
5439,163,1,1609243804
5439,53,1,1632709730
5439,335,1,1631179557
5439,557,1,1625794645
5439,470,1,1624271434
5440,163,1,1609147747
5440,49,1,1582823064
5440,671,1,1625869510
5440,660,1,1638095708
5440,602,1,1615587415
5441,1119,1,1606728413
5441,251,1,1612539338
5441,426,1,1637343698
5441,252,1,1631109844
5441,433,1,1607518336
5442,1119,1,1606719066
5442,628,1,1629912258
5442,60,1,1627777759
5442,39,1,1627783284
5442,731,1,1603537434
5443,1119,1,1632803287
5443,444,1,1632648369
5443,38,1,1638638278
5443,60,1,1634452377
5443,5,1,1641662434
5444,1119,1,1618919331
5444,1073,1,1632738978
5444,22,1,1636183108
5444,450,1,1589454013
5444,289,1,1620049013
5444,939,1,1623040051
5445,1119,1,1618391275
5445,403,1,1610806749
5445,971,1,1589899614
5445,15,1,1630082606
5445,413,1,1610875042
5445,482,1,1597404096
5446,1119,1,1606468574
5446,126,1,1603595821
5446,1081,1,1636186421
5446,289,1,1614481591
5446,290,1,1602213746
5446,1300,1,1585892913
5447,84,1,1640537612
5447,505,1,1642162605
5447,196,1,1629390740
5447,853,1,1643519633
5447,106,1,1645595709
5447,282,1,1582267800
5447,1035,1,1631621266
5448,84,1,1635516893
5448,233,1,1600686282
5448,916,1,1616144481
5448,109,1,1636450733
5448,296,1,1627286493
5449,84,1,1635560081
5449,109,1,1636462832
5449,1099,1,1637718235
5449,822,1,1639448487
5449,73,1,1642498807
5449,509,1,1635747599
5450,84,1,1635514828
5450,281,1,1566470525
5450,336,1,1564227920
5450,372,1,1590923363
5450,134,1,1621598861
5450,286,1,1574847886
5451,84,1,1635512838
5451,488,1,1609159865
5451,17,1,1641606162
5451,308,1,1630063085
5451,134,1,1621598402
5452,84,1,1635554769
5452,612,1,1592511464
5452,295,1,1631441240
5452,15,1,1629632164
5452,87,1,1614271111
5452,932,1,1630109504
5452,989,1,1624612662
5453,84,1,1635511195
5453,336,1,1564241375
5453,338,1,1552216751
5453,282,1,1558786437
5453,155,1,1563889760
5453,246,1,1600490102
5453,509,1,1635743284
5453,883,1,1561862386
5454,84,1,1636183194
5454,770,1,1640042066
5454,964,1,1635636545
5454,267,1,1622714319
5454,989,1,1623842498
5454,306,1,1612948309
5455,48,1,1643461131
5455,1368,1,1631844646
5455,329,1,1644759704
5455,1076,1,1644760254
5455,156,1,1632106793
5456,48,1,1641794248
5456,275,1,1610357976
5456,386,1,1630306394
5456,329,1,1630140517
5456,552,1,1629344229
5457,48,1,1642771987
5457,426,1,1637324790
5457,437,1,1621015802
5457,433,1,1607442585
5457,42,1,1615132149
5458,48,1,1641648316
5458,604,1,1625107323
5458,830,1,1631792291
5458,1471,1,1513779899
5458,1336,1,1496135149
5458,1023,1,1505208421
5459,1558,1,1599484253
5459,1070,1,1595172670
5459,418,1,1629096565
5459,1199,1,1643086018
5459,725,1,1602002883
5459,427,1,1646968328
5459,283,1,1619186292
5459,156,1,1631976448
5460,1550,1,1627005440
5460,49,1,1573570487
5460,853,1,1568588299
5460,385,1,1631073706
5460,386,1,1629953759
5460,644,1,1612618987
5460,1257,1,1567248483
5460,296,1,1627301797
5460,1082,1,1598961827
5460,413,1,1612591182
5460,803,1,1624686159
5460,646,1,1608629243
5461,628,1,1613809830
5461,625,1,1592364179
5461,127,1,1573425206
5461,285,1,1589445679
5461,765,1,1644415993
5462,628,1,1621609015
5462,649,1,1622731706
5462,134,1,1623683507
5462,267,1,1633348864
5462,128,1,1605194913
5463,628,1,1619178351
5463,1323,1,1623768842
5463,426,1,1637337298
5463,1050,1,1627224008
5463,803,1,1631628290
5463,989,1,1629303588
5464,628,1,1611932896
5464,1109,1,1594543166
5464,49,1,1572274261
5464,286,1,1612192641
5464,1161,1,1626185252
5465,628,1,1611679554
5465,654,1,1569560351
5465,889,1,1571825679
5465,1082,1,1598791894
5465,101,1,1629397221
5465,42,1,1615111628
5465,883,1,1561818695
5466,604,1,1626624966
5466,186,1,1641399380
5466,154,1,1599743253
5466,221,1,1579691087
5466,735,1,1587279314
5467,604,1,1641132296
5467,889,1,1572609103
5467,363,1,1562408546
5467,1164,1,1588137021
5467,865,1,1567605253
5468,604,1,1638113878
5468,403,1,1543945891
5468,803,1,1638114347
5468,115,1,1613138001
5468,884,1,1590284762
5469,604,1,1625056941
5469,1375,1,1645145565
5469,1275,1,1636905330
5469,951,1,1598199052
5469,1035,1,1621161938
5470,604,1,1625040738
5470,643,1,1633597442
5470,329,1,1630746902
5470,110,1,1628122609
5470,528,1,1642829865
5470,675,1,1640434953
5470,883,1,1616742504
5471,1042,1,1627375513
5471,38,1,1638676715
5471,1252,1,1592058331
5471,450,1,1587221620
5471,267,1,1631329221
5472,1042,1,1585633645
5472,1392,1,1622375538
5472,233,1,1600686737
5472,1232,1,1588066227
5472,253,1,1591975419
5473,1042,1,1621184062
5473,319,1,1624811218
5473,763,1,1628263684
5473,1491,1,1621751054
5473,291,1,1641205726
5474,1042,1,1620741800
5474,46,1,1611647527
5474,827,1,1576589548
5474,336,1,1564283281
5474,824,1,1585389035
5474,363,1,1577545839
5474,229,1,1586002187
5474,372,1,1591525862
5474,308,1,1630232181
5475,53,1,1631537538
5475,38,1,1638799102
5475,688,1,1628686063
5475,214,1,1632908400
5475,1417,1,1628417887
5476,53,1,1633096032
5476,4,1,1632840120
5476,214,1,1635437679
5476,660,1,1638101827
5476,1315,1,1631346813
5477,53,1,1631938916
5477,403,1,1588135850
5477,4,1,1640602385
5477,415,1,1599144606
5477,78,1,1624976890
5478,53,1,1631600230
5478,186,1,1641270370
5478,802,1,1611557310
5478,649,1,1615654656
5478,363,1,1606714001
5479,53,1,1642125268
5479,190,1,1633679647
5479,594,1,1618736986
5479,362,1,1640320049
5479,114,1,1613127939
5479,833,1,1619968850
5480,53,1,1631533431
5480,362,1,1626334979
5480,277,1,1623291974
5480,526,1,1626571149
5480,1367,1,1630728937
5480,119,1,1643418475
5480,87,1,1623290411
5481,212,1,1643715853
5481,1343,1,1643034265
5481,1022,1,1628336833
5481,928,1,1637236711
5481,1164,1,1589807038
5481,660,1,1638988142
5482,212,1,1643195075
5482,594,1,1615024153
5482,528,1,1641710347
5482,672,1,1606570416
5482,732,1,1642934635
5483,212,1,1643043860
5483,574,1,1642108717
5483,81,1,1642100594
5483,110,1,1628922409
5483,508,1,1620989687
5483,445,1,1631823268
5483,415,1,1599133485
5483,1211,1,1642084511
5483,482,1,1597243146
5484,990,1,1596800917
5484,594,1,1615036822
5484,275,1,1611409734
5484,285,1,1589813633
5484,692,1,1611830235
5485,990,1,1610708097
5485,934,1,1631097684
5485,692,1,1609667694
5485,426,1,1637380826
5485,252,1,1631189205
5485,889,1,1617959131
5485,552,1,1612605097
5485,115,1,1614508651
5486,862,1,1589563884
5486,505,1,1629125997
5486,853,1,1563062078
5486,761,1,1630055627
5486,357,1,1564405906
5486,27,1,1618829460
5487,862,1,1589561646
5487,1070,1,1595264455
5487,1517,1,1629210405
5487,15,1,1629653155
5487,416,1,1633843713
5487,1065,1,1569947350
5488,1416,1,1626157069
5488,609,1,1636797133
5488,59,1,1605870197
5488,1278,1,1633160692
5488,981,1,1635866015
5489,1416,1,1624889902
5489,1293,1,1628868271
5489,186,1,1641293652
5489,437,1,1621152549
5489,981,1,1636982936
5490,880,1,1635649653
5490,1455,1,1645419528
5490,671,1,1629893172
5490,802,1,1621487364
5490,253,1,1621226239
5490,1161,1,1630161296
5491,561,1,1614687740
5491,126,1,1574481284
5491,637,1,1570140844
5491,1390,1,1618849091
5491,1063,1,1631294054
5492,561,1,1615293095
5492,243,1,1638103953
5492,233,1,1600781421
5492,659,1,1601129458
5492,308,1,1630849400
5492,660,1,1638090662
5492,128,1,1617708367
5493,561,1,1614700228
5493,648,1,1528483256
5493,664,1,1594373606
5493,233,1,1600690574
5493,15,1,1629647119
5493,416,1,1633883141
5493,128,1,1567777218
5494,403,1,1555672935
5494,1029,1,1581502309
5494,101,1,1629366234
5494,42,1,1615109632
5494,453,1,1638368354
5495,403,1,1607702240
5495,1141,1,1600531516
5495,1232,1,1587653975
5495,363,1,1562462314
5495,415,1,1599146251
5495,775,1,1616897696
5496,403,1,1614390130
5496,1252,1,1586876303
5496,97,1,1578976080
5496,393,1,1631979924
5496,803,1,1610688365
5497,444,1,1627202101
5497,664,1,1594185769
5497,662,1,1586164195
5497,1300,1,1586054450
5497,646,1,1611040274
5498,444,1,1630304325
5498,60,1,1630304518
5498,1152,1,1616940407
5498,207,1,1605879060
5498,13,1,1631014539
5499,444,1,1630300927
5499,123,1,1629244638
5499,171,1,1632129095
5499,289,1,1625052925
5499,13,1,1629335486
5500,444,1,1637675911
5500,126,1,1601972279
5500,186,1,1641276499
5500,527,1,1638009612
5500,947,1,1605801461
5500,502,1,1642310253
5500,508,1,1620989487
5500,5,1,1641640095
5500,283,1,1619180334
5500,1211,1,1642073158
5501,444,1,1626075684
5501,60,1,1626076393
5501,1232,1,1614170697
5501,508,1,1647020860
5501,39,1,1600084129
5502,1554,1,1616933665
5502,648,1,1528593970
5502,1382,1,1621735271
5502,833,1,1619962289
5502,765,1,1643063731
5503,365,1,1596112526
5503,687,1,1596834952
5503,150,1,1615063501
5503,1413,1,1619531136
5503,376,1,1574252157
5504,365,1,1596203065
5504,979,1,1642944725
5504,1491,1,1629703862
5504,687,1,1597910378
5504,1390,1,1632402205
5504,973,1,1627464789
5504,1358,1,1630306182
5505,46,1,1638068479
5505,190,1,1624073382
5505,1073,1,1632826977
5505,362,1,1612153097
5505,488,1,1609293510
5505,101,1,1629390933
5505,155,1,1564416152
5505,115,1,1614402031
5506,46,1,1609472498
5506,664,1,1594222542
5506,238,1,1601629335
5506,1367,1,1621312861
5506,306,1,1612954751
5507,46,1,1609472943
5507,1477,1,1635700184
5507,559,1,1644659709
5507,508,1,1620987038
5507,833,1,1619942878
5507,312,1,1589972372
5507,777,1,1640246755
5507,308,1,1630058687
5508,46,1,1609476053
5508,664,1,1594356029
5508,238,1,1601649239
5508,253,1,1592029816
5508,659,1,1601168100
5508,552,1,1612779178
5508,306,1,1612949092
5509,46,1,1609492089
5509,688,1,1628677889
5509,664,1,1594203175
5509,763,1,1626859963
5509,109,1,1636453845
5509,761,1,1630066620
5510,46,1,1626177019
5510,110,1,1627449912
5510,488,1,1626013099
5510,308,1,1630151949
5510,509,1,1635760188
5511,46,1,1610861560
5511,1392,1,1622446246
5511,277,1,1556531962
5511,110,1,1627386600
5511,430,1,1564979527
5511,638,1,1567600717
5511,192,1,1595150944
5511,660,1,1638081803
5512,46,1,1609748075
5512,238,1,1601648906
5512,521,1,1639485316
5512,508,1,1620992719
5512,731,1,1603621733
5513,46,1,1609571850
5513,238,1,1601703201
5513,253,1,1603206585
5513,644,1,1635898525
5513,731,1,1603531910
5514,46,1,1609569770
5514,725,1,1588677412
5514,329,1,1629794721
5514,1076,1,1629965264
5514,731,1,1603525091
5515,46,1,1609556765
5515,664,1,1594294009
5515,1367,1,1623148271
5515,659,1,1601211448
5515,731,1,1603892621
5516,46,1,1609546504
5516,725,1,1601548441
5516,445,1,1631791932
5516,111,1,1607079759
5516,731,1,1610190948
5516,151,1,1605960582
5517,46,1,1609517023
5517,648,1,1528749767
5517,249,1,1570114096
5517,430,1,1565003711
5517,416,1,1634042084
5517,357,1,1565751601
5518,46,1,1609514383
5518,934,1,1578913407
5518,234,1,1598611206
5518,251,1,1599575277
5518,426,1,1637381553
5518,274,1,1625984852
5518,368,1,1630155749
5519,46,1,1609513373
5519,1386,1,1633498064
5519,49,1,1572141348
5519,257,1,1634528672
5519,563,1,1554294552
5520,46,1,1609512492
5520,526,1,1603105588
5520,1232,1,1587617691
5520,312,1,1589973317
5520,735,1,1587288879
5521,46,1,1609508643
5521,238,1,1601640560
5521,285,1,1589525472
5521,249,1,1585714508
5521,687,1,1596818761
5521,672,1,1606627045
5521,111,1,1605960515
5522,46,1,1609508538
5522,527,1,1638391851
5522,289,1,1614499054
5522,101,1,1629392581
5522,291,1,1612062794
5523,46,1,1609496961
5523,664,1,1594201092
5523,233,1,1600686937
5523,238,1,1601718347
5523,160,1,1586265126
5523,114,1,1613906401
5523,246,1,1600505743
5523,115,1,1613141993
5523,283,1,1619176580
5524,46,1,1609495034
5524,184,1,1601127190
5524,637,1,1568720693
5524,312,1,1589986956
5524,291,1,1612098203
5525,46,1,1609493286
5525,1244,1,1610808242
5525,802,1,1609505520
5525,413,1,1610883604
5525,78,1,1596616621
5525,393,1,1612791877
5526,46,1,1609487085
5526,1343,1,1643001137
5526,238,1,1601637797
5526,731,1,1603532855
5526,437,1,1620901872
5527,46,1,1609480816
5527,664,1,1594186074
5527,150,1,1615025175
5527,338,1,1552216407
5527,253,1,1591961601
5528,46,1,1609480462
5528,126,1,1572361028
5528,636,1,1570968831
5528,349,1,1633168382
5528,1019,1,1637066994
5529,46,1,1609479187
5529,321,1,1581176073
5529,275,1,1581349376
5529,761,1,1630152917
5529,1035,1,1647762850
5530,46,1,1609476581
5530,1070,1,1596689071
5530,971,1,1587624081
5530,238,1,1601646987
5530,841,1,1582364974
5530,731,1,1603533040
5531,46,1,1609475967
5531,594,1,1615024444
5531,234,1,1598608746
5531,711,1,1609929591
5531,644,1,1611151824
5531,731,1,1603582323
5531,134,1,1621591818
5532,46,1,1609475830
5532,38,1,1639471226
5532,126,1,1572413855
5532,662,1,1586178211
5532,106,1,1610013547
5532,1082,1,1599311908
5532,981,1,1636664252
5532,31,1,1643110170
5532,735,1,1587224113
5533,46,1,1609475741
5533,1480,1,1642314698
5533,662,1,1586163272
5533,644,1,1611623167
5533,372,1,1590933706
5534,46,1,1609475426
5534,190,1,1615725194
5534,445,1,1631806137
5534,731,1,1603543561
5534,283,1,1619248891
5535,46,1,1609474763
5535,289,1,1614507143
5535,731,1,1603519160
5535,638,1,1567595300
5535,282,1,1558777680
5536,46,1,1609474336
5536,1003,1,1590160347
5536,1082,1,1598833893
5536,192,1,1594987514
5536,413,1,1610939906
5537,46,1,1609472994
5537,664,1,1594226173
5537,126,1,1572346849
5537,253,1,1592136041
5537,306,1,1612941676
5538,46,1,1609472870
5538,526,1,1603182897
5538,659,1,1601531013
5538,731,1,1603518501
5538,775,1,1616856127
5539,46,1,1609472252
5539,321,1,1560451753
5539,629,1,1590603249
5539,308,1,1630201928
5539,645,1,1568127202
5540,648,1,1619170018
5540,1570,1,1643358867
5540,150,1,1615455844
5540,110,1,1627376936
5540,683,1,1644495497
5541,648,1,1528472776
5541,184,1,1601134709
5541,253,1,1595258183
5541,101,1,1629865566
5541,415,1,1599144245
5542,648,1,1528540267
5542,418,1,1641897696
5542,1199,1,1643083198
5542,502,1,1642305341
5542,1424,1,1592829377
5542,1035,1,1621077267
5542,1211,1,1642073292
5543,648,1,1528559765
5543,1255,1,1486176295
5543,636,1,1570894830
5543,671,1,1627210323
5543,128,1,1567773757
5544,648,1,1528470949
5544,295,1,1631439411
5544,15,1,1629625658
5544,521,1,1639493430
5544,397,1,1629367848
5544,416,1,1633771767
5544,932,1,1628862294
5545,648,1,1529230706
5545,1503,1,1509626845
5545,336,1,1564287494
5545,282,1,1558870176
5545,155,1,1563965681
5546,648,1,1528597966
5546,654,1,1567479731
5546,643,1,1618825155
5546,126,1,1572346489
5546,281,1,1566469885
5546,285,1,1589445417
5546,692,1,1609580068
5546,637,1,1568714537
5546,1050,1,1626773761
5546,336,1,1564225229
5546,150,1,1615024584
5546,338,1,1552214384
5546,683,1,1644484191
5546,528,1,1640423277
5546,363,1,1562321359
5546,644,1,1611128230
5546,672,1,1606556153
5546,488,1,1609148201
5546,552,1,1612605437
5546,308,1,1630062573
5546,865,1,1567595363
5546,638,1,1567590840
5546,282,1,1558778179
5546,376,1,1574221071
5546,128,1,1567765722
5546,283,1,1619176011
5546,646,1,1608631133
5546,989,1,1623834585
5547,648,1,1528533955
5547,126,1,1572345928
5547,1473,1,1572338043
5547,338,1,1552311628
5547,415,1,1599154290
5548,648,1,1528477115
5548,853,1,1561730683
5548,336,1,1564233466
5548,338,1,1552223628
5548,282,1,1558787953
5549,648,1,1528474508
5549,196,1,1621497890
5549,1390,1,1618862609
5549,338,1,1552215797
5549,453,1,1636212652
5549,989,1,1625105480
5550,648,1,1528474927
5550,190,1,1617513940
5550,275,1,1581335287
5550,731,1,1603515042
5550,883,1,1561811526
5550,151,1,1575380171
5551,648,1,1571380127
5551,1032,1,1611671602
5551,15,1,1629783092
5551,672,1,1606556557
5551,645,1,1568545219
5551,1088,1,1578461240
5552,648,1,1555656317
5552,1382,1,1590147060
5552,249,1,1570157912
5552,810,1,1541459841
5552,638,1,1567600737
5552,376,1,1574239798
5552,283,1,1619349668
5553,21,1,1640507430
5553,1054,1,1604733432
5553,609,1,1637581630
5553,939,1,1624205084
5553,602,1,1617411062
5554,21,1,1640496427
5554,1244,1,1612116564
5554,738,1,1586277924
5554,376,1,1574335029
5554,1417,1,1632581343
5555,21,1,1640447412
5555,238,1,1630686521
5555,1232,1,1618590819
5555,659,1,1601214255
5555,373,1,1570915052
5556,21,1,1640419574
5556,196,1,1619877112
5556,1054,1,1604837074
5556,671,1,1625924043
5556,1043,1,1625193929
5557,21,1,1640413201
5557,1510,1,1642676004
5557,770,1,1640232034
5557,373,1,1571082584
5557,290,1,1592855557
5557,207,1,1606626148
5558,21,1,1640284023
5558,196,1,1629952835
5558,928,1,1628534600
5558,559,1,1644762697
5558,1326,1,1629995840
5559,21,1,1640266914
5559,38,1,1638643371
5559,1147,1,1638874309
5559,527,1,1638351825
5559,770,1,1640056435
5559,1099,1,1637684134
5559,822,1,1639445111
5559,528,1,1640566352
5559,777,1,1640261667
5560,21,1,1640205739
5560,1032,1,1611661651
5560,559,1,1644656411
5560,150,1,1615055604
5560,508,1,1620989185
5560,350,1,1588655096
5560,415,1,1599132709
5561,21,1,1640100333
5561,1070,1,1595165361
5561,455,1,1592114335
5561,439,1,1638688671
5561,312,1,1589974206
5562,21,1,1640095319
5562,664,1,1595033471
5562,902,1,1598523905
5562,827,1,1577355769
5562,59,1,1623425406
5563,505,1,1639228290
5563,349,1,1644757870
5563,841,1,1646782848
5563,134,1,1643642080
5563,645,1,1642652481
5563,646,1,1641469434
5564,505,1,1629145587
5564,1147,1,1639266152
5564,74,1,1631422171
5564,675,1,1636791988
5564,761,1,1630056571
5564,510,1,1630316254
5565,505,1,1629796130
5565,594,1,1615028934
5565,186,1,1641266935
5565,502,1,1642308204
5565,528,1,1641291620
5565,508,1,1620987808
5565,510,1,1630321281
5565,1211,1,1642069309
5565,589,1,1641985440
5566,505,1,1629125019
5566,243,1,1636266753
5566,22,1,1634292962
5566,542,1,1633014421
5566,932,1,1628848145
5566,31,1,1645131128
5567,505,1,1630255345
5567,242,1,1630530805
5567,636,1,1570896259
5567,763,1,1627809408
5567,455,1,1630530373
5568,505,1,1629784033
5568,186,1,1641987043
5568,275,1,1581409698
5568,427,1,1642063534
5568,1063,1,1629784764
5569,505,1,1629682579
5569,612,1,1606550193
5569,1325,1,1631227170
5569,184,1,1601270353
5569,506,1,1614369725
5569,1099,1,1637672360
5569,473,1,1629681773
5569,1336,1,1495997433
5569,416,1,1633792204
5569,229,1,1585861885
5569,308,1,1630071241
5570,505,1,1629265839
5570,171,1,1631360935
5570,980,1,1583362522
5570,1315,1,1629816633
5570,696,1,1642158164
5570,31,1,1643018298
5571,505,1,1629182479
5571,1255,1,1486439834
5571,636,1,1570934334
5571,127,1,1573365695
5571,308,1,1630058323
5572,505,1,1629170017
5572,506,1,1614222552
5572,683,1,1644656790
5572,761,1,1630389336
5572,101,1,1630486126
5573,505,1,1629113934
5573,643,1,1618830576
5573,473,1,1629697349
5573,659,1,1601473422
5573,27,1,1618832072
5574,505,1,1629113217
5574,594,1,1615023534
5574,418,1,1629101032
5574,473,1,1629632120
5574,692,1,1609587409
5574,15,1,1629669327
5575,847,1,1636268013
5575,58,1,1635327498
5575,127,1,1573314518
5575,24,1,1643017934
5575,896,1,1640696451
5575,908,1,1636985296
5576,847,1,1613591937
5576,77,1,1607524232
5576,508,1,1621019276
5576,644,1,1613851457
5576,73,1,1642518802
5576,761,1,1630234602
5576,453,1,1611081709
5576,78,1,1638651532
5576,27,1,1618857245
5577,847,1,1585886632
5577,1255,1,1486005373
5577,636,1,1570871798
5577,972,1,1559827633
5577,1336,1,1495895478
5578,847,1,1585759000
5578,321,1,1581613577
5578,137,1,1600508125
5578,659,1,1601129226
5578,246,1,1600507509
5579,1576,1,1642419018
5579,243,1,1638279135
5579,621,1,1615849530
5579,916,1,1617707152
5579,143,1,1635166355
5579,775,1,1616910148
5580,625,1,1592358784
5580,621,1,1615810838
5580,665,1,1612958032
5580,542,1,1632914221
5580,1385,1,1643601581
5580,585,1,1585796049
5580,865,1,1567595404
5581,625,1,1629973145
5581,928,1,1628175293
5581,289,1,1614582320
5581,672,1,1606569207
5581,308,1,1630069023
5581,989,1,1623853552
5582,625,1,1596762118
5582,658,1,1567345306
5582,430,1,1564809087
5582,989,1,1623855003
5582,27,1,1619371498
5583,625,1,1592369427
5583,1038,1,1612852802
5583,126,1,1572353847
5583,1211,1,1644173391
5583,482,1,1597236796
5584,625,1,1592364869
5584,126,1,1572416871
5584,186,1,1641462834
5584,671,1,1627870370
5584,1050,1,1628419739
5584,416,1,1633780030
5585,625,1,1592358341
5585,362,1,1633777073
5585,275,1,1609032548
5585,371,1,1586755697
5585,127,1,1576208253
5585,1257,1,1566922212
5585,659,1,1601219708
5586,625,1,1592358230
5586,1054,1,1604740816
5586,249,1,1570032305
5586,947,1,1605548598
5586,585,1,1585797630
5586,509,1,1635737630
5587,625,1,1627503138
5587,1325,1,1632080942
5587,1376,1,1612113909
5587,671,1,1625998277
5587,1050,1,1628764203
5587,333,1,1644062548
5588,625,1,1595071746
5588,321,1,1624551075
5588,59,1,1610710770
5588,373,1,1568635714
5588,976,1,1643129272
5589,625,1,1594700969
5589,664,1,1594225429
5589,1386,1,1634466366
5589,1054,1,1604729700
5589,1382,1,1590152591
5589,1099,1,1638192476
5589,257,1,1634572983
5589,585,1,1585797266
5589,883,1,1561884271
5590,625,1,1593007365
5590,1515,1,1622938930
5590,1382,1,1627896015
5590,1326,1,1633608055
5590,1023,1,1500534186
5591,625,1,1592411132
5591,971,1,1587636159
5591,964,1,1635571192
5591,1099,1,1637669998
5591,692,1,1609604018
5591,672,1,1606559683
5591,312,1,1589971222
5591,372,1,1590921439
5592,625,1,1592387355
5592,1199,1,1643087971
5592,786,1,1620320568
5592,207,1,1605741118
5592,1211,1,1642131474
5593,625,1,1592379695
5593,654,1,1567343556
5593,853,1,1571152312
5593,234,1,1598878167
5593,73,1,1642499728
5593,1562,1,1619091816
5594,625,1,1592376851
5594,286,1,1574871132
5594,357,1,1564412174
5594,976,1,1642504902
5594,156,1,1631897923
5595,625,1,1592371516
5595,612,1,1594733886
5595,747,1,1576212599
5595,349,1,1633395881
5595,1491,1,1608954906
5596,625,1,1592369287
5596,716,1,1617552302
5596,585,1,1585796199
5596,376,1,1574241671
5596,509,1,1635736604
5597,625,1,1592369191
5597,137,1,1614741548
5597,947,1,1605439133
5597,430,1,1564751850
5597,373,1,1571361144
5597,563,1,1576126905
5597,128,1,1568728758
5597,151,1,1580285755
5598,625,1,1592364936
5598,545,1,1628432851
5598,295,1,1631463966
5598,363,1,1562339942
5598,585,1,1585809622
5598,339,1,1569930507
5598,638,1,1567598591
5598,115,1,1613117764
5599,625,1,1592361882
5599,594,1,1615023044
5599,643,1,1618824961
5599,109,1,1636450369
5599,671,1,1629466778
5599,1099,1,1637675307
5599,281,1,1566466282
5599,1039,1,1617337298
5599,585,1,1585802453
5599,672,1,1606553161
5599,106,1,1607934731
5599,372,1,1590919370
5599,246,1,1600489500
5599,509,1,1635735889
5600,9,1,1612151227
5600,643,1,1618826643
5600,629,1,1590594878
5600,692,1,1609586040
5600,1050,1,1626770664
5600,644,1,1611147329
5601,9,1,1612095072
5601,916,1,1616145044
5601,450,1,1588929335
5601,39,1,1599979921
5601,761,1,1631584381
5601,115,1,1613118625
5602,9,1,1612121808
5602,77,1,1607803168
5602,295,1,1631471200
5602,827,1,1576869820
5602,416,1,1633795209
5602,143,1,1634221878
5602,557,1,1623968300
5602,1521,1,1644244321
5603,1503,1,1509631092
5603,126,1,1606922394
5603,662,1,1586190660
5603,87,1,1615298676
5603,143,1,1636265021
5604,1503,1,1532890700
5604,275,1,1583407292
5604,609,1,1637379611
5604,281,1,1566467158
5604,739,1,1625037289
5605,1503,1,1534102348
5605,1346,1,1616398610
5605,792,1,1632827816
5605,1232,1,1615566215
5605,1247,1,1631156621
5606,1503,1,1633108574
5606,234,1,1633846707
5606,662,1,1641800243
5606,110,1,1631542813
5606,683,1,1644665027
5606,528,1,1640588791
5606,508,1,1622047803
5606,73,1,1642573214
5606,777,1,1640274242
5606,645,1,1633112090
5606,286,1,1633102198
5606,306,1,1617212898
5607,1503,1,1551894770
5607,1216,1,1601234321
5607,612,1,1599011770
5607,321,1,1561837967
5607,1255,1,1559882810
5607,233,1,1600694251
5607,506,1,1620277475
5607,853,1,1606600288
5607,391,1,1642135190
5607,508,1,1621031201
5607,27,1,1620277345
5608,190,1,1616938108
5608,612,1,1644719124
5608,1255,1,1633964091
5608,4,1,1642671298
5608,60,1,1620951669
5608,502,1,1642304711
5608,777,1,1645585458
5608,980,1,1623316871
5608,78,1,1636384824
5609,190,1,1616321998
5609,1199,1,1643088414
5609,502,1,1642313440
5609,386,1,1630038678
5609,150,1,1615199587
5609,289,1,1614493070
5609,1336,1,1495942656
5610,190,1,1644836807
5610,49,1,1639202521
5610,160,1,1591375793
5610,1326,1,1622126669
5610,765,1,1645451248
5611,190,1,1642674337
5611,4,1,1640519582
5611,792,1,1633836818
5611,373,1,1614226998
5611,775,1,1618412474
5611,151,1,1611427598
5612,190,1,1615715685
5612,636,1,1570898922
5612,1039,1,1617388241
5612,508,1,1621000107
5612,134,1,1621604309
5613,190,1,1616730862
5613,594,1,1617326027
5613,226,1,1618793422
5613,916,1,1617603756
5613,692,1,1609634057
5613,110,1,1627633516
5613,683,1,1644565764
5614,190,1,1635413634
5614,747,1,1577607045
5614,902,1,1599028601
5614,350,1,1588564382
5614,290,1,1598273941
5615,190,1,1616496746
5615,214,1,1632655273
5615,542,1,1632917532
5615,416,1,1634278113
5615,932,1,1628869185
5615,16,1,1638619944
5616,190,1,1615855953
5616,38,1,1638612403
5616,1293,1,1628866396
5616,349,1,1633480876
5616,1039,1,1617587251
5616,363,1,1562595685
5617,190,1,1615715969
5617,636,1,1571143193
5617,1050,1,1626790267
5617,289,1,1616163026
5617,155,1,1575545520
5617,453,1,1597720609
5617,30,1,1626344488
5618,190,1,1615714680
5618,643,1,1619349072
5618,459,1,1633881311
5618,1099,1,1637740939
5618,692,1,1609838685
5618,833,1,1619965557
5619,190,1,1615714012
5619,15,1,1629633636
5619,732,1,1589814196
5619,17,1,1640089215
5619,848,1,1586191819
5619,246,1,1600505816
5620,190,1,1615712261
5620,621,1,1617449865
5620,126,1,1572453864
5620,665,1,1612963899
5620,339,1,1572975539
5620,155,1,1563892809
5620,290,1,1585503150
5621,190,1,1615711160
5621,688,1,1628740543
5621,852,1,1602237115
5621,439,1,1638759535
5621,329,1,1629694378
5621,1076,1,1629883451
5621,675,1,1636513997
5621,78,1,1638091749
5622,1537,1,1599523313
5622,418,1,1629095579
5622,150,1,1616323506
5622,1043,1,1625719424
5622,31,1,1643176898
5623,1537,1,1599504548
5623,336,1,1564470375
5623,363,1,1564471604
5623,427,1,1641206171
5623,192,1,1595140104
5624,654,1,1589894051
5624,196,1,1621319781
5624,928,1,1634332698
5624,1491,1,1630506034
5624,1252,1,1642582094
5625,654,1,1567326721
5625,418,1,1629092751
5625,467,1,1638505252
5625,658,1,1565950688
5625,1211,1,1642068231
5625,31,1,1642996822
5626,654,1,1569651099
5626,196,1,1620275361
5626,233,1,1600694521
5626,1032,1,1611759025
5626,249,1,1570029245
5626,510,1,1630377922
5627,654,1,1567484063
5627,321,1,1560416973
5627,234,1,1598614826
5627,285,1,1589444623
5627,528,1,1640432554
5627,638,1,1567590358
5628,654,1,1567425703
5628,59,1,1605894129
5628,972,1,1559847836
5628,363,1,1562415513
5628,732,1,1561914217
5629,654,1,1567327658
5629,285,1,1589444641
5629,336,1,1564220170
5629,192,1,1594984276
5629,357,1,1564395942
5630,654,1,1596368728
5630,612,1,1620123673
5630,664,1,1594203641
5630,770,1,1640082323
5630,115,1,1613292684
5631,654,1,1591337069
5631,612,1,1587299988
5631,321,1,1560855706
5631,199,1,1488276381
5631,59,1,1617886551
5632,654,1,1578292017
5632,226,1,1618863408
5632,1099,1,1637860416
5632,928,1,1628181196
5632,1050,1,1626798053
5632,200,1,1608614858
5633,654,1,1572108819
5633,692,1,1610538077
5633,278,1,1573516831
5633,649,1,1580790475
5633,660,1,1638006146
5634,654,1,1569993178
5634,1311,1,1612691089
5634,979,1,1581217523
5634,275,1,1581592178
5634,841,1,1564118070
5635,654,1,1569376609
5635,49,1,1572156902
5635,281,1,1566493398
5635,637,1,1568890818
5635,865,1,1567697075
5635,290,1,1585493918
5636,654,1,1568980802
5636,1385,1,1643632222
5636,150,1,1615025072
5636,889,1,1571832515
5636,110,1,1627379718
5636,528,1,1640442138
5636,339,1,1573992142
5636,291,1,1612088756
5637,654,1,1568864146
5637,49,1,1575393509
5637,636,1,1570881571
5637,629,1,1591807268
5637,363,1,1601218011
5637,638,1,1567655319
5638,654,1,1567607456
5638,1244,1,1611128073
5638,1052,1,1605707312
5638,738,1,1585746774
5638,155,1,1600595705
5638,660,1,1638194081
5639,654,1,1567500910
5639,545,1,1628684914
5639,49,1,1572069999
5639,636,1,1572096670
5639,810,1,1628999556
5640,654,1,1567438961
5640,127,1,1573464685
5640,312,1,1589986307
5640,488,1,1609149162
5640,308,1,1630068662
5640,638,1,1567656088
5641,654,1,1567430222
5641,1515,1,1620005822
5641,277,1,1558258099
5641,1199,1,1643136181
5641,357,1,1564415628
5641,1211,1,1643116158
5641,31,1,1643111730
5641,291,1,1613139726
5642,654,1,1567355140
5642,1479,1,1583602195
5642,527,1,1638009348
5642,349,1,1633168888
5642,662,1,1586173142
5642,841,1,1564118551
5642,338,1,1552233894
5643,654,1,1567344217
5643,233,1,1600747925
5643,372,1,1590940733
5643,433,1,1607436099
5643,739,1,1622460726
5644,654,1,1567340330
5644,664,1,1594196596
5644,467,1,1638515723
5644,692,1,1609607729
5644,363,1,1562341910
5644,350,1,1588573497
5644,151,1,1575538103
5645,654,1,1567332842
5645,349,1,1633518833
5645,1039,1,1617339806
5645,357,1,1564468310
5645,78,1,1595400838
5646,654,1,1567331487
5646,233,1,1600693230
5646,275,1,1581333668
5646,508,1,1622434429
5646,731,1,1603603030
5647,654,1,1567331399
5647,664,1,1594219595
5647,253,1,1591968430
5647,363,1,1562346781
5647,282,1,1560878525
5648,654,1,1567329919
5648,125,1,1561044586
5648,744,1,1557771572
5648,277,1,1556274640
5648,249,1,1570031640
5648,110,1,1627474329
5648,528,1,1640427941
5648,865,1,1567603180
5648,376,1,1574249476
5648,246,1,1600536423
5649,654,1,1567328335
5649,637,1,1568720473
5649,336,1,1564329125
5649,372,1,1591025627
5649,286,1,1574847406
5650,654,1,1567326704
5650,1070,1,1595166306
5650,664,1,1594208976
5650,613,1,1620611231
5650,1187,1,1616987319
5650,150,1,1615025071
5651,1195,1,1642675283
5651,1332,1,1629896524
5651,792,1,1632497569
5651,1232,1,1587456077
5651,201,1,1627386406
5651,1079,1,1630150115
5652,1195,1,1642319633
5652,1432,1,1644607619
5652,257,1,1634529082
5652,1387,1,1635138129
5652,932,1,1629024177
5653,1263,1,1629161879
5653,243,1,1636372056
5653,24,1,1642396624
5653,1164,1,1588044719
5653,143,1,1634150940
5653,115,1,1615420101
5654,1263,1,1635437943
5654,527,1,1638064085
5654,617,1,1637856246
5654,1199,1,1644906516
5654,777,1,1640255124
5655,1263,1,1613766050
5655,526,1,1613818403
5655,617,1,1613766692
5655,349,1,1633344153
5655,1390,1,1638764694
5655,602,1,1616834072
5656,1263,1,1608632149
5656,664,1,1594218539
5656,233,1,1600687058
5656,150,1,1615032730
5656,338,1,1552231614
5656,1076,1,1630061593
5656,528,1,1642320400
5656,508,1,1621007398
5656,732,1,1598183495
5657,463,1,1643018508
5657,22,1,1640780838
5657,233,1,1640777926
5657,618,1,1637824756
5657,840,1,1644921341
5658,463,1,1641981540
5658,336,1,1564349208
5658,675,1,1636529640
5658,357,1,1564431457
5658,30,1,1626362828
5659,463,1,1642147989
5659,688,1,1634535889
5659,184,1,1601149989
5659,916,1,1616455838
5659,1050,1,1628209846
5660,463,1,1641982870
5660,256,1,1644339497
5660,336,1,1564227781
5660,1315,1,1630065830
5660,989,1,1623839149
5661,463,1,1641999371
5661,594,1,1615026115
5661,643,1,1619104084
5661,1164,1,1589816219
5661,552,1,1612617948
5662,463,1,1641719192
5662,1038,1,1597248839
5662,335,1,1631177939
5662,110,1,1627381627
5662,445,1,1631786348
5662,777,1,1640251277
5662,308,1,1630134204
5663,463,1,1641988338
5663,243,1,1637737995
5663,527,1,1638636409
5663,947,1,1605523901
5663,274,1,1627803047
5663,1257,1,1601645712
5664,463,1,1641833412
5664,281,1,1566475915
5664,542,1,1632935476
5664,150,1,1615209811
5664,777,1,1640253007
5665,463,1,1641721353
5665,126,1,1572354066
5665,295,1,1631439211
5665,542,1,1632906036
5665,15,1,1629627725
5665,521,1,1639477931
5665,416,1,1633770075
5665,932,1,1628847407
5665,16,1,1638613990
5665,155,1,1563933826
5665,128,1,1567767882
5665,283,1,1619176074
5666,1216,1,1597736763
5666,747,1,1595921908
5666,455,1,1592870103
5666,450,1,1589506963
5666,372,1,1596536789
5666,859,1,1592378599
5667,1216,1,1587026736
5667,275,1,1581354975
5667,249,1,1571916425
5667,430,1,1575972079
5667,357,1,1565767283
5668,1216,1,1562969657
5668,664,1,1596079143
5668,109,1,1636467467
5668,609,1,1636389656
5668,1071,1,1641743734
5668,602,1,1616077524
5669,1216,1,1562597928
5669,459,1,1633878086
5669,60,1,1621352962
5669,865,1,1569684407
5669,415,1,1599229711
5670,594,1,1628905260
5670,275,1,1581332948
5670,683,1,1644483899
5670,430,1,1564737319
5670,339,1,1569921284
5670,350,1,1588560410
5670,151,1,1575366179
5671,594,1,1615023219
5671,643,1,1618825050
5671,234,1,1598608593
5671,692,1,1609579881
5671,659,1,1601112996
5671,672,1,1606553313
5671,777,1,1640246520
5671,646,1,1608627884
5672,594,1,1615023026
5672,285,1,1589453003
5672,644,1,1611126781
5672,659,1,1601112882
5672,646,1,1608628269
5673,594,1,1625321658
5673,664,1,1595647711
5673,110,1,1627471061
5673,786,1,1620039315
5673,659,1,1625289521
5673,283,1,1622295304
5673,989,1,1623845858
5674,594,1,1615137898
5674,123,1,1599926692
5674,687,1,1599068822
5674,111,1,1605850548
5674,552,1,1612608866
5675,594,1,1615028117
5675,629,1,1590633716
5675,964,1,1635571902
5675,281,1,1566469581
5675,285,1,1589454834
5675,637,1,1568720950
5675,110,1,1627376733
5675,732,1,1609347442
5675,111,1,1605778291
5675,296,1,1627287118
5675,372,1,1591181127
5675,646,1,1609947182
5676,594,1,1615027477
5676,58,1,1634098440
5676,295,1,1636207867
5676,692,1,1609587632
5676,644,1,1611125850
5676,833,1,1619943091
5676,296,1,1627286964
5676,552,1,1612614842
5676,509,1,1635742376
5676,989,1,1623929937
5677,594,1,1615026043
5677,123,1,1599833877
5677,234,1,1598609852
5677,692,1,1609581629
5677,659,1,1601116523
5677,372,1,1590919959
5678,594,1,1615023887
5678,547,1,1630582980
5678,234,1,1598615552
5678,902,1,1597473712
5678,111,1,1605778955
5678,372,1,1591066416
5679,594,1,1615023662
5679,321,1,1560418339
5679,123,1,1599818644
5679,109,1,1636450490
5679,60,1,1620951341
5679,171,1,1631333012
5679,106,1,1607936146
5679,111,1,1605784523
5679,134,1,1621595801
5679,13,1,1606992522
5680,594,1,1615023580
5680,643,1,1618826328
5680,150,1,1615024253
5680,508,1,1620993376
5680,552,1,1612604693
5681,594,1,1615023520
5681,22,1,1635655788
5681,233,1,1600686682
5681,662,1,1586165123
5681,659,1,1601136532
5682,594,1,1616772340
5682,643,1,1621171410
5682,747,1,1576284537
5682,827,1,1578232402
5682,659,1,1601148093
5683,594,1,1615128553
5683,109,1,1636453431
5683,649,1,1637409552
5683,150,1,1615228036
5683,672,1,1607164726
5683,134,1,1621590063
5684,594,1,1615112931
5684,275,1,1581327303
5684,692,1,1609601641
5684,662,1,1586165379
5684,1252,1,1592237450
5684,372,1,1590921097
5684,207,1,1605714393
5685,594,1,1615082815
5685,349,1,1633171561
5685,672,1,1606566396
5685,111,1,1605779808
5685,134,1,1621598616
5686,594,1,1615057801
5686,643,1,1618836032
5686,508,1,1621458401
5686,111,1,1607845195
5686,286,1,1577050364
5687,594,1,1615043416
5687,233,1,1600749552
5687,1099,1,1637702895
5687,637,1,1568720711
5687,150,1,1615031355
5687,110,1,1627381401
5687,644,1,1611210257
5687,312,1,1589976688
5687,111,1,1605807064
5687,552,1,1612618865
5688,594,1,1615039702
5688,643,1,1618835827
5688,506,1,1614230117
5688,1252,1,1597202678
5688,659,1,1601112936
5689,594,1,1615039291
5689,281,1,1568204936
5689,508,1,1621071375
5689,585,1,1585798494
5689,312,1,1590051436
5689,638,1,1568656791
5689,128,1,1568042747
5690,594,1,1615038902
5690,643,1,1618838599
5690,665,1,1620013940
5690,362,1,1610804360
5690,692,1,1610640209
5690,659,1,1606569103
5691,594,1,1615034861
5691,643,1,1618888846
5691,150,1,1615034735
5691,552,1,1612660669
5691,509,1,1635745946
5692,594,1,1615034727
5692,643,1,1618825763
5692,234,1,1598613602
5692,692,1,1609588579
5692,134,1,1621593108
5693,594,1,1615030417
5693,692,1,1610958286
5693,1385,1,1643729682
5693,150,1,1616333022
5693,73,1,1642499518
5693,552,1,1612604685
5694,594,1,1615029840
5694,643,1,1619086742
5694,644,1,1611142203
5694,73,1,1642942570
5694,659,1,1601134554
5694,552,1,1612623895
5694,134,1,1621598731
5695,594,1,1615028745
5695,643,1,1618827331
5695,1029,1,1585885756
5695,692,1,1609652893
5695,111,1,1605779505
5695,552,1,1612619386
5695,180,1,1616764052
5696,594,1,1615024988
5696,184,1,1601094536
5696,277,1,1556273225
5696,683,1,1644485565
5696,644,1,1611127337
5696,246,1,1600588310
5697,594,1,1615024621
5697,643,1,1618833383
5697,234,1,1598617124
5697,672,1,1606553446
5697,134,1,1621589512
5698,594,1,1615024470
5698,184,1,1601162752
5698,109,1,1636461544
5698,1099,1,1638229721
5698,659,1,1601158293
5699,594,1,1615024032
5699,275,1,1581327237
5699,285,1,1590254037
5699,150,1,1615023681
5699,133,1,1636193768
5699,672,1,1606553641
5699,343,1,1632927372
5700,594,1,1615023381
5700,1040,1,1615558494
5700,1041,1,1608811533
5700,644,1,1611141084
5700,672,1,1606553101
5700,306,1,1613027192
5701,594,1,1615023352
5701,109,1,1636610585
5701,15,1,1629636775
5701,1244,1,1611316302
5701,552,1,1612743293
5702,594,1,1615023186
5702,126,1,1577097531
5702,662,1,1586165788
5702,683,1,1644500908
5702,134,1,1621601410
5702,989,1,1623931650
5703,1446,1,1645149873
5703,467,1,1638504968
5703,488,1,1609148720
5703,296,1,1627316978
5703,777,1,1640260949
5703,308,1,1630081838
5703,602,1,1615461712
5704,1291,1,1593519488
5704,459,1,1632264809
5704,665,1,1624567055
5704,78,1,1642510873
5704,775,1,1621379206
5705,1291,1,1601275870
5705,196,1,1620750031
5705,386,1,1631449356
5705,786,1,1619912219
5705,646,1,1609996141
5706,1231,1,1618738648
5706,126,1,1572353160
5706,186,1,1641627896
5706,964,1,1635851506
5706,792,1,1632760586
5706,289,1,1614606484
5706,155,1,1564055253
5706,660,1,1638011099
5707,612,1,1616676012
5707,77,1,1607844206
5707,649,1,1603721405
5707,833,1,1621377616
5707,291,1,1613226551
5708,612,1,1624287954
5708,385,1,1631363228
5708,732,1,1627800663
5708,503,1,1633771737
5708,1063,1,1631005940
5709,612,1,1611922611
5709,1062,1,1611726571
5709,802,1,1611558472
5709,649,1,1611791520
5709,373,1,1611726618
5710,612,1,1588480311
5710,747,1,1576299259
5710,196,1,1620660802
5710,671,1,1625806825
5710,559,1,1644681042
5710,363,1,1562461148
5710,376,1,1575456699
5710,563,1,1555212504
5710,290,1,1585473507
5711,612,1,1587304328
5711,526,1,1605004163
5711,1577,1,1605959404
5711,253,1,1591961244
5711,509,1,1635758548
5712,612,1,1613214602
5712,196,1,1620013190
5712,671,1,1625973567
5712,928,1,1628158001
5712,1326,1,1622120915
5712,777,1,1640447653
5712,115,1,1613210272
5713,612,1,1587353126
5713,636,1,1570904493
5713,1491,1,1632111732
5713,777,1,1640323495
5713,115,1,1613143051
5713,739,1,1623474923
5713,291,1,1612104843
5714,612,1,1587349488
5714,664,1,1594212394
5714,662,1,1586172825
5714,350,1,1623842307
5714,221,1,1579765890
5715,612,1,1587325202
5715,49,1,1572136617
5715,552,1,1612626068
5715,373,1,1580746179
5715,290,1,1585392450
5716,612,1,1587314312
5716,281,1,1566474745
5716,822,1,1639383420
5716,692,1,1609593589
5716,336,1,1564231187
5716,672,1,1606556842
5716,552,1,1613102531
5716,739,1,1622523029
5716,646,1,1608631702
5717,612,1,1587313211
5717,192,1,1594999164
5717,30,1,1626448002
5717,115,1,1613124959
5717,696,1,1642332414
5718,612,1,1587310592
5718,321,1,1588865561
5718,1099,1,1637728854
5718,349,1,1633859938
5718,559,1,1644947129
5719,612,1,1587308691
5719,77,1,1607527350
5719,418,1,1629098934
5719,636,1,1595824456
5719,281,1,1566657211
5719,439,1,1638694218
5719,649,1,1583593938
5719,450,1,1588052088
5720,612,1,1587306888
5720,527,1,1638168411
5720,559,1,1644750503
5720,312,1,1589995245
5720,308,1,1631587829
5721,612,1,1587300607
5721,243,1,1637112930
5721,853,1,1561779277
5721,200,1,1566255821
5721,775,1,1616849559
5722,612,1,1587300558
5722,527,1,1638019845
5722,308,1,1630063900
5722,5,1,1641645524
5722,290,1,1585394251
5722,660,1,1638016444
5722,883,1,1562936406
5722,291,1,1612181983
5723,612,1,1587293938
5723,256,1,1642750596
5723,267,1,1622791541
5723,115,1,1613117416
5723,660,1,1637947373
5724,612,1,1587293895
5724,1559,1,1639027516
5724,184,1,1601094061
5724,1376,1,1610617670
5724,629,1,1590586485
5724,1235,1,1636538945
5724,731,1,1603528014
5724,1163,1,1613274324
5724,660,1,1639656681
5724,696,1,1642231819
5724,976,1,1645360514
5725,612,1,1627809367
5725,506,1,1632452080
5725,649,1,1628726466
5725,450,1,1634185424
5725,833,1,1619945947
5725,339,1,1621992686
5725,286,1,1621420267
5725,78,1,1629161405
5725,739,1,1630803840
5726,612,1,1605334251
5726,643,1,1626518132
5726,972,1,1600599950
5726,289,1,1614575693
5726,989,1,1626585958
5727,612,1,1596633819
5727,467,1,1638599604
5727,951,1,1627843677
5727,964,1,1635688803
5727,609,1,1638323065
5727,502,1,1642314529
5727,445,1,1631975401
5728,612,1,1594294489
5728,1255,1,1486129843
5728,186,1,1641332072
5728,527,1,1638337237
5728,636,1,1571042778
5728,629,1,1590679333
5728,1099,1,1638988056
5728,281,1,1566475453
5728,559,1,1644754338
5728,249,1,1570273425
5728,637,1,1568730567
5728,1390,1,1618942246
5728,502,1,1642355294
5728,336,1,1564223824
5728,338,1,1552215643
5728,363,1,1562512704
5728,296,1,1627372198
5728,777,1,1640323888
5728,638,1,1567608525
5728,282,1,1558836143
5728,376,1,1574258575
5728,333,1,1644061343
5728,509,1,1635744300
5729,612,1,1591374310
5729,902,1,1597673566
5729,939,1,1624037357
5729,1071,1,1641896407
5729,30,1,1627560902
5729,291,1,1612780775
5730,612,1,1589642712
5730,418,1,1629097168
5730,527,1,1638099042
5730,827,1,1579449617
5730,419,1,1646055301
5730,289,1,1635711405
5730,5,1,1641637111
5730,1063,1,1629815519
5731,612,1,1587455004
5731,243,1,1636564231
5731,419,1,1646139251
5731,503,1,1633784566
5731,735,1,1587206963
5732,612,1,1587396758
5732,643,1,1619032858
5732,214,1,1632691463
5732,109,1,1637191818
5732,659,1,1601134131
5732,229,1,1586767711
5732,312,1,1589976124
5733,612,1,1587393905
5733,418,1,1629184426
5733,186,1,1641279435
5733,427,1,1641833516
5733,1211,1,1642131958
5734,612,1,1587393820
5734,747,1,1575900193
5734,233,1,1600702025
5734,649,1,1578925579
5734,150,1,1615114849
5735,125,1,1561086937
5735,281,1,1566550904
5735,150,1,1615048992
5735,338,1,1552231015
5735,683,1,1644491145
5736,125,1,1562637383
5736,321,1,1561882092
5736,692,1,1609580937
5736,336,1,1564452175
5736,229,1,1592135158
5737,125,1,1561039747
5737,233,1,1600686996
5737,238,1,1601658301
5737,1125,1,1601016834
5737,521,1,1639493497
5738,125,1,1562147435
5738,321,1,1560496806
5738,281,1,1566529767
5738,336,1,1564474213
5738,338,1,1552368734
5738,972,1,1563594778
5738,363,1,1564302298
5738,155,1,1564047251
5738,357,1,1564472860
5739,125,1,1561044774
5739,830,1,1631727316
5739,1386,1,1634211967
5739,184,1,1601116351
5739,761,1,1630997225
5739,696,1,1642293536
5740,321,1,1567110536
5740,127,1,1573443065
5740,658,1,1565962988
5740,339,1,1570110987
5740,373,1,1570989050
5740,883,1,1607964312
5741,321,1,1642562122
5741,687,1,1641556844
5741,339,1,1628340335
5741,372,1,1620901060
5741,376,1,1632884820
5742,321,1,1605613142
5742,1382,1,1590152995
5742,947,1,1605456185
5742,1050,1,1626777879
5742,106,1,1614776387
5742,267,1,1622729936
5742,78,1,1621427938
5743,321,1,1596982990
5743,277,1,1560857242
5743,339,1,1571544153
5743,372,1,1590926824
5743,151,1,1575371851
5744,321,1,1572275526
5744,335,1,1631195280
5744,1099,1,1637677340
5744,295,1,1631520176
5744,285,1,1589893075
5744,659,1,1601130779
5744,775,1,1616944194
5745,321,1,1565678447
5745,278,1,1573566533
5745,329,1,1631336489
5745,16,1,1646537343
5745,286,1,1574859173
5746,321,1,1560508999
5746,527,1,1638068719
5746,109,1,1636471465
5746,964,1,1635595736
5746,637,1,1568717717
5746,1199,1,1643090959
5746,171,1,1631354801
5746,508,1,1620996015
5746,289,1,1618031377
5746,761,1,1630118488
5746,134,1,1621607929
5746,376,1,1574251417
5746,645,1,1568119411
5746,510,1,1630332298
5746,115,1,1613124334
5746,509,1,1635843989
5746,1211,1,1642088078
5746,602,1,1615620858
5747,321,1,1620576662
5747,1172,1,1639586052
5747,196,1,1637642868
5747,319,1,1620920056
5747,928,1,1637643169
5747,285,1,1622820898
5747,290,1,1597999300
5747,510,1,1630331538
5747,509,1,1635778961
5748,321,1,1608749476
5748,249,1,1570096904
5748,15,1,1629681219
5748,972,1,1595819780
5748,646,1,1642641626
5749,321,1,1599036198
5749,234,1,1598800471
5749,336,1,1573018993
5749,338,1,1575452789
5749,1052,1,1575018914
5749,372,1,1599272145
5750,321,1,1596555920
5750,1032,1,1611680833
5750,692,1,1609604119
5750,150,1,1615104370
5750,508,1,1621008411
5750,672,1,1606596744
5750,552,1,1612680143
5750,1079,1,1630381691
5751,321,1,1595429811
5751,996,1,1590399721
5751,662,1,1589171081
5751,841,1,1589947651
5751,972,1,1595429268
5752,321,1,1591891416
5752,636,1,1570893388
5752,902,1,1597551291
5752,947,1,1605464801
5752,675,1,1636541044
5752,602,1,1616848704
5753,321,1,1584923008
5753,827,1,1576865269
5753,508,1,1622287208
5753,30,1,1626361033
5753,1035,1,1621594217
5754,321,1,1573573569
5754,1280,1,1618911422
5754,672,1,1606557147
5754,973,1,1618918800
5754,735,1,1598861240
5755,321,1,1572707211
5755,126,1,1572347287
5755,692,1,1609604106
5755,1244,1,1611066626
5755,659,1,1601140903
5755,339,1,1570365718
5756,321,1,1565110139
5756,527,1,1638237239
5756,777,1,1640273289
5756,286,1,1575046239
5756,1211,1,1642294761
5757,321,1,1564595990
5757,841,1,1564077677
5757,1257,1,1601638558
5757,115,1,1619941077
5757,660,1,1643872740
5758,321,1,1562337478
5758,636,1,1570874580
5758,127,1,1574753390
5758,1232,1,1587082706
5758,932,1,1628896866
5758,155,1,1564808615
5758,1301,1,1581072674
5758,78,1,1595344446
5758,1246,1,1572486404
5758,1567,1,1645283738
5758,221,1,1579606182
5759,321,1,1562317962
5759,450,1,1587229697
5759,508,1,1620987723
5759,445,1,1631797417
5759,312,1,1590120937
5760,321,1,1561687356
5760,629,1,1592323434
5760,692,1,1609587269
5760,336,1,1564220206
5760,1252,1,1592054615
5760,282,1,1560319114
5760,357,1,1564619991
5761,321,1,1560555643
5761,127,1,1573308805
5761,285,1,1589513282
5761,150,1,1616318811
5761,889,1,1571970139
5761,110,1,1627389252
5761,430,1,1564838125
5761,659,1,1601132533
5761,339,1,1569927482
5761,111,1,1605781360
5761,282,1,1558802143
5761,1161,1,1627439589
5761,221,1,1579746001
5761,883,1,1561954454
5761,151,1,1575370970
5762,321,1,1560532647
5762,559,1,1644657237
5762,658,1,1565956805
5762,841,1,1564229763
5762,430,1,1564915808
5762,777,1,1640247012
5762,308,1,1630078854
5762,290,1,1585491498
5763,321,1,1560522266
5763,22,1,1634294319
5763,137,1,1600492243
5763,335,1,1631177954
5763,473,1,1629627250
5763,15,1,1629625451
5764,321,1,1560520343
5764,643,1,1618825078
5764,234,1,1598676979
5764,349,1,1633175681
5764,692,1,1609772559
5764,111,1,1605788153
5764,221,1,1579603961
5765,321,1,1560504977
5765,1390,1,1620340381
5765,336,1,1564227811
5765,638,1,1567688502
5765,989,1,1623834223
5766,321,1,1560489284
5766,636,1,1570873085
5766,853,1,1561732178
5766,127,1,1573304500
5766,282,1,1573305009
5766,286,1,1574853603
5767,321,1,1560446076
5767,285,1,1589449482
5767,559,1,1644654109
5767,672,1,1606554505
5767,111,1,1605778683
5767,777,1,1640247775
5767,638,1,1567620698
5767,267,1,1622714847
5767,221,1,1579631456
5767,989,1,1623865053
5767,602,1,1615516451
5768,321,1,1560434392
5768,277,1,1556373774
5768,1577,1,1575308414
5768,430,1,1564878406
5768,363,1,1562347886
5768,17,1,1641523455
5769,321,1,1644267902
5769,1039,1,1619617442
5769,290,1,1598200112
5769,575,1,1643316902
5769,976,1,1643884358
5770,1496,1,1641638410
5770,49,1,1573035851
5770,649,1,1578846590
5770,777,1,1640249573
5770,291,1,1613482094
5771,1496,1,1640429489
5771,127,1,1575191823
5771,1252,1,1590155570
5771,289,1,1616326507
5771,1281,1,1616325040
5772,1343,1,1643000293
5772,671,1,1627215318
5772,1152,1,1633505367
5772,1256,1,1633845081
5772,1424,1,1633514408
5773,1343,1,1644230916
5773,385,1,1631174172
5773,392,1,1619947700
5773,1187,1,1618127391
5773,296,1,1627288196
5774,1403,1,1643182922
5774,827,1,1576678967
5774,662,1,1586270747
5774,131,1,1638808240
5774,528,1,1640446197
5774,376,1,1574246776
5775,1073,1,1632743240
5775,481,1,1606628918
5775,137,1,1600484051
5775,629,1,1590581752
5775,277,1,1556274759
5775,502,1,1642304033
5775,372,1,1590919523
5775,245,1,1598670087
5775,557,1,1623577660
5775,13,1,1606991303
5775,883,1,1561810349
5775,884,1,1590198409
5776,1073,1,1632745248
5776,830,1,1631701228
5776,1123,1,1593082618
5776,386,1,1629957542
5776,1417,1,1628378677
5777,1073,1,1634581664
5777,150,1,1616481821
5777,110,1,1627380269
5777,430,1,1566195262
5777,339,1,1569921807
5777,5,1,1641639433
5777,291,1,1612081811
5778,1073,1,1632813344
5778,1054,1,1605368836
5778,184,1,1601118441
5778,528,1,1640577671
5778,16,1,1640678833
5779,1073,1,1632747230
5779,256,1,1642793691
5779,391,1,1636726466
5779,127,1,1573410503
5779,792,1,1634354784
5779,339,1,1569928580
5779,291,1,1612704953
5780,1392,1,1622447536
5780,833,1,1620032521
5780,672,1,1607320687
5780,660,1,1638160156
5780,1315,1,1631522837
5781,1392,1,1622424911
5781,385,1,1631164818
5781,289,1,1615564553
5781,503,1,1634382438
5781,602,1,1615480748
5782,1392,1,1623784893
5782,1275,1,1633617647
5782,671,1,1625882343
5782,416,1,1634398739
5782,976,1,1641252496
5783,1392,1,1623652782
5783,196,1,1621527712
5783,617,1,1596007857
5783,127,1,1575350462
5783,308,1,1632049318
5784,1392,1,1623371522
5784,559,1,1644776803
5784,253,1,1591977620
5784,296,1,1627395245
5784,510,1,1630314860
5784,1315,1,1632034883
5785,1392,1,1622519382
5785,385,1,1631105398
5785,114,1,1612930168
5785,416,1,1633765951
5785,932,1,1628849360
5785,246,1,1600500134
5786,1392,1,1622416958
5786,643,1,1618842419
5786,275,1,1581477585
5786,636,1,1570896548
5786,671,1,1625899022
5786,1448,1,1631090213
5786,658,1,1566975918
5786,312,1,1589972742
5786,111,1,1605784313
5786,552,1,1612608865
5787,1392,1,1622376719
5787,233,1,1600692743
5787,1244,1,1610902245
5787,1123,1,1595442784
5787,289,1,1616859598
5787,433,1,1607678364
5787,1301,1,1586188975
5787,415,1,1599191415
5787,13,1,1610448870
5787,482,1,1597306488
5788,1392,1,1622372915
5788,559,1,1644653488
5788,833,1,1619944452
5788,296,1,1627286714
5788,308,1,1630057636
5788,115,1,1613122490
5789,1392,1,1622372589
5789,277,1,1556279083
5789,338,1,1552318094
5789,510,1,1630329292
5789,660,1,1637973587
5790,545,1,1623677076
5790,109,1,1636466707
5790,978,1,1623043247
5790,1244,1,1610956165
5790,155,1,1563927442
5791,545,1,1623232570
5791,664,1,1594186065
5791,1382,1,1591023718
5791,455,1,1592118179
5791,662,1,1586163572
5791,253,1,1591973613
5791,134,1,1621596968
5792,545,1,1625745988
5792,973,1,1641303260
5792,1063,1,1629640862
5792,696,1,1642859116
5792,989,1,1625119593
5793,545,1,1630474810
5793,126,1,1573215712
5793,4,1,1608130720
5793,58,1,1634274423
5793,947,1,1605531222
5793,350,1,1588561953
5793,27,1,1618933276
5794,461,1,1628914440
5794,979,1,1580740830
5794,1054,1,1609041574
5794,1477,1,1636954137
5794,1385,1,1643734258
5794,571,1,1599978171
5794,488,1,1610687603
5795,461,1,1628928466
5795,226,1,1618758462
5795,659,1,1601255675
5795,696,1,1642258881
5795,976,1,1646591362
5796,1062,1,1599587716
5796,979,1,1587488686
5796,49,1,1584501012
5796,1142,1,1602949814
5796,234,1,1598718349
5796,285,1,1589637852
5796,827,1,1585911499
5796,1052,1,1595265159
5796,659,1,1601439264
5796,111,1,1605965318
5797,1062,1,1628630130
5797,1515,1,1627455696
5797,275,1,1628260933
5797,1491,1,1629379334
5797,1050,1,1626792249
5797,363,1,1563638800
5798,1062,1,1631097117
5798,747,1,1630927311
5798,4,1,1637902572
5798,527,1,1638214868
5798,319,1,1620996584
5798,618,1,1639705771
5798,827,1,1630927727
5798,59,1,1636262630
5798,289,1,1632585731
5798,106,1,1641250552
5798,267,1,1637607469
5798,1063,1,1630998688
5799,1062,1,1599736575
5799,858,1,1598269616
5799,154,1,1599730298
5799,78,1,1598525517
5799,765,1,1644574431
5800,873,1,1641363732
5800,1280,1,1618898574
5800,852,1,1626004434
5800,874,1,1580313254
5800,1088,1,1580802180
5801,873,1,1641362215
5801,137,1,1600585602
5801,917,1,1635431356
5801,528,1,1640516344
5801,416,1,1633766467
5802,873,1,1641374064
5802,1032,1,1611765718
5802,692,1,1609687580
5802,416,1,1634715870
5802,16,1,1638717662
5803,38,1,1639761466
5803,60,1,1621625814
5803,502,1,1642314493
5803,445,1,1632122035
5803,896,1,1617728307
5803,31,1,1642996550
5804,38,1,1638706030
5804,275,1,1581432134
5804,528,1,1640447970
5804,638,1,1569053155
5804,357,1,1564414764
5804,246,1,1600530694
5805,38,1,1638777299
5805,362,1,1628987201
5805,4,1,1633371123
5805,58,1,1634059892
5805,427,1,1645839561
5805,1211,1,1642119396
5806,38,1,1638708811
5806,256,1,1642848478
5806,257,1,1634639418
5806,1387,1,1633333634
5806,559,1,1645181297
5807,38,1,1640804360
5807,916,1,1616147758
5807,488,1,1612382376
5807,357,1,1594149340
5807,78,1,1615043627
5808,38,1,1639326419
5808,1456,1,1616999890
5808,363,1,1562354878
5808,289,1,1614573504
5808,732,1,1555696998
5809,38,1,1638629156
5809,643,1,1618826744
5809,747,1,1575906428
5809,664,1,1594211120
5809,275,1,1581612854
5809,928,1,1628961477
5809,281,1,1566477817
5809,127,1,1573320530
5809,285,1,1589553789
5809,662,1,1586190096
5809,638,1,1567659139
5809,376,1,1574268909
5809,221,1,1580942211
5809,989,1,1623837510
5810,38,1,1638613029
5810,643,1,1618826147
5810,295,1,1631850603
5810,559,1,1644748291
5810,416,1,1633864434
5810,111,1,1605791517
5810,207,1,1605718387
5810,509,1,1635742644
5811,38,1,1640219602
5811,747,1,1601987671
5811,450,1,1590764308
5811,289,1,1618666507
5811,350,1,1590072696
5812,38,1,1638842867
5812,226,1,1624285666
5812,58,1,1635446161
5812,385,1,1631856821
5812,528,1,1640488738
5813,38,1,1638728034
5813,671,1,1625930639
5813,559,1,1644758625
5813,777,1,1640413950
5813,115,1,1613152724
5814,38,1,1638715798
5814,30,1,1630564351
5814,1035,1,1638805021
5814,1315,1,1629867940
5814,976,1,1645360909
5815,38,1,1638693018
5815,643,1,1618874678
5815,234,1,1598761490
5815,637,1,1568942508
5815,336,1,1564225801
5815,416,1,1633803191
5815,638,1,1567598166
5815,376,1,1574236191
5815,357,1,1564413137
5815,509,1,1635796076
5816,38,1,1638681467
5816,467,1,1638601324
5816,527,1,1638027240
5816,285,1,1589617175
5816,283,1,1619176798
5817,38,1,1638681282
5817,527,1,1638328841
5817,109,1,1636490490
5817,1099,1,1637682875
5817,660,1,1638023002
5818,38,1,1638654766
5818,671,1,1626256102
5818,150,1,1616234797
5818,430,1,1588696177
5818,308,1,1630074912
5819,38,1,1638628014
5819,60,1,1620915455
5819,289,1,1616340267
5819,1003,1,1590161199
5819,246,1,1600511009
5820,38,1,1638627281
5820,792,1,1633537536
5820,502,1,1642312161
5820,39,1,1599975199
5820,16,1,1638629158
5820,357,1,1571497528
5820,267,1,1628508808
5820,1211,1,1642653610
5821,38,1,1638627040
5821,199,1,1488276014
5821,289,1,1614483162
5821,39,1,1600056249
5821,111,1,1605797223
5821,5,1,1641651737
5821,13,1,1607003954
5822,38,1,1638616654
5822,527,1,1638285878
5822,73,1,1642510179
5822,16,1,1638608032
5822,115,1,1641815710
5823,38,1,1638615579
5823,60,1,1621007838
5823,171,1,1631336720
5823,30,1,1626364386
5823,13,1,1606994715
5824,38,1,1638612678
5824,77,1,1643528577
5824,527,1,1638007791
5824,542,1,1633168065
5824,171,1,1631675409
5825,38,1,1638610671
5825,186,1,1641267797
5825,467,1,1638507695
5825,527,1,1638009908
5825,1199,1,1643082830
5825,502,1,1642303916
5825,5,1,1641636490
5825,509,1,1635737777
5825,1211,1,1642068647
5826,38,1,1638609646
5826,643,1,1618825891
5826,916,1,1616144763
5826,171,1,1631332941
5826,833,1,1619948868
5826,283,1,1619228202
5827,1501,1,1616171617
5827,964,1,1635674660
5827,939,1,1622274526
5827,201,1,1627459419
5827,30,1,1626401184
5828,1332,1,1629859671
5828,1029,1,1581675191
5828,725,1,1588954082
5828,39,1,1606346120
5828,13,1,1607090869
5829,934,1,1610889576
5829,644,1,1611125449
5829,672,1,1607843101
5829,229,1,1609584229
5829,488,1,1609586286
5830,934,1,1578922700
5830,664,1,1594186431
5830,275,1,1581326153
5830,251,1,1599569493
5830,274,1,1625915808
5831,934,1,1611651099
5831,114,1,1612865897
5831,252,1,1631107333
5831,521,1,1639477887
5831,965,1,1639480385
5831,132,1,1640683390
5831,254,1,1641793730
5832,1070,1,1595180910
5832,643,1,1618850279
5832,1147,1,1638899031
5832,233,1,1600697902
5832,184,1,1601103044
5832,971,1,1587668087
5832,234,1,1598635346
5832,692,1,1609607992
5832,659,1,1601140397
5832,312,1,1589996014
5832,111,1,1605787573
5832,675,1,1636820228
5832,246,1,1600505331
5832,283,1,1619179140
5833,1070,1,1595170101
5833,418,1,1629380634
5833,184,1,1601120554
5833,744,1,1557748929
5833,1003,1,1590158839
5833,1082,1,1599995536
5834,1070,1,1597388272
5834,979,1,1581871000
5834,391,1,1638291865
5834,552,1,1612804075
5834,413,1,1611791065
5835,1070,1,1595164846
5835,664,1,1594185841
5835,184,1,1601093789
5835,238,1,1601626759
5835,234,1,1598608291
5835,285,1,1589444581
5835,662,1,1586163078
5835,253,1,1591959774
5835,372,1,1590919390
5836,1070,1,1595186396
5836,664,1,1594226066
5836,665,1,1638573768
5836,971,1,1587696786
5836,329,1,1629738692
5836,253,1,1592067443
5837,1455,1,1645322276
5837,852,1,1595101901
5837,430,1,1599466044
5837,659,1,1602382007
5837,765,1,1644674271
5838,1455,1,1642805757
5838,215,1,1603034621
5838,1125,1,1598932865
5838,1244,1,1613062668
5838,453,1,1607699873
5838,78,1,1644079248
5839,1515,1,1625691980
5839,278,1,1574740517
5839,508,1,1623261707
5839,672,1,1608050231
5839,732,1,1563278497
5840,1515,1,1610738777
5840,1311,1,1613889666
5840,636,1,1570950918
5840,150,1,1615105453
5840,732,1,1636833246
5840,660,1,1637998772
5841,1515,1,1623578167
5841,233,1,1633397538
5841,385,1,1631083264
5841,803,1,1635812619
5841,1211,1,1642113932
5842,1515,1,1621623231
5842,979,1,1581956433
5842,1252,1,1616158605
5842,155,1,1624196764
5842,246,1,1614783309
5842,739,1,1624168590
5842,883,1,1604310971
5843,1515,1,1610728172
5843,77,1,1607848179
5843,160,1,1586452296
5843,662,1,1586163161
5843,1178,1,1642826925
5843,645,1,1568182525
5844,1515,1,1610601976
5844,964,1,1635571797
5844,154,1,1599581580
5844,339,1,1570446647
5844,376,1,1574239694
5845,1515,1,1610489191
5845,1022,1,1604560798
5845,196,1,1619780725
5845,671,1,1625962886
5845,114,1,1614056423
5846,1318,1,1631246742
5846,257,1,1634559639
5846,200,1,1641718762
5846,1257,1,1576165254
5846,973,1,1638533321
5847,1318,1,1641734711
5847,1147,1,1639886691
5847,1199,1,1643291581
5847,439,1,1643293177
5847,386,1,1631436137
5848,643,1,1618826255
5848,692,1,1609582924
5848,278,1,1577018771
5848,644,1,1611126798
5848,659,1,1601117319
5848,672,1,1606554500
5848,111,1,1605798509
5849,643,1,1618824886
5849,552,1,1612603990
5849,134,1,1621592393
5849,286,1,1574847709
5849,221,1,1579599362
5850,643,1,1618824972
5850,1032,1,1611655743
5850,150,1,1615026323
5850,552,1,1612603994
5850,115,1,1613116905
5851,643,1,1619007218
5851,233,1,1600701996
5851,285,1,1589449433
5851,692,1,1609594429
5851,659,1,1601121660
5851,672,1,1606555547
5851,134,1,1621604232
5851,221,1,1579601263
5852,643,1,1618825438
5852,613,1,1620611184
5852,658,1,1565968113
5852,508,1,1620988035
5852,1164,1,1587787596
5853,643,1,1618824730
5853,1390,1,1618823493
5853,508,1,1620986519
5853,833,1,1619942488
5853,296,1,1627286509
5853,134,1,1621589544
5853,283,1,1619175670
5854,643,1,1618825438
5854,644,1,1611138803
5854,672,1,1606558893
5854,552,1,1612615411
5854,134,1,1621708749
5855,643,1,1625464005
5855,979,1,1580320180
5855,659,1,1601136797
5855,339,1,1577350839
5855,134,1,1621594409
5855,735,1,1587321071
5856,643,1,1618927560
5856,109,1,1636462572
5856,73,1,1642500321
5856,659,1,1601115676
5856,672,1,1606558187
5856,111,1,1605783432
5856,134,1,1621606722
5856,509,1,1635776445
5856,989,1,1628404219
5857,643,1,1618835240
5857,527,1,1638017433
5857,618,1,1634963168
5857,349,1,1633154822
5857,658,1,1565982842
5857,312,1,1589990593
5857,510,1,1630366339
5857,509,1,1635735825
5858,643,1,1618830562
5858,109,1,1636450573
5858,644,1,1611221828
5858,659,1,1601134077
5858,672,1,1606553022
5858,777,1,1640246507
5858,134,1,1621607383
5859,643,1,1618826120
5859,688,1,1628673576
5859,319,1,1620829311
5859,1256,1,1604231966
5859,350,1,1596554707
5859,989,1,1629586708
5860,643,1,1618825094
5860,467,1,1638505182
5860,278,1,1573392813
5860,659,1,1601157618
5860,1211,1,1642068786
5861,643,1,1618824954
5861,644,1,1611126439
5861,659,1,1601210853
5861,552,1,1612765093
5861,308,1,1630079506
5861,306,1,1612868540
5862,643,1,1618824663
5862,74,1,1631419806
5862,552,1,1612604048
5862,134,1,1621592868
5862,989,1,1623833580
5863,643,1,1623847130
5863,688,1,1629106939
5863,150,1,1635779046
5863,659,1,1601212362
5863,134,1,1622282928
5864,643,1,1622283674
5864,234,1,1598608913
5864,692,1,1610443660
5864,644,1,1611134395
5864,659,1,1601276108
5864,339,1,1588676660
5864,552,1,1612605489
5865,643,1,1620282213
5865,664,1,1595811681
5865,481,1,1606776618
5865,186,1,1641268261
5865,527,1,1638071643
5865,636,1,1570884815
5865,629,1,1594179078
5865,852,1,1570077412
5865,150,1,1615032355
5865,106,1,1607933907
5865,1164,1,1587744311
5865,134,1,1621667074
5865,78,1,1595574399
5865,765,1,1643035344
5865,989,1,1623962444
5865,306,1,1612950113
5866,643,1,1619195862
5866,508,1,1621808693
5866,78,1,1595417721
5866,859,1,1591916510
5866,291,1,1613510642
5867,643,1,1618980250
5867,285,1,1589612430
5867,363,1,1640413599
5867,659,1,1601183231
5867,221,1,1581668580
5868,643,1,1618914925
5868,971,1,1587789527
5868,1385,1,1644851842
5868,278,1,1587356994
5868,134,1,1622974310
5868,989,1,1623863975
5869,643,1,1618911526
5869,49,1,1573360907
5869,951,1,1596560989
5869,281,1,1566481325
5869,363,1,1562335839
5869,339,1,1569927321
5869,552,1,1612726243
5870,643,1,1618889937
5870,508,1,1621682917
5870,416,1,1633780376
5870,786,1,1620063494
5870,413,1,1610885565
5870,246,1,1600604927
5870,883,1,1595925404
5871,643,1,1618839959
5871,688,1,1628687285
5871,763,1,1627140479
5871,111,1,1606038177
5871,883,1,1580732738
5872,643,1,1618839515
5872,234,1,1598629240
5872,15,1,1629643869
5872,24,1,1641749493
5872,659,1,1601130348
5872,134,1,1621608481
5872,646,1,1608644903
5872,27,1,1618840885
5873,643,1,1618837957
5873,123,1,1600627400
5873,289,1,1614505141
5873,638,1,1567614019
5873,151,1,1575460242
5874,643,1,1618834838
5874,972,1,1583507993
5874,312,1,1589969468
5874,453,1,1596527198
5874,115,1,1614581052
5875,643,1,1618833004
5875,234,1,1598817553
5875,692,1,1609596851
5875,659,1,1601195846
5875,134,1,1621696973
5876,643,1,1618832223
5876,243,1,1636191734
5876,77,1,1607515485
5876,916,1,1616144869
5876,109,1,1636516427
5877,643,1,1618830965
5877,473,1,1630608353
5877,683,1,1644485208
5877,644,1,1611125504
5877,488,1,1609153428
5877,646,1,1608635651
5878,643,1,1618829364
5878,336,1,1564231504
5878,833,1,1619942778
5878,111,1,1605888925
5878,777,1,1640347271
5879,643,1,1618828178
5879,692,1,1609686536
5879,658,1,1565963800
5879,662,1,1586182088
5879,508,1,1620990378
5879,111,1,1605780002
5880,643,1,1618827561
5880,109,1,1636453294
5880,252,1,1634012391
5880,644,1,1611132212
5880,646,1,1608639661
5881,643,1,1618827540
5881,527,1,1638018705
5881,281,1,1566484716
5881,338,1,1583237091
5881,111,1,1605795996
5881,840,1,1643473250
5882,643,1,1618825447
5882,629,1,1590626686
5882,109,1,1636451764
5882,308,1,1630065678
5882,509,1,1635828950
5883,688,1,1630405057
5883,747,1,1637952808
5883,770,1,1641340540
5883,645,1,1632662750
5883,27,1,1635880414
5884,688,1,1628673205
5884,233,1,1600686107
5884,418,1,1629092537
5884,761,1,1630055499
5884,510,1,1630314560
5885,688,1,1628673761
5885,763,1,1628674155
5885,827,1,1625911918
5885,350,1,1625406725
5885,1063,1,1629720723
5886,688,1,1630132596
5886,49,1,1583480310
5886,822,1,1639404590
5886,672,1,1607092799
5886,761,1,1630132786
5887,688,1,1629985149
5887,559,1,1645922995
5887,833,1,1619964088
5887,659,1,1601439594
5887,246,1,1600510942
5887,509,1,1635737165
5887,989,1,1625123819
5888,688,1,1629020648
5888,665,1,1621138235
5888,853,1,1575728344
5888,127,1,1577174637
5888,453,1,1623396248
5888,143,1,1635683215
5889,688,1,1629008719
5889,77,1,1607580275
5889,295,1,1640222054
5889,285,1,1619802042
5889,521,1,1641565619
5889,416,1,1633788929
5889,286,1,1600491433
5890,688,1,1628831990
5890,126,1,1572533311
5890,160,1,1589705728
5890,363,1,1562404684
5890,1257,1,1596458965
5890,932,1,1628855315
5891,688,1,1628693730
5891,527,1,1638195671
5891,636,1,1571074923
5891,150,1,1615045750
5891,732,1,1552245840
5892,688,1,1628684095
5892,430,1,1564863932
5892,1164,1,1587760013
5892,350,1,1588571941
5892,246,1,1602688827
5893,688,1,1628681828
5893,22,1,1634351906
5893,58,1,1634035156
5893,473,1,1629714432
5893,74,1,1631420192
5893,761,1,1630056563
5894,688,1,1628673474
5894,233,1,1600693773
5894,234,1,1598626767
5894,73,1,1642549267
5894,350,1,1588546253
5894,1063,1,1629780942
5894,306,1,1613041872
5895,716,1,1617521043
5895,1038,1,1597154185
5895,613,1,1620616654
5895,744,1,1590069560
5895,858,1,1597753892
5895,101,1,1630144431
5896,716,1,1617540852
5896,951,1,1597831162
5896,928,1,1628158175
5896,738,1,1584960009
5896,859,1,1590309165
5897,716,1,1617512773
5897,184,1,1601135941
5897,889,1,1583559608
5897,731,1,1603516397
5897,735,1,1587213328
5898,830,1,1631805616
5898,1032,1,1611657247
5898,285,1,1590917616
5898,249,1,1570069982
5898,1450,1,1640692943
5898,350,1,1588557364
5899,830,1,1631785997
5899,1386,1,1634776337
5899,257,1,1634529310
5899,792,1,1633835117
5899,696,1,1642156165
5900,830,1,1631718741
5900,242,1,1595218910
5900,243,1,1636178597
5900,1517,1,1629326641
5900,1125,1,1598882593
5900,1082,1,1598766331
5900,437,1,1621337263
5900,42,1,1615140556
5900,413,1,1610894313
5900,739,1,1622559121
5901,830,1,1631703800
5901,692,1,1609582971
5901,658,1,1565988465
5901,336,1,1564227779
5901,363,1,1562330045
5901,357,1,1564583847
5901,221,1,1579625843
5902,1570,1,1643599406
5902,49,1,1578563036
5902,636,1,1570883107
5902,59,1,1605863569
5902,508,1,1622275248
5902,413,1,1610885983
5903,199,1,1489810376
5903,467,1,1638508403
5903,777,1,1640247030
5903,180,1,1616756424
5903,286,1,1574847709
5904,199,1,1488460150
5904,154,1,1600604757
5904,253,1,1591970732
5904,427,1,1644210306
5904,350,1,1593184877
5905,1447,1,1641546359
5905,362,1,1610963692
5905,1032,1,1611685449
5905,1522,1,1602430691
5905,1178,1,1642749015
5906,123,1,1612284187
5906,852,1,1629299540
5906,372,1,1618504448
5906,192,1,1595081719
5906,646,1,1608658246
5907,123,1,1615342963
5907,841,1,1615047022
5907,289,1,1615631391
5907,296,1,1637296300
5907,286,1,1614056227
5908,123,1,1599933811
5908,747,1,1576319293
5908,49,1,1573360367
5908,234,1,1600355064
5908,1199,1,1644775704
5908,508,1,1621009142
5908,134,1,1621655606
5909,123,1,1599926038
5909,459,1,1632523634
5909,249,1,1570027381
5909,902,1,1597546520
5909,713,1,1614418824
5910,123,1,1599823596
5910,644,1,1611133559
5910,659,1,1601120617
5910,672,1,1606559367
5910,111,1,1605787297
5911,123,1,1600514537
5911,508,1,1621099346
5911,1003,1,1590480152
5911,488,1,1609250400
5911,731,1,1603615382
5911,155,1,1600444895
5912,123,1,1599980140
5912,77,1,1607837187
5912,692,1,1609584530
5912,687,1,1596813558
5912,229,1,1587961803
5912,510,1,1630337236
5913,123,1,1599968085
5913,110,1,1627376675
5913,1233,1,1620051245
5913,659,1,1601446720
5913,246,1,1600488306
5914,123,1,1599917582
5914,349,1,1633179063
5914,692,1,1609582453
5914,134,1,1621617427
5914,989,1,1623846166
5915,123,1,1599840277
5915,234,1,1598619330
5915,508,1,1620988881
5915,659,1,1601115389
5915,672,1,1606552971
5915,989,1,1623834891
5916,123,1,1599839788
5916,508,1,1620990039
5916,644,1,1611143254
5916,659,1,1601113530
5916,672,1,1606553488
5916,312,1,1589969627
5916,78,1,1595412864
5917,1479,1,1583602964
5917,889,1,1571834078
5917,253,1,1591967338
5917,430,1,1564743988
5917,151,1,1575369498
5918,1479,1,1583638221
5918,196,1,1620645794
5918,658,1,1566054169
5918,150,1,1615115203
5918,430,1,1564749006
5919,1479,1,1583634794
5919,22,1,1634295663
5919,186,1,1641461158
5919,285,1,1589639853
5919,206,1,1605787913
5919,350,1,1588560665
5920,1479,1,1583601458
5920,928,1,1629629626
5920,1199,1,1643113344
5920,585,1,1585899220
5920,31,1,1643021329
5921,1156,1,1589468021
5921,275,1,1581336798
5921,127,1,1573301214
5921,329,1,1629626754
5921,1261,1,1617020504
5922,1156,1,1589455234
5922,542,1,1632906048
5922,150,1,1615037071
5922,131,1,1638697720
5922,110,1,1627376873
5922,683,1,1644486166
5922,528,1,1640424164
5923,1156,1,1590337184
5923,637,1,1568802116
5923,1244,1,1610895069
5923,585,1,1587348643
5923,1082,1,1598945233
5923,638,1,1567697683
5924,487,1,1637342848
5924,418,1,1629134796
5924,609,1,1636183027
5924,792,1,1632899546
5924,559,1,1645952010
5924,336,1,1564283439
5924,338,1,1552703441
5924,508,1,1621022285
5924,638,1,1567698726
5924,1315,1,1629923054
5925,661,1,1584881904
5925,150,1,1615030539
5925,528,1,1640526013
5925,1039,1,1617346704
5925,732,1,1604121207
5926,661,1,1585098614
5926,385,1,1631605947
5926,419,1,1645842681
5926,16,1,1639980017
5926,503,1,1633844187
5927,661,1,1585053161
5927,450,1,1588573296
5927,427,1,1642098155
5927,115,1,1613135052
5927,221,1,1579696817
5927,1211,1,1642192738
5928,661,1,1585086946
5928,1311,1,1622465415
5928,920,1,1610448729
5928,1469,1,1624606294
5928,371,1,1587899345
5929,699,1,1636372808
5929,362,1,1610708776
5929,106,1,1608033083
5929,201,1,1627392720
5929,1315,1,1630600668
5930,699,1,1634386048
5930,335,1,1631178025
5930,637,1,1568798896
5930,638,1,1567607353
5930,282,1,1558780463
5930,1315,1,1629804634
5931,699,1,1634455036
5931,206,1,1606650058
5931,373,1,1569402451
5931,290,1,1585812260
5931,283,1,1619758150
5932,699,1,1634389193
5932,77,1,1607510073
5932,644,1,1611125974
5932,267,1,1622714638
5932,739,1,1622459124
5933,699,1,1634451912
5933,362,1,1612006098
5933,49,1,1572151113
5933,964,1,1637119935
5933,281,1,1566489814
5933,1003,1,1594395140
5933,453,1,1637418306
5934,699,1,1634994515
5934,385,1,1631073701
5934,1467,1,1634476858
5934,1050,1,1628246621
5934,206,1,1605979126
5934,17,1,1640080063
5935,699,1,1635440098
5935,58,1,1635866672
5935,527,1,1638589101
5935,5,1,1641912510
5935,30,1,1628754177
5936,699,1,1635018359
5936,137,1,1600528738
5936,947,1,1605473188
5936,644,1,1611666356
5936,73,1,1642543686
5936,509,1,1637483930
5937,699,1,1634573057
5937,243,1,1636190639
5937,527,1,1638011403
5937,827,1,1576580546
5937,947,1,1605447566
5937,455,1,1592119485
5937,132,1,1640695607
5937,470,1,1626260587
5938,699,1,1634564886
5938,637,1,1568867683
5938,357,1,1564849918
5938,373,1,1567694674
5938,78,1,1599528970
5939,699,1,1634418828
5939,242,1,1603552336
5939,747,1,1601092804
5939,629,1,1603300309
5939,455,1,1603551429
5940,1022,1,1606295763
5940,865,1,1568537478
5940,1023,1,1504876526
5940,1247,1,1631202503
5940,696,1,1642162210
5941,1022,1,1604551725
5941,792,1,1634001197
5941,249,1,1570018294
5941,644,1,1611127670
5941,134,1,1621598857
5941,883,1,1561866641
5942,1022,1,1604658374
5942,1382,1,1645610695
5942,150,1,1615083227
5942,289,1,1614498284
5942,283,1,1619194312
5943,1022,1,1604668009
5943,1054,1,1604736298
5943,49,1,1572140009
5943,526,1,1605264578
5943,858,1,1599304018
5943,192,1,1597158235
5944,1325,1,1633022526
5944,256,1,1642778635
5944,281,1,1604151749
5944,637,1,1591790161
5944,1405,1,1602402880
5945,1325,1,1627302657
5945,621,1,1617365163
5945,981,1,1636724284
5945,775,1,1617106047
5945,31,1,1643110472
5946,1325,1,1625229495
5946,1255,1,1638784834
5946,1382,1,1590143911
5946,671,1,1626230732
5946,281,1,1566539057
5946,725,1,1587500235
5946,1252,1,1586783173
5946,965,1,1638793251
5946,16,1,1639412135
5947,1325,1,1626239680
5947,928,1,1628326684
5947,295,1,1631441358
5947,15,1,1629984817
5947,932,1,1630849458
5948,1325,1,1625011834
5948,196,1,1622170980
5948,853,1,1605916467
5948,1099,1,1637954760
5948,349,1,1633289722
5948,658,1,1566213889
5948,827,1,1576905049
5948,296,1,1628879922
5948,509,1,1635741279
5949,1325,1,1624973049
5949,747,1,1575899895
5949,196,1,1619830709
5949,1099,1,1637672216
5949,827,1,1576587549
5949,509,1,1635765316
5949,13,1,1607091051
5949,653,1,1638441337
5950,242,1,1627707018
5950,243,1,1636193769
5950,1382,1,1590229987
5950,1385,1,1643720466
5950,267,1,1622791147
5951,242,1,1597248732
5951,916,1,1617494374
5951,473,1,1629627299
5951,134,1,1621590070
5951,453,1,1597249206
5952,242,1,1595251146
5952,1477,1,1635724152
5952,143,1,1634196646
5952,5,1,1641655964
5952,290,1,1599035212
5952,509,1,1635761274
5953,242,1,1595249999
5953,243,1,1636189865
5953,233,1,1600689463
5953,951,1,1598344501
5953,455,1,1592107620
5953,659,1,1601161454
5953,16,1,1638763110
5953,552,1,1612612538
5954,242,1,1595218766
5954,335,1,1631185849
5954,385,1,1632532910
5954,455,1,1592119712
5954,338,1,1552238839
5955,242,1,1595251449
5955,747,1,1594076340
5955,109,1,1636453154
5955,349,1,1633149978
5955,455,1,1592121961
5955,672,1,1606565395
5955,732,1,1594684310
5955,372,1,1590970212
5956,242,1,1595247132
5956,664,1,1595387454
5956,308,1,1630088717
5956,761,1,1630058541
5956,510,1,1630320417
5956,1315,1,1629818771
5957,242,1,1598780056
5957,659,1,1601133971
5957,672,1,1606561487
5957,111,1,1605870357
5957,552,1,1612611001
5957,453,1,1598104170
5957,78,1,1598784965
5958,242,1,1595222815
5958,243,1,1636178356
5958,455,1,1592106724
5958,1187,1,1616986995
5958,171,1,1631334862
5958,653,1,1638343795
5959,243,1,1636441744
5959,127,1,1576144383
5959,902,1,1597566558
5959,1199,1,1643267971
5959,59,1,1606081458
5959,932,1,1629878549
5960,243,1,1636194102
5960,459,1,1633949913
5960,4,1,1608605446
5960,902,1,1597515346
5960,574,1,1641828721
5961,243,1,1636373040
5961,459,1,1632382825
5961,665,1,1613311978
5961,214,1,1632654412
5961,609,1,1637578310
5961,1063,1,1629799234
5962,243,1,1636549187
5962,319,1,1620818522
5962,763,1,1626860794
5962,234,1,1598615077
5962,150,1,1615028293
5962,659,1,1601136150
5963,243,1,1636271754
5963,109,1,1636456226
5963,542,1,1632926642
5963,453,1,1641217803
5963,660,1,1638110715
5964,243,1,1636218239
5964,385,1,1631148308
5964,1387,1,1632544539
5964,289,1,1614508101
5964,78,1,1595402572
5964,1315,1,1630137737
5965,1097,1,1633590195
5965,150,1,1616594690
5965,1429,1,1643097931
5965,430,1,1569235648
5965,376,1,1574240731
5966,747,1,1607442662
5966,644,1,1612609256
5966,312,1,1594211696
5966,503,1,1634231883
5966,254,1,1641737628
5967,747,1,1613830796
5967,171,1,1631409070
5967,267,1,1623242969
5967,5,1,1642993390
5967,908,1,1637782436
5968,747,1,1576745728
5968,664,1,1594375940
5968,275,1,1582113103
5968,636,1,1571480184
5968,969,1,1582972483
5968,827,1,1581309382
5968,824,1,1585398239
5968,350,1,1588724217
5968,290,1,1585569523
5969,747,1,1576659697
5969,233,1,1600782480
5969,763,1,1626883418
5969,629,1,1592008112
5969,928,1,1628200541
5969,827,1,1576655630
5969,1211,1,1642074501
5970,747,1,1584830289
5970,664,1,1594189178
5970,4,1,1608124568
5970,253,1,1591962242
5970,884,1,1590195268
5971,747,1,1577963637
5971,1382,1,1590145633
5971,256,1,1642846899
5971,841,1,1573401617
5971,503,1,1635180509
5971,989,1,1623932424
5972,747,1,1576404695
5972,1382,1,1591548229
5972,1099,1,1637725855
5972,1315,1,1629860797
5972,765,1,1644159439
5972,283,1,1619189514
5972,989,1,1623857580
5973,747,1,1576282785
5973,233,1,1600770664
5973,636,1,1571194788
5973,1257,1,1566911938
5973,290,1,1616839909
5974,747,1,1576281295
5974,473,1,1629716742
5974,1256,1,1610759921
5974,827,1,1576728714
5974,376,1,1574245136
5974,357,1,1564519528
5974,143,1,1634169020
5974,509,1,1635915539
5975,747,1,1576260979
5975,238,1,1601657866
5975,253,1,1591985881
5975,731,1,1603517851
5975,777,1,1640362435
5975,115,1,1613117415
5976,747,1,1576207927
5976,385,1,1631286871
5976,289,1,1616480395
5976,1164,1,1589413685
5976,155,1,1578398485
5977,747,1,1575939737
5977,916,1,1617994785
5977,281,1,1566562881
5977,336,1,1564324141
5977,150,1,1615387325
5977,889,1,1571852854
5977,833,1,1620185669
5977,151,1,1575394582
5978,747,1,1575892670
5978,852,1,1570032771
5978,249,1,1570027729
5978,827,1,1576601083
5978,638,1,1567609775
5978,645,1,1568218408
5978,357,1,1564584652
5979,196,1,1632026349
5979,1311,1,1622436325
5979,928,1,1643810006
5979,1326,1,1622221430
5979,1035,1,1622334614
5980,196,1,1621141751
5980,459,1,1632325244
5980,256,1,1643994808
5980,1315,1,1631294189
5980,976,1,1645371798
5981,196,1,1628500778
5981,77,1,1612721122
5981,1339,1,1628585434
5981,853,1,1624797435
5981,286,1,1628596962
5982,196,1,1625918139
5982,1326,1,1623592025
5982,1257,1,1568109872
5982,192,1,1595319885
5982,373,1,1568081528
5982,510,1,1630377858
5982,976,1,1642258464
5983,196,1,1621165597
5983,22,1,1635784685
5983,114,1,1612890904
5983,1326,1,1622136916
5983,884,1,1590415934
5984,196,1,1619751690
5984,467,1,1638504970
5984,1375,1,1644068694
5984,928,1,1628159080
5984,1368,1,1630291869
5984,439,1,1638685314
5985,196,1,1621065328
5985,1326,1,1622203261
5985,732,1,1605352071
5985,660,1,1638017679
5985,509,1,1635751250
5986,196,1,1619796800
5986,527,1,1638475165
5986,629,1,1591997961
5986,1473,1,1642108453
5986,110,1,1627416746
5986,16,1,1638653893
5986,290,1,1596643610
5986,246,1,1600622866
5986,1315,1,1630003596
5987,196,1,1619779365
5987,917,1,1637683676
5987,671,1,1625755218
5987,983,1,1633425293
5987,683,1,1644498851
5988,196,1,1625853373
5988,1018,1,1643393784
5988,629,1,1595482287
5988,1326,1,1626801698
5988,1424,1,1627733961
5988,989,1,1623905101
5989,196,1,1622036636
5989,692,1,1609586611
5989,110,1,1627378369
5989,111,1,1605794183
5989,134,1,1621594044
5990,196,1,1621260705
5990,1311,1,1612947913
5990,418,1,1629099630
5990,385,1,1631632901
5990,902,1,1597825093
5991,196,1,1621254624
5991,1491,1,1636640928
5991,1424,1,1630498280
5991,308,1,1642509169
5991,765,1,1644232799
5992,196,1,1621147596
5992,964,1,1635571331
5992,1099,1,1637670254
5992,928,1,1628332838
5992,1050,1,1626773081
5992,376,1,1574247534
5993,196,1,1621060414
5993,184,1,1601118695
5993,964,1,1635853206
5993,1252,1,1592317524
5993,430,1,1568714247
5993,453,1,1596475070
5993,5,1,1641706790
5994,196,1,1620644716
5994,1339,1,1593440544
5994,1232,1,1587124479
5994,430,1,1566303712
5994,989,1,1623853390
5995,196,1,1620195777
5995,281,1,1566472452
5995,637,1,1568724003
5995,336,1,1564234639
5995,338,1,1552227227
5995,981,1,1635852569
5996,196,1,1620021846
5996,1099,1,1637674539
5996,1199,1,1643200786
5996,376,1,1574235880
5996,78,1,1596884796
5996,283,1,1619181799
5997,196,1,1619974446
5997,1311,1,1612670137
5997,481,1,1608112483
5997,1376,1,1610863577
5997,1252,1,1602750428
5998,196,1,1619971861
5998,763,1,1626859999
5998,618,1,1637680585
5998,526,1,1603122180
5998,659,1,1601223200
5999,196,1,1619955978
5999,1099,1,1637897340
5999,127,1,1573361751
5999,453,1,1597072526
5999,739,1,1622482470
5999,151,1,1577235738
6000,196,1,1619950310
6000,60,1,1623769857
6000,928,1,1628335558
6000,1232,1,1588240678
6000,1252,1,1621338261
6000,150,1,1616988409
6000,119,1,1644502762
6000,1326,1,1622139594
6000,732,1,1583849780
6001,196,1,1619899307
6001,665,1,1614879221
6001,275,1,1581384484
6001,453,1,1595848348
6001,373,1,1563044272
6002,196,1,1619846894
6002,1050,1,1626829719
6002,508,1,1621005598
6002,1071,1,1641740920
6002,30,1,1626849218
6003,196,1,1619822869
6003,1382,1,1599680743
6003,827,1,1578421730
6003,585,1,1585862032
6003,1315,1,1629884007
6004,196,1,1619788808
6004,1386,1,1634084398
6004,964,1,1635574631
6004,1050,1,1626774163
6004,200,1,1607003997
6005,196,1,1619784657
6005,671,1,1625880811
6005,234,1,1598655782
6005,692,1,1610320894
6005,672,1,1606567810
6005,106,1,1608048714
6005,111,1,1605825082
6005,552,1,1612729562
6006,196,1,1619777327
6006,1099,1,1637723725
6006,17,1,1640259152
6006,1063,1,1629648112
6006,283,1,1619180404
6007,196,1,1619772006
6007,559,1,1644664407
6007,833,1,1619943798
6007,296,1,1627294722
6007,777,1,1640537670
6008,1255,1,1486024970
6008,916,1,1616153416
6008,1050,1,1626868472
6008,1039,1,1617723636
6008,732,1,1620826049
6009,1255,1,1630208970
6009,1480,1,1642315424
6009,59,1,1625975800
6009,308,1,1630209203
6009,1315,1,1629945720
6010,1255,1,1629051715
6010,49,1,1572160013
6010,1377,1,1604312359
6010,430,1,1567035807
6010,739,1,1622718680
6011,1255,1,1486024788
6011,1385,1,1643838578
6011,15,1,1639928814
6011,683,1,1645764524
6011,200,1,1629487940
6011,16,1,1639927886
6012,1255,1,1505619375
6012,665,1,1613697740
6012,617,1,1596201899
6012,349,1,1633414127
6012,30,1,1626756739
6013,22,1,1636835687
6013,481,1,1636213218
6013,853,1,1635602669
6013,1115,1,1641383809
6013,413,1,1610878662
6013,1315,1,1629866267
6014,22,1,1635870360
6014,336,1,1564248976
6014,965,1,1638809135
6014,1163,1,1613238482
6014,453,1,1637385153
6014,30,1,1627800616
6014,246,1,1626503680
6015,22,1,1634388049
6015,964,1,1635589922
6015,15,1,1629626739
6015,416,1,1633768192
6015,308,1,1630077038
6016,22,1,1634565067
6016,527,1,1638156998
6016,87,1,1615623216
6016,289,1,1614508169
6016,732,1,1575604899
6016,932,1,1629006077
6016,16,1,1638607306
6016,373,1,1561470834
6016,509,1,1635740930
6017,22,1,1634482251
6017,226,1,1618877189
6017,455,1,1644325519
6017,5,1,1641801129
6017,479,1,1582292152
6018,22,1,1634385572
6018,49,1,1572064615
6018,671,1,1626202517
6018,308,1,1630061406
6018,761,1,1630061793
6018,134,1,1621595158
6019,22,1,1634364564
6019,58,1,1634036434
6019,473,1,1629631078
6019,989,1,1624351881
6019,589,1,1642085385
6020,22,1,1634361638
6020,349,1,1633149184
6020,692,1,1609596838
6020,1050,1,1626786501
6020,73,1,1642512571
6020,659,1,1601132432
6020,672,1,1606570508
6020,777,1,1640269863
6020,134,1,1621589769
6020,357,1,1564452537
6020,989,1,1623853525
6021,22,1,1634318307
6021,362,1,1629798893
6021,58,1,1634048837
6021,295,1,1631537406
6021,349,1,1633277030
6021,283,1,1619194044
6022,22,1,1634307603
6022,58,1,1634050677
6022,770,1,1640001135
6022,24,1,1641810363
6022,660,1,1637951105
6023,22,1,1634304274
6023,58,1,1634038794
6023,24,1,1641727103
6023,510,1,1632455001
6023,589,1,1641985541
6024,22,1,1634296958
6024,971,1,1587622337
6024,744,1,1557748931
6024,285,1,1589445940
6024,1449,1,1632753994
6024,110,1,1627379636
6024,437,1,1620916914
6025,22,1,1634294644
6025,349,1,1633328696
6025,111,1,1605778283
6025,552,1,1612619577
6025,510,1,1630326884
6026,22,1,1634293764
6026,1147,1,1638848023
6026,618,1,1634962483
6026,119,1,1644422283
6026,110,1,1627378114
6026,74,1,1631419840
6026,761,1,1630055845
6026,510,1,1630314950
6027,1147,1,1640440313
6027,329,1,1630347154
6027,1076,1,1630346764
6027,101,1,1629567917
6027,989,1,1625760668
6028,1147,1,1638847106
6028,154,1,1611417754
6028,372,1,1590943815
6028,376,1,1574225353
6028,437,1,1620909282
6028,101,1,1629363416
6029,1147,1,1638857882
6029,481,1,1606637516
6029,467,1,1638505789
6029,675,1,1636516013
6029,1079,1,1630144984
6030,1147,1,1644506838
6030,1235,1,1636599820
6030,1244,1,1635958130
6030,1076,1,1644558876
6030,675,1,1644510860
6031,621,1,1623478085
6031,665,1,1624358603
6031,4,1,1644473189
6031,109,1,1636451569
6031,675,1,1641792779
6031,134,1,1621591469
6032,621,1,1626276188
6032,1235,1,1636539244
6032,473,1,1629647485
6032,143,1,1634370251
6032,1161,1,1626272721
6032,1493,1,1625963138
6032,602,1,1615562159
6033,621,1,1615824692
6033,542,1,1632918195
6033,15,1,1629625938
6033,205,1,1643618613
6033,132,1,1640684993
6033,416,1,1633781478
6033,16,1,1638617841
6034,621,1,1629979123
6034,1054,1,1628653334
6034,1235,1,1643511554
6034,761,1,1630113610
6034,1161,1,1626168640
6035,621,1,1615826467
6035,665,1,1615270956
6035,455,1,1624032447
6035,289,1,1614508927
6035,1035,1,1621093648
6035,291,1,1614358682
6035,602,1,1617111706
6036,621,1,1615810463
6036,665,1,1612962019
6036,233,1,1600689029
6036,137,1,1600491011
6036,415,1,1599137683
6036,775,1,1616840899
6036,1065,1,1601132249
6037,621,1,1615817944
6037,665,1,1613003463
6037,114,1,1612875084
6037,150,1,1615024226
6037,1261,1,1617022005
6037,552,1,1612628603
6037,306,1,1612958109
6038,621,1,1631367209
6038,1141,1,1605336741
6038,312,1,1602136299
6038,16,1,1638841721
6038,134,1,1622949465
6039,621,1,1616017236
6039,665,1,1624562628
6039,285,1,1589565033
6039,150,1,1615462172
6039,1163,1,1618508473
6039,1281,1,1616328828
6040,621,1,1615820107
6040,233,1,1600693775
6040,644,1,1611129271
6040,111,1,1605779214
6040,552,1,1612605577
6041,1311,1,1641182270
6041,418,1,1629193995
6041,186,1,1641267187
6041,362,1,1625184916
6041,467,1,1638522141
6041,214,1,1632655565
6041,1315,1,1629821808
6042,1311,1,1632382565
6042,692,1,1609673581
6042,289,1,1630963031
6042,976,1,1641554334
6042,602,1,1617094641
6043,1311,1,1621933753
6043,126,1,1574003734
6043,430,1,1564795260
6043,289,1,1621941367
6043,376,1,1574243882
6043,510,1,1630336147
6044,1311,1,1612794610
6044,335,1,1631191918
6044,277,1,1567048244
6044,171,1,1631333472
6044,131,1,1638762510
6044,338,1,1621504756
6044,1003,1,1590183726
6044,488,1,1611313795
6044,5,1,1641645582
6044,1300,1,1586163410
6045,1311,1,1612623042
6045,1280,1,1618901528
6045,1528,1,1607244517
6045,1232,1,1596336562
6045,283,1,1619270798
6046,664,1,1628957778
6046,527,1,1638188327
6046,214,1,1632657818
6046,1315,1,1629997117
6046,602,1,1618734172
6047,664,1,1596374058
6047,629,1,1590585397
6047,585,1,1585832821
6047,106,1,1607955393
6047,1164,1,1587800274
6047,151,1,1604497964
6048,664,1,1602255632
6048,184,1,1602480400
6048,488,1,1609237331
6048,308,1,1630426384
6048,246,1,1600606780
6049,664,1,1603674527
6049,852,1,1596629890
6049,430,1,1594622508
6049,731,1,1603524013
6049,156,1,1631873734
6050,664,1,1595133339
6050,528,1,1640423764
6050,253,1,1592931296
6050,777,1,1640264292
6050,660,1,1637952175
6050,283,1,1619197279
6051,664,1,1594291960
6051,951,1,1598367543
6051,81,1,1642171243
6051,528,1,1640613458
6051,413,1,1611238556
6051,246,1,1600514030
6051,660,1,1638025082
6051,283,1,1619188151
6052,664,1,1595489961
6052,1382,1,1590200527
6052,853,1,1562882981
6052,638,1,1567776416
6052,453,1,1595772597
6052,563,1,1554196703
6053,664,1,1594576998
6053,233,1,1602144095
6053,1032,1,1611712981
6053,1376,1,1612693067
6053,252,1,1631107254
6053,101,1,1629470736
6054,664,1,1594544424
6054,526,1,1603113600
6054,508,1,1621007046
6054,672,1,1606555012
6054,296,1,1627287389
6054,552,1,1612709174
6055,664,1,1594478316
6055,636,1,1570983606
6055,1082,1,1598869582
6055,1246,1,1574522240
6055,221,1,1579621891
6056,664,1,1594229262
6056,233,1,1601063563
6056,979,1,1581859069
6056,150,1,1615027541
6056,110,1,1627380996
6056,253,1,1592839572
6057,664,1,1594209118
6057,275,1,1581508670
6057,770,1,1641352018
6057,127,1,1574685612
6057,253,1,1591968660
6058,664,1,1594205353
6058,1187,1,1617013000
6058,521,1,1639565369
6058,1252,1,1592146078
6058,683,1,1644736964
6058,672,1,1606628652
6058,552,1,1612617324
6058,115,1,1613301307
6059,664,1,1594204050
6059,233,1,1600923706
6059,253,1,1592844947
6059,282,1,1558805016
6059,357,1,1564548167
6059,739,1,1622988815
6060,664,1,1594197940
6060,150,1,1615025957
6060,437,1,1620901796
6060,433,1,1607438498
6060,42,1,1615110597
6060,306,1,1612871184
6061,664,1,1594192935
6061,60,1,1620953195
6061,278,1,1573559844
6061,947,1,1605520763
6061,841,1,1564167043
6061,563,1,1554308084
6062,664,1,1594191488
6062,1293,1,1628867981
6062,1076,1,1629910720
6062,253,1,1592150760
6062,1233,1,1619451692
6062,180,1,1616760425
6063,664,1,1594191368
6063,275,1,1581329559
6063,238,1,1601739180
6063,978,1,1622808902
6063,127,1,1573309517
6063,150,1,1615079293
6063,1003,1,1590162750
6063,339,1,1578069876
6063,1082,1,1598769365
6063,437,1,1620925536
6063,42,1,1615139013
6063,739,1,1622459223
6063,306,1,1612883625
6064,664,1,1594187779
6064,971,1,1587621774
6064,916,1,1616777365
6064,253,1,1591965191
6064,883,1,1562048792
6065,126,1,1619589960
6065,233,1,1600750194
6065,692,1,1609650283
6065,508,1,1621057257
6065,312,1,1597678626
6066,126,1,1572353153
6066,636,1,1578741661
6066,852,1,1570024015
6066,658,1,1565963609
6066,662,1,1586174783
6066,336,1,1564220067
6066,638,1,1567600119
6066,357,1,1564401443
6066,246,1,1600523475
6067,126,1,1572586578
6067,336,1,1564229403
6067,585,1,1585811672
6067,282,1,1558792794
6067,373,1,1561123456
6067,660,1,1639320758
6068,126,1,1572415223
6068,979,1,1581088184
6068,852,1,1570025825
6068,473,1,1629687480
6068,453,1,1595845588
6069,126,1,1580466009
6069,853,1,1561796895
6069,97,1,1576847916
6069,1301,1,1581081269
6069,283,1,1619724816
6070,126,1,1572394633
6070,49,1,1572103233
6070,200,1,1618232349
6070,339,1,1569941905
6070,976,1,1642318378
6070,306,1,1613089602
6071,126,1,1572362425
6071,609,1,1636431199
6071,312,1,1591050855
6071,1071,1,1641740804
6071,981,1,1637040399
6072,126,1,1614101334
6072,295,1,1631449339
6072,508,1,1621002284
6072,312,1,1589990779
6072,16,1,1638633817
6073,126,1,1599485483
6073,418,1,1629433626
6073,467,1,1638521480
6073,350,1,1596184543
6073,973,1,1640713570
6074,126,1,1585230331
6074,249,1,1611340344
6074,969,1,1620337523
6074,1039,1,1618386815
6074,659,1,1602457394
6075,126,1,1572392081
6075,275,1,1581601144
6075,277,1,1556334115
6075,114,1,1612999733
6075,902,1,1599745420
6075,253,1,1592091927
6075,1211,1,1642080241
6075,306,1,1612887637
6076,126,1,1572368316
6076,233,1,1600746191
6076,277,1,1556274480
6076,15,1,1629630377
6076,363,1,1562413356
6076,638,1,1567615994
6076,155,1,1563885608
6076,645,1,1568172591
6076,357,1,1564410858
6076,883,1,1561815635
6077,126,1,1572367323
6077,233,1,1600694654
6077,1032,1,1611656777
6077,281,1,1566624651
6077,637,1,1568726579
6077,1244,1,1610901990
6077,732,1,1550491489
6077,16,1,1640184073
6077,5,1,1641636546
6077,221,1,1579649263
6078,126,1,1572366695
6078,824,1,1584700239
6078,585,1,1586434342
6078,282,1,1558787258
6078,286,1,1574853105
6079,126,1,1572355490
6079,637,1,1568715935
6079,732,1,1550482885
6079,552,1,1612609795
6079,282,1,1558794197
6079,646,1,1608639404
6080,126,1,1572353429
6080,233,1,1600686576
6080,275,1,1581329268
6080,277,1,1556273996
6080,1082,1,1598944604
6080,78,1,1595411549
6080,283,1,1619176151
6081,126,1,1572350530
6081,137,1,1600596458
6081,335,1,1631186360
6081,455,1,1592133614
6081,980,1,1582773369
6081,78,1,1595341850
6081,775,1,1618496356
6082,126,1,1572348744
6082,852,1,1570016964
6082,281,1,1566471918
6082,249,1,1570018228
6082,336,1,1564285503
6082,430,1,1599739124
6082,155,1,1563904511
6083,126,1,1572348382
6083,777,1,1640275871
6083,376,1,1574250925
6083,30,1,1626352842
6083,254,1,1640193237
6084,126,1,1572347523
6084,274,1,1625967940
6084,329,1,1629625533
6084,357,1,1564416100
6084,482,1,1597310974
6085,126,1,1572347034
6085,233,1,1600688183
6085,1039,1,1617358264
6085,155,1,1563899033
6085,128,1,1567772483
6085,739,1,1622468826
6085,306,1,1612868274
6086,459,1,1632225127
6086,275,1,1581336585
6086,16,1,1638604575
6086,128,1,1567769802
6086,883,1,1561809967
6087,1293,1,1628861163
6087,77,1,1607508064
6087,527,1,1638007882
6087,916,1,1616145686
6087,1123,1,1593841506
6088,1293,1,1629806245
6088,1054,1,1604790869
6088,308,1,1630157085
6088,1063,1,1630306335
6088,739,1,1626148569
6089,665,1,1637710762
6089,131,1,1638756499
6089,338,1,1552313632
6089,430,1,1568258738
6089,735,1,1636713750
6090,665,1,1627571823
6090,234,1,1598609773
6090,662,1,1586181138
6090,336,1,1564220709
6090,338,1,1552802599
6090,508,1,1620992853
6090,282,1,1563899585
6090,221,1,1580563789
6091,665,1,1624784952
6091,692,1,1609766668
6091,455,1,1623596397
6091,1063,1,1630078536
6091,739,1,1622721687
6092,233,1,1600778821
6092,671,1,1625978867
6092,902,1,1598975484
6092,1023,1,1531561455
6092,13,1,1608512961
6093,233,1,1600748594
6093,1054,1,1628176666
6093,559,1,1644852248
6093,289,1,1614507916
6093,453,1,1596008188
6093,509,1,1635742273
6094,233,1,1600687373
6094,184,1,1601093858
6094,659,1,1601125269
6094,115,1,1613117384
6094,765,1,1643037295
6095,233,1,1600686585
6095,275,1,1581932897
6095,234,1,1598608347
6095,278,1,1573379407
6095,638,1,1567610746
6095,221,1,1579599513
6096,233,1,1600686487
6096,251,1,1599568264
6096,252,1,1631106855
6096,1367,1,1621333113
6096,437,1,1620903083
6096,433,1,1607418690
6096,42,1,1615109702
6097,233,1,1600686165
6097,275,1,1581327069
6097,658,1,1565967039
6097,278,1,1573379249
6097,336,1,1564221389
6097,363,1,1562321216
6097,659,1,1601112892
6098,233,1,1605601622
6098,77,1,1607865190
6098,1050,1,1626778697
6098,119,1,1643386962
6098,363,1,1562333524
6099,233,1,1603026153
6099,49,1,1575478133
6099,184,1,1601105168
6099,658,1,1565949699
6099,253,1,1595760665
6100,233,1,1601436677
6100,127,1,1573302627
6100,559,1,1644652996
6100,150,1,1615024807
6100,110,1,1627385094
6100,552,1,1612752185
6101,233,1,1601033868
6101,853,1,1631771075
6101,1256,1,1607234216
6101,59,1,1631769567
6101,430,1,1565771725
6101,373,1,1569915826
6101,128,1,1607442855
6101,653,1,1638818014
6102,233,1,1600859203
6102,692,1,1609609169
6102,521,1,1639548334
6102,528,1,1640427666
6102,777,1,1640247637
6103,233,1,1600781575
6103,312,1,1590078976
6103,413,1,1610899704
6103,221,1,1579628103
6103,989,1,1623858030
6104,233,1,1600761628
6104,951,1,1598361833
6104,1377,1,1604653748
6104,902,1,1599292511
6104,1125,1,1601014917
6104,687,1,1598782444
6104,450,1,1598353734
6105,233,1,1600747881
6105,277,1,1556327913
6105,473,1,1629651097
6105,637,1,1568817144
6105,659,1,1601266110
6105,372,1,1591014204
6105,134,1,1621596909
6105,283,1,1619216744
6105,646,1,1608631246
6106,233,1,1600743514
6106,49,1,1575054432
6106,467,1,1638512203
6106,253,1,1592550615
6106,731,1,1603527376
6107,233,1,1600734551
6107,559,1,1644670427
6107,296,1,1627345702
6107,503,1,1634322632
6107,552,1,1612605611
6107,976,1,1643946453
6108,233,1,1600732936
6108,1178,1,1642681210
6108,437,1,1620946192
6108,433,1,1607419657
6108,180,1,1616758656
6108,42,1,1615125268
6109,233,1,1600702264
6109,184,1,1601126629
6109,1199,1,1643239692
6109,78,1,1595432876
6109,30,1,1626396635
6110,233,1,1600699558
6110,186,1,1642228790
6110,947,1,1606804677
6110,23,1,1640774041
6110,24,1,1641725834
6110,659,1,1601159005
6111,233,1,1600698361
6111,336,1,1564227821
6111,150,1,1616310864
6111,833,1,1619944116
6111,672,1,1606593007
6111,312,1,1589982178
6111,932,1,1628848907
6111,246,1,1600490337
6112,233,1,1600697853
6112,275,1,1581334730
6112,644,1,1611135859
6112,732,1,1604040756
6112,111,1,1605789887
6112,357,1,1564395095
6113,233,1,1600697780
6113,238,1,1601644928
6113,1382,1,1590240297
6113,127,1,1583935247
6113,114,1,1612873801
6113,150,1,1615033733
6113,110,1,1627579410
6113,306,1,1612942990
6114,233,1,1600694141
6114,418,1,1629262058
6114,683,1,1644764229
6114,413,1,1610897888
6114,246,1,1600509833
6114,128,1,1567864091
6115,233,1,1600690385
6115,234,1,1598612208
6115,397,1,1629373969
6115,644,1,1611125917
6115,672,1,1606554584
6115,111,1,1605778943
6116,233,1,1600689228
6116,171,1,1631360251
6116,133,1,1637623814
6116,488,1,1609214144
6116,13,1,1606997001
6117,233,1,1600687787
6117,770,1,1640155471
6117,281,1,1566476911
6117,73,1,1642506880
6117,283,1,1619177521
6118,233,1,1600687179
6118,528,1,1640509762
6118,289,1,1614853300
6118,111,1,1606387684
6118,552,1,1612608970
6119,233,1,1600687167
6119,1432,1,1644410324
6119,114,1,1612923006
6119,683,1,1644490379
6119,528,1,1640424515
6119,1079,1,1630153421
6119,283,1,1619177263
6119,482,1,1597278578
6120,1280,1,1618915257
6120,1432,1,1644309663
6120,338,1,1576996491
6120,732,1,1585564654
6120,308,1,1630296252
6121,481,1,1633893357
6121,49,1,1633145627
6121,810,1,1585166606
6121,732,1,1591391058
6121,653,1,1639139194
6122,481,1,1606626460
6122,281,1,1566467322
6122,336,1,1564233214
6122,134,1,1621596703
6122,638,1,1567595094
6122,282,1,1558782796
6123,77,1,1623079465
6123,1054,1,1636522484
6123,687,1,1596854237
6123,1123,1,1621179419
6123,289,1,1617454228
6123,453,1,1622905295
6123,143,1,1634559515
6123,739,1,1640444346
6123,291,1,1619105095
6124,77,1,1607521677
6124,281,1,1566479468
6124,1326,1,1623715392
6124,229,1,1587687543
6124,312,1,1590086294
6125,77,1,1607856708
6125,49,1,1581074945
6125,308,1,1630152896
6125,192,1,1595093582
6125,357,1,1564741956
6125,290,1,1595440644
6126,77,1,1607749463
6126,349,1,1633174189
6126,338,1,1567076887
6126,156,1,1631880337
6126,306,1,1612962344
6127,77,1,1607515035
6127,214,1,1632645980
6127,508,1,1620987294
6127,111,1,1605783247
6127,308,1,1630059175
6127,192,1,1595824635
6127,267,1,1622716721
6127,30,1,1626345194
6128,77,1,1607512147
6128,186,1,1641631384
6128,671,1,1626958764
6128,964,1,1635770814
6128,349,1,1633182642
6128,792,1,1632886603
6128,509,1,1635773409
6129,77,1,1607508459
6129,916,1,1616499870
6129,827,1,1576579811
6129,662,1,1586163180
6129,267,1,1622715243
6130,418,1,1629701780
6130,916,1,1616157356
6130,391,1,1637076454
6130,1164,1,1589256980
6130,731,1,1605248168
6131,418,1,1630956436
6131,1054,1,1606066293
6131,416,1,1634931750
6131,509,1,1636194161
6131,128,1,1617414897
6132,418,1,1629292076
6132,214,1,1632756404
6132,127,1,1573385243
6132,1199,1,1643084082
6132,439,1,1643039584
6132,638,1,1567606191
6132,373,1,1611236559
6132,128,1,1617190486
6133,418,1,1629098077
6133,249,1,1570031225
6133,1199,1,1643085206
6133,502,1,1642345059
6133,338,1,1552313749
6133,528,1,1640440829
6133,865,1,1567597122
6133,155,1,1563922220
6133,357,1,1564547799
6134,418,1,1630844721
6134,186,1,1641269000
6134,527,1,1638007324
6134,289,1,1614484560
6134,5,1,1641638006
6134,1211,1,1642070985
6134,31,1,1642996429
6135,418,1,1630675607
6135,4,1,1624843149
6135,852,1,1620853142
6135,617,1,1622683945
6135,445,1,1631794151
6135,732,1,1626527960
6136,418,1,1629289339
6136,637,1,1568914777
6136,1385,1,1643874555
6136,150,1,1615039773
6136,289,1,1614506726
6136,357,1,1564416456
6136,373,1,1567947217
6137,418,1,1629208273
6137,186,1,1641384085
6137,467,1,1638599425
6137,609,1,1636276223
6137,502,1,1643044652
6137,653,1,1638786257
6138,418,1,1629205888
6138,277,1,1556387262
6138,692,1,1609597370
6138,106,1,1607944110
6138,357,1,1564618180
6138,775,1,1618319760
6139,418,1,1629183905
6139,186,1,1642307097
6139,467,1,1638976044
6139,1199,1,1644056401
6139,672,1,1606664635
6139,291,1,1612339010
6140,418,1,1629173476
6140,770,1,1643755947
6140,502,1,1642883920
6140,5,1,1641981154
6140,31,1,1643227303
6141,418,1,1629125256
6141,527,1,1638202796
6141,1256,1,1564237502
6141,1199,1,1643151569
6141,430,1,1565008473
6141,453,1,1595799911
6142,418,1,1629122036
6142,467,1,1638775385
6142,1199,1,1643097729
6142,659,1,1601180736
6142,1211,1,1642774919
6143,418,1,1629115979
6143,186,1,1641296429
6143,467,1,1638508862
6143,964,1,1636114189
6143,290,1,1585580284
6144,418,1,1629094281
6144,186,1,1641354943
6144,1390,1,1619101704
6144,1199,1,1643099311
6144,31,1,1643015152
6145,418,1,1644269636
6145,186,1,1644272990
6145,467,1,1644272276
6145,1199,1,1644273533
6145,502,1,1644273331
6145,1043,1,1644268047
6145,1211,1,1644273252
6145,31,1,1644273509
6146,186,1,1643987625
6146,770,1,1641021206
6146,972,1,1624268292
6146,453,1,1636724401
6146,13,1,1636631222
6147,186,1,1641275603
6147,467,1,1638513417
6147,637,1,1569056313
6147,426,1,1637415827
6147,1211,1,1642138662
6148,186,1,1641902428
6148,508,1,1628681999
6148,413,1,1611051420
6148,1463,1,1643636088
6148,1211,1,1642426567
6149,186,1,1641544744
6149,559,1,1645120935
6149,1199,1,1644085791
6149,649,1,1625422962
6149,363,1,1596416947
6150,186,1,1641391942
6150,137,1,1600491213
6150,430,1,1564804866
6150,339,1,1569931802
6150,192,1,1595427989
6151,186,1,1641267103
6151,467,1,1638522280
6151,1199,1,1643092896
6151,502,1,1642307615
6151,1211,1,1642072826
6151,31,1,1643009163
6152,186,1,1641389790
6152,527,1,1638337904
6152,559,1,1644832692
6152,289,1,1614524075
6152,939,1,1623858222
6153,186,1,1641268031
6153,1199,1,1643084002
6153,502,1,1642305387
6153,333,1,1644052285
6153,31,1,1642996065
6154,186,1,1642001199
6154,467,1,1638585824
6154,527,1,1638978200
6154,214,1,1632668950
6154,559,1,1644748324
6154,296,1,1627292766
6154,31,1,1643382311
6155,186,1,1641312319
6155,137,1,1600602464
6155,508,1,1621177585
6155,416,1,1633888869
6155,659,1,1602135729
6155,1164,1,1612115704
6156,186,1,1641310958
6156,1099,1,1637766435
6156,792,1,1643009533
6156,439,1,1638970398
6156,376,1,1574221098
6157,186,1,1641293580
6157,613,1,1620626589
6157,1099,1,1637679296
6157,502,1,1642327875
6157,660,1,1638008279
6157,1315,1,1631334674
6157,1211,1,1642068893
6157,31,1,1643022410
6158,186,1,1641289543
6158,1142,1,1577285450
6158,109,1,1636474851
6158,234,1,1598609063
6158,672,1,1606553108
6158,552,1,1612604314
6159,186,1,1641280653
6159,732,1,1580098357
6159,376,1,1605738032
6159,373,1,1561266410
6159,246,1,1600506908
6160,186,1,1641269549
6160,1099,1,1637670051
6160,658,1,1566483914
6160,1050,1,1626779516
6160,78,1,1595590524
6161,186,1,1641269245
6161,502,1,1642309872
6161,1043,1,1640254697
6161,1211,1,1642068559
6161,31,1,1643003559
6162,186,1,1641269232
6162,502,1,1642306187
6162,150,1,1615025124
6162,683,1,1644484549
6162,31,1,1642996214
6163,186,1,1641268158
6163,1199,1,1643082356
6163,508,1,1620986853
6163,659,1,1601112648
6163,1211,1,1642068255
6164,186,1,1641267224
6164,1199,1,1643087114
6164,502,1,1642306229
6164,283,1,1619184196
6164,1211,1,1642071632
6165,186,1,1641266923
6165,559,1,1644654810
6165,1199,1,1643081672
6165,416,1,1633769927
6165,134,1,1621593270
6165,646,1,1608627633
6166,186,1,1641266871
6166,467,1,1638505136
6166,1199,1,1643082184
6166,430,1,1564737612
6166,833,1,1619943680
6166,115,1,1613117171
6166,31,1,1642996151
6167,186,1,1641293395
6167,15,1,1630129553
6167,312,1,1589971976
6167,732,1,1560522945
6167,376,1,1574288962
6167,246,1,1600579563
6168,362,1,1629953561
6168,49,1,1624772358
6168,1040,1,1637469239
6168,119,1,1643434409
6168,735,1,1616244726
6169,362,1,1610703386
6169,4,1,1608112228
6169,916,1,1616144724
6169,111,1,1605779003
6169,134,1,1621594575
6170,362,1,1610876961
6170,278,1,1582650340
6170,338,1,1584186232
6170,289,1,1614740526
6170,312,1,1589988141
6170,488,1,1609407599
6170,291,1,1613145381
6171,362,1,1610713373
6171,649,1,1603966438
6171,508,1,1621168401
6171,73,1,1643000514
6171,672,1,1606567421
6172,362,1,1629689167
6172,527,1,1638338712
6172,853,1,1570080309
6172,349,1,1633229925
6172,110,1,1629724053
6172,508,1,1620990926
6172,416,1,1633776268
6172,339,1,1638443402
6172,16,1,1638634164
6172,111,1,1605796463
6172,115,1,1613122746
6172,509,1,1635738520
6173,362,1,1610875342
6173,1480,1,1642762441
6173,349,1,1633420366
6173,559,1,1645433869
6173,528,1,1640875034
6174,362,1,1610870276
6174,214,1,1632661173
6174,1275,1,1629117314
6174,285,1,1589607733
6174,201,1,1629271188
6175,362,1,1610789419
6175,744,1,1557806932
6175,542,1,1632909266
6175,338,1,1552221743
6175,254,1,1640215363
6175,883,1,1561995925
6176,362,1,1610726568
6176,214,1,1633938307
6176,1257,1,1566609771
6176,290,1,1585646786
6176,115,1,1613130529
6177,362,1,1610711776
6177,4,1,1608508972
6177,744,1,1573304055
6177,234,1,1598852821
6177,1187,1,1616988491
6177,296,1,1627299368
6178,362,1,1610696530
6178,4,1,1609489329
6178,289,1,1623687104
6178,30,1,1626475164
6178,246,1,1600495982
6179,362,1,1610696323
6179,559,1,1644654237
6179,296,1,1627287697
6179,13,1,1607083571
6179,31,1,1642996670
6180,920,1,1610536110
6180,439,1,1638675712
6180,732,1,1605330245
6180,283,1,1619224042
6180,1562,1,1619238913
6181,979,1,1587000003
6181,1152,1,1616977404
6181,392,1,1629624923
6181,386,1,1630280499
6181,803,1,1629625928
6181,31,1,1642998435
6182,979,1,1602921935
6182,902,1,1598422238
6182,1232,1,1613129001
6182,110,1,1627715349
6182,229,1,1597331476
6183,979,1,1582351648
6183,49,1,1572441695
6183,338,1,1572621535
6183,289,1,1630320508
6183,646,1,1638117171
6183,883,1,1562938834
6184,979,1,1580878077
6184,636,1,1572235278
6184,1382,1,1599541788
6184,127,1,1573354993
6184,1211,1,1642418341
6185,137,1,1600491531
6185,251,1,1599580861
6185,426,1,1637417219
6185,252,1,1631195742
6185,368,1,1630339106
6185,775,1,1617029927
6186,137,1,1614771571
6186,238,1,1601924728
6186,508,1,1621106058
6186,732,1,1605142344
6186,1082,1,1598872295
6186,376,1,1614994668
6186,30,1,1626520323
6187,137,1,1600494330
6187,140,1,1589306979
6187,109,1,1636647935
6187,865,1,1567599576
6187,155,1,1564505524
6188,137,1,1600672530
6188,858,1,1598113533
6188,542,1,1632907110
6188,131,1,1639580233
6188,416,1,1633766079
6189,1109,1,1595783014
6189,644,1,1628791345
6189,672,1,1614356933
6189,111,1,1614357401
6189,372,1,1629230746
6189,254,1,1641794094
6190,1109,1,1594624083
6190,971,1,1587624126
6190,1448,1,1590681300
6190,1003,1,1590227735
6190,433,1,1607671454
6190,180,1,1616856660
6190,42,1,1615127897
6191,1032,1,1611657146
6191,738,1,1584959996
6191,296,1,1627302353
6191,415,1,1599138966
6191,884,1,1590154366
6192,1032,1,1611917973
6192,1386,1,1634127818
6192,617,1,1596169502
6192,81,1,1644279244
6192,154,1,1636498354
6193,1032,1,1611775700
6193,226,1,1620673909
6193,430,1,1621680235
6193,229,1,1586638100
6193,376,1,1588026947
6194,1032,1,1612163156
6194,385,1,1631210730
6194,559,1,1644823335
6194,386,1,1630038523
6194,989,1,1623864007
6195,1032,1,1611928331
6195,349,1,1634113026
6195,59,1,1618096909
6195,289,1,1614516988
6195,989,1,1623946374
6196,140,1,1589252767
6196,281,1,1566472042
6196,127,1,1573301417
6196,363,1,1562322318
6196,1003,1,1590159873
6196,372,1,1590919538
6196,415,1,1599151583
6197,1386,1,1645729904
6197,636,1,1570899463
6197,256,1,1645900573
6197,413,1,1627394373
6197,333,1,1646227671
6198,1386,1,1635436014
6198,256,1,1642958443
6198,257,1,1635484113
6198,1076,1,1645631031
6198,675,1,1644300689
6199,1386,1,1635835236
6199,60,1,1621467464
6199,455,1,1592118949
6199,39,1,1600745237
6199,13,1,1607125339
6200,1386,1,1635056175
6200,49,1,1577879667
6200,671,1,1627390117
6200,1099,1,1638016087
6200,160,1,1589895277
6200,954,1,1579546231
6200,295,1,1631441153
6200,658,1,1576405756
6200,15,1,1629731419
6200,649,1,1584022807
6200,339,1,1573123276
6200,376,1,1577330676
6201,1386,1,1633772121
6201,827,1,1576664014
6201,972,1,1589111617
6201,363,1,1562335520
6201,350,1,1588562446
6201,372,1,1590935341
6202,1386,1,1633497088
6202,289,1,1614587701
6202,413,1,1611483052
6202,1352,1,1633112565
6202,291,1,1615260315
6203,1054,1,1604851636
6203,637,1,1568733903
6203,672,1,1606553106
6203,134,1,1621779495
6203,883,1,1561810151
6204,1054,1,1607252225
6204,257,1,1634556045
6204,973,1,1635437814
6204,453,1,1633966868
6204,78,1,1637554694
6205,1054,1,1604673570
6205,275,1,1581336488
6205,281,1,1566476849
6205,692,1,1609581243
6205,283,1,1619175699
6206,1054,1,1605781168
6206,964,1,1636458870
6206,289,1,1614580064
6206,101,1,1629418955
6206,453,1,1596722705
6206,78,1,1596204910
6206,290,1,1585407625
6207,1054,1,1604682298
6207,275,1,1581481294
6207,150,1,1615026593
6207,683,1,1644504253
6207,503,1,1634140353
6208,1054,1,1630058403
6208,335,1,1631265141
6208,15,1,1629723478
6208,416,1,1633777153
6208,932,1,1628853155
6209,1054,1,1606780065
6209,617,1,1607126639
6209,15,1,1631230673
6209,16,1,1638621962
6209,509,1,1636037150
6210,1054,1,1606235261
6210,109,1,1636655704
6210,671,1,1625850489
6210,133,1,1637088466
6210,659,1,1601121173
6210,111,1,1606233335
6211,1054,1,1605023871
6211,902,1,1597601393
6211,339,1,1570795600
6211,638,1,1567593808
6211,376,1,1574224812
6211,981,1,1645385020
6212,1054,1,1604852751
6212,527,1,1638278219
6212,964,1,1635673431
6212,637,1,1568725187
6212,336,1,1564232371
6212,732,1,1605569925
6213,1054,1,1604821417
6213,15,1,1629634434
6213,1199,1,1643190708
6213,502,1,1642322600
6213,5,1,1641644427
6213,1211,1,1642086052
6213,989,1,1625402732
6214,1054,1,1604807620
6214,841,1,1564053475
6214,659,1,1601134165
6214,552,1,1612713531
6214,376,1,1574231198
6214,413,1,1610878552
6214,1521,1,1644329392
6215,1054,1,1604779791
6215,49,1,1572098462
6215,629,1,1590614582
6215,277,1,1556274800
6215,127,1,1573364209
6215,155,1,1563945997
6215,575,1,1643451632
6215,128,1,1567788326
6215,739,1,1622707215
6216,1054,1,1604764074
6216,184,1,1601109054
6216,636,1,1572282535
6216,81,1,1643977524
6216,1326,1,1623485165
6217,1054,1,1604746383
6217,275,1,1581325855
6217,249,1,1570034838
6217,363,1,1564142169
6217,357,1,1564849686
6218,4,1,1608115818
6218,853,1,1561734049
6218,637,1,1568715479
6218,416,1,1633765963
6218,192,1,1594985348
6218,470,1,1624381662
6219,4,1,1609646539
6219,559,1,1644654816
6219,39,1,1600004205
6219,134,1,1621597671
6219,13,1,1607094306
6220,4,1,1609603909
6220,636,1,1570874001
6220,1199,1,1643088829
6220,154,1,1615927133
6220,889,1,1611757008
6221,4,1,1609283950
6221,184,1,1601309941
6221,39,1,1600555370
6221,246,1,1600645919
6221,13,1,1607027394
6222,4,1,1608628030
6222,455,1,1609911577
6222,1424,1,1641870652
6222,1082,1,1598919693
6222,246,1,1602216201
6223,4,1,1608180783
6223,214,1,1632645145
6223,234,1,1598610782
6223,644,1,1611127176
6223,672,1,1606556073
6224,49,1,1603950001
6224,234,1,1598608310
6224,638,1,1593874514
6224,221,1,1596430860
6224,128,1,1612364455
6225,49,1,1584726070
6225,951,1,1598433867
6225,1252,1,1588775756
6225,329,1,1630571358
6225,221,1,1597938769
6225,1417,1,1628781826
6225,646,1,1613415258
6226,49,1,1580305920
6226,1382,1,1591608810
6226,127,1,1582949974
6226,81,1,1643371980
6226,154,1,1630333321
6226,1278,1,1633809001
6226,1071,1,1641844511
6227,49,1,1575179171
6227,671,1,1627463848
6227,1390,1,1618853039
6227,430,1,1564749295
6227,339,1,1572870202
6228,49,1,1573137890
6228,275,1,1581338746
6228,127,1,1573301969
6228,110,1,1627390372
6228,430,1,1564757729
6229,49,1,1572346139
6229,184,1,1601115879
6229,127,1,1573472665
6229,289,1,1614508621
6229,5,1,1641651138
6230,49,1,1572175485
6230,1385,1,1643652118
6230,662,1,1586221243
6230,841,1,1584680722
6230,350,1,1588645786
6230,286,1,1581042415
6231,49,1,1572075798
6231,526,1,1603127278
6231,363,1,1563521825
6231,373,1,1563246430
6231,509,1,1635769007
6232,49,1,1572056263
6232,928,1,1632569299
6232,1256,1,1612439219
6232,761,1,1630234074
6232,1035,1,1621065455
6233,613,1,1620825861
6233,585,1,1585831506
6233,106,1,1607946583
6233,1164,1,1589375896
6233,339,1,1633342783
6233,1300,1,1630859686
6234,275,1,1616750717
6234,1123,1,1626523217
6234,5,1,1643889607
6234,291,1,1614396981
6234,151,1,1617287316
6235,275,1,1594390286
6235,853,1,1596526383
6235,969,1,1604810532
6235,274,1,1636199753
6235,128,1,1604909366
6236,275,1,1581337862
6236,150,1,1615025467
6236,430,1,1564754393
6236,339,1,1569928265
6236,151,1,1575392951
6237,275,1,1581349533
6237,636,1,1570980520
6237,827,1,1590298426
6237,455,1,1596192230
6237,649,1,1614416982
6237,350,1,1597418961
6237,290,1,1585393995
6237,1315,1,1629879737
6238,275,1,1581329867
6238,971,1,1587622368
6238,281,1,1566480040
6238,127,1,1573301784
6238,249,1,1570019353
6238,336,1,1564223595
6238,150,1,1615129912
6238,430,1,1564740050
6239,275,1,1581327420
6239,841,1,1564053706
6239,206,1,1606051755
6239,563,1,1555119583
6239,739,1,1623040404
6240,275,1,1581871252
6240,675,1,1638090835
6240,357,1,1564603279
6240,981,1,1636178696
6240,696,1,1642280638
6240,31,1,1643129116
6241,275,1,1581611214
6241,277,1,1556326668
6241,637,1,1568814530
6241,336,1,1564248466
6241,282,1,1558793519
6242,275,1,1581522489
6242,78,1,1609903968
6242,30,1,1626413013
6242,246,1,1600633874
6242,602,1,1615709215
6243,275,1,1581395097
6243,59,1,1605874116
6243,1050,1,1626956705
6243,338,1,1605135821
6243,246,1,1600608776
6243,221,1,1617164912
6244,275,1,1581342146
6244,238,1,1601626871
6244,397,1,1629694052
6244,229,1,1585820931
6244,221,1,1579599579
6244,735,1,1587262031
6245,275,1,1581330204
6245,629,1,1590589040
6245,150,1,1615023682
6245,889,1,1571823432
6245,430,1,1564744945
6245,339,1,1569920804
6245,433,1,1607440884
6246,275,1,1581330039
6246,671,1,1625681117
6246,281,1,1566466714
6246,278,1,1573378713
6246,282,1,1558777589
6246,646,1,1608627713
6247,275,1,1581327683
6247,131,1,1638698310
6247,132,1,1640685222
6247,528,1,1640423613
6247,693,1,1602596804
6248,275,1,1581327111
6248,150,1,1615026355
6248,110,1,1627378081
6248,528,1,1640426662
6248,430,1,1564738074
6248,339,1,1569941582
6249,275,1,1581327030
6249,852,1,1570067010
6249,841,1,1564062737
6249,430,1,1564737410
6249,363,1,1564028829
6249,229,1,1585819476
6249,372,1,1591357431
6249,357,1,1564459785
6249,221,1,1579605786
6249,883,1,1561952656
6249,306,1,1612875007
6250,275,1,1581327026
6250,527,1,1638008142
6250,214,1,1632646187
6250,430,1,1564741080
6250,339,1,1569934192
6250,30,1,1626343887
6250,151,1,1575367048
6251,275,1,1581326783
6251,150,1,1615025889
6251,110,1,1627377642
6251,683,1,1644484112
6251,528,1,1640426279
6251,430,1,1564737805
6251,339,1,1569941220
6251,151,1,1575382876
6252,275,1,1581325835
6252,636,1,1570875837
6252,585,1,1585795581
6252,282,1,1558785795
6252,437,1,1620902301
6253,226,1,1620098201
6253,296,1,1627348588
6253,13,1,1608817188
6253,283,1,1619226638
6253,989,1,1623853710
6254,467,1,1638507496
6254,928,1,1628158626
6254,1199,1,1643082434
6254,1211,1,1642068804
6254,31,1,1642999464
6255,467,1,1638504955
6255,385,1,1631107194
6255,1199,1,1643082575
6255,150,1,1615025402
6255,31,1,1642996390
6256,467,1,1638599323
6256,1382,1,1610974422
6256,964,1,1635613806
6256,947,1,1646235636
6256,1424,1,1578929771
6257,184,1,1601300938
6257,609,1,1636367947
6257,256,1,1643302387
6257,1199,1,1643203761
6257,289,1,1614498215
6258,184,1,1601146243
6258,928,1,1629726230
6258,81,1,1641990010
6258,1522,1,1603732987
6258,1252,1,1587026157
6259,184,1,1601126740
6259,1387,1,1633047988
6259,637,1,1568724900
6259,683,1,1644591381
6259,13,1,1616799091
6260,184,1,1601114261
6260,234,1,1598619490
6260,672,1,1606555551
6260,111,1,1605790634
6260,246,1,1600506762
6261,184,1,1601111927
6261,637,1,1568715841
6261,338,1,1552214723
6261,253,1,1592142049
6261,427,1,1641636737
6261,291,1,1612109660
6262,184,1,1601100249
6262,662,1,1586184628
6262,786,1,1619956936
6262,350,1,1588751898
6262,101,1,1629376163
6262,246,1,1600489754
6262,221,1,1584484862
6262,897,1,1627995076
6262,291,1,1612097335
6263,58,1,1636192121
6263,109,1,1636463127
6263,132,1,1640695862
6263,510,1,1630334579
6263,13,1,1615821720
6264,58,1,1634098784
6264,763,1,1626865539
6264,1164,1,1611019724
6264,30,1,1626423074
6264,510,1,1630377041
6264,509,1,1635761671
6265,1142,1,1577193074
6265,792,1,1632933939
6265,559,1,1644946111
6265,947,1,1605462668
6265,683,1,1644766481
6266,527,1,1638008943
6266,289,1,1615601445
6266,1015,1,1631440980
6266,5,1,1641636505
6266,291,1,1612072141
6267,527,1,1638023838
6267,618,1,1635847467
6267,5,1,1641636953
6267,291,1,1612068137
6267,27,1,1620481967
6268,527,1,1638259237
6268,1099,1,1645967861
6268,295,1,1632642910
6268,15,1,1633512605
6268,416,1,1633850733
6269,527,1,1638023867
6269,295,1,1631449897
6269,692,1,1609664706
6269,662,1,1586164222
6269,672,1,1606572215
6269,246,1,1600528322
6270,527,1,1638022767
6270,416,1,1635032061
6270,777,1,1640274662
6270,143,1,1634052935
6270,5,1,1641650504
6270,1211,1,1642082433
6271,527,1,1638019182
6271,397,1,1629362667
6271,24,1,1641808474
6271,5,1,1641640022
6271,589,1,1641983474
6272,527,1,1638014306
6272,427,1,1640770358
6272,659,1,1601132139
6272,16,1,1638607302
6272,976,1,1643882788
6273,527,1,1638008038
6273,289,1,1614482049
6273,5,1,1641686402
6273,30,1,1626342934
6273,291,1,1612062953
6274,527,1,1638014257
6274,772,1,1644848262
6274,5,1,1641636404
6274,290,1,1627736455
6274,1521,1,1644392117
6274,291,1,1628605401
6275,527,1,1639417632
6275,559,1,1645357406
6275,150,1,1615077827
6275,508,1,1621146000
6275,363,1,1566488046
6276,527,1,1639389320
6276,295,1,1631459729
6276,363,1,1602787669
6276,312,1,1589989891
6276,1164,1,1587857548
6276,777,1,1641698517
6276,602,1,1617198561
6277,527,1,1639368013
6277,763,1,1627107599
6277,827,1,1583038963
6277,23,1,1640824767
6277,290,1,1595397199
6278,527,1,1638609894
6278,281,1,1566477830
6278,349,1,1633444321
6278,637,1,1569154049
6278,1390,1,1620116391
6278,1050,1,1626777341
6278,336,1,1564230421
6278,338,1,1564309547
6278,638,1,1567590735
6278,5,1,1641714115
6278,557,1,1623643883
6279,527,1,1638281074
6279,1123,1,1593084165
6279,1050,1,1627020116
6279,289,1,1615084065
6279,17,1,1640086845
6279,291,1,1612083918
6280,527,1,1638261080
6280,256,1,1642772573
6280,1199,1,1644370679
6280,502,1,1642312372
6280,171,1,1631335572
6280,453,1,1595754776
6281,527,1,1638128230
6281,1050,1,1626826240
6281,1257,1,1572241451
6281,939,1,1623242430
6281,602,1,1617748630
6282,527,1,1638103203
6282,725,1,1588337295
6282,1252,1,1588336755
6282,17,1,1640124041
6282,5,1,1641644431
6283,1339,1,1627013149
6283,526,1,1627619247
6283,81,1,1643503517
6283,683,1,1645920133
6283,732,1,1625718297
6284,1339,1,1614236526
6284,15,1,1629639613
6284,932,1,1628847510
6284,437,1,1622267433
6284,1475,1,1621593119
6285,1339,1,1608856333
6285,234,1,1598719094
6285,552,1,1612710637
6285,134,1,1622439253
6285,646,1,1608647267
6286,971,1,1587960690
6286,1003,1,1590192053
6286,437,1,1620921916
6286,433,1,1607437576
6286,415,1,1599143327
6287,971,1,1587803726
6287,385,1,1631089497
6287,559,1,1645943025
6287,488,1,1626238490
6287,296,1,1627485875
6287,376,1,1575560489
6287,357,1,1565618932
6287,739,1,1622476648
6288,971,1,1587633831
6288,234,1,1598649727
6288,372,1,1590966144
6288,290,1,1585629987
6288,589,1,1642060651
6289,971,1,1587636491
6289,585,1,1585809805
6289,453,1,1596638347
6289,660,1,1637988966
6289,283,1,1619178142
6290,971,1,1587625462
6290,637,1,1568717087
6290,336,1,1564227118
6290,282,1,1558780429
6290,357,1,1564456940
6291,636,1,1615306000
6291,852,1,1634565126
6291,106,1,1633539748
6291,16,1,1639363778
6291,372,1,1634479510
6291,509,1,1635737703
6292,636,1,1614947341
6292,249,1,1592758036
6292,1244,1,1621650394
6292,134,1,1621740217
6292,775,1,1616845481
6293,636,1,1578980652
6293,853,1,1562150413
6293,947,1,1606726348
6293,552,1,1612689245
6293,765,1,1643116314
6294,636,1,1571284218
6294,662,1,1586443320
6294,336,1,1564271991
6294,155,1,1563899717
6294,883,1,1561824674
6295,636,1,1572327727
6295,281,1,1566477679
6295,637,1,1569960885
6295,336,1,1565667224
6295,427,1,1641802297
6296,636,1,1571051718
6296,853,1,1595839022
6296,336,1,1564225310
6296,338,1,1552227807
6296,357,1,1564418377
6297,636,1,1570930932
6297,439,1,1638752155
6297,338,1,1580965762
6297,510,1,1630336764
6297,1063,1,1631167433
6298,636,1,1570920904
6298,629,1,1592071801
6298,127,1,1576329533
6298,1050,1,1626968212
6298,765,1,1644933388
6299,636,1,1570900424
6299,256,1,1643270814
6299,1199,1,1644368790
6299,659,1,1601142902
6299,78,1,1595437446
6299,1035,1,1621149460
6300,636,1,1570896435
6300,338,1,1552231289
6300,672,1,1606563440
6300,552,1,1612665063
6300,134,1,1621658001
6300,413,1,1612421685
6301,636,1,1570874348
6301,629,1,1618160621
6301,338,1,1637445612
6301,106,1,1619056681
6301,413,1,1610874585
6301,373,1,1561487935
6302,214,1,1633012556
6302,1471,1,1513776678
6302,109,1,1636455643
6302,278,1,1573401411
6302,947,1,1605458273
6302,659,1,1601128773
6303,214,1,1632722985
6303,336,1,1564231954
6303,312,1,1591091606
6303,17,1,1640091416
6303,638,1,1567652442
6303,267,1,1622877214
6303,1035,1,1621249956
6304,744,1,1558444077
6304,234,1,1598610295
6304,101,1,1629475447
6304,207,1,1607261791
6304,765,1,1643019524
6305,744,1,1557763443
6305,238,1,1601658571
6305,1178,1,1642764821
6305,786,1,1620107673
6305,437,1,1621148072
6305,101,1,1629470211
6305,42,1,1615115652
6306,763,1,1626876370
6306,1040,1,1616475134
6306,281,1,1566529825
6306,115,1,1629433610
6306,291,1,1612073729
6307,763,1,1626872105
6307,134,1,1621773623
6307,5,1,1641643206
6307,1315,1,1629966906
6307,1063,1,1629791770
6308,238,1,1630832792
6308,391,1,1636622059
6308,802,1,1626871077
6308,386,1,1629952505
6308,397,1,1629511746
6309,770,1,1640094862
6309,150,1,1615033403
6309,508,1,1620991340
6309,363,1,1562404688
6309,585,1,1585798829
6309,134,1,1621590119
6309,645,1,1581866367
6310,1578,1,1644450237
6310,371,1,1587901410
6310,249,1,1570102840
6310,827,1,1577703006
6310,336,1,1564236353
6310,338,1,1566481284
6310,357,1,1564475781
6311,335,1,1631181670
6311,542,1,1632916335
6311,15,1,1629742278
6311,274,1,1637399166
6311,932,1,1628848836
6312,506,1,1614177723
6312,109,1,1636450618
6312,1152,1,1616941824
6312,336,1,1586403865
6312,338,1,1585984563
6312,972,1,1614959945
6312,111,1,1605954986
6312,134,1,1621594327
6312,638,1,1583771843
6312,989,1,1629957610
6313,506,1,1624959470
6313,1099,1,1643280297
6313,349,1,1633168652
6313,74,1,1631421056
6313,5,1,1641644828
6314,1382,1,1637900487
6314,609,1,1636984930
6314,257,1,1636555716
6314,1424,1,1637900388
6314,453,1,1640524730
6315,1382,1,1590246482
6315,277,1,1556273379
6315,658,1,1566058209
6315,662,1,1586266064
6315,221,1,1579675134
6316,629,1,1591016842
6316,542,1,1632906548
6316,131,1,1639967219
6316,132,1,1640682974
6316,644,1,1611131047
6316,777,1,1640246883
6316,254,1,1641565903
6317,629,1,1590748227
6317,278,1,1576387688
6317,430,1,1567661100
6317,761,1,1630342721
6317,638,1,1567593249
6318,629,1,1590678010
6318,336,1,1564236270
6318,672,1,1606559527
6318,357,1,1564412624
6318,1211,1,1642073681
6318,989,1,1623854252
6319,629,1,1590581982
6319,637,1,1568723031
6319,336,1,1564230066
6319,659,1,1601216707
6319,376,1,1574229853
6320,1275,1,1628833339
6320,285,1,1589795295
6320,119,1,1643378348
6320,1035,1,1622025773
6320,470,1,1624446836
6321,916,1,1616276698
6321,947,1,1605507090
6321,841,1,1564063627
6321,329,1,1629625116
6321,357,1,1564402437
6322,916,1,1616146889
6322,1099,1,1639224615
6322,119,1,1644064009
6322,74,1,1631512795
6322,1071,1,1641854394
6322,368,1,1630933858
6323,277,1,1556378870
6323,637,1,1569970959
6323,336,1,1564239939
6323,338,1,1552233227
6323,488,1,1610474447
6323,221,1,1579710336
6324,371,1,1586603939
6324,81,1,1642683325
6324,1199,1,1643129703
6324,419,1,1646239855
6324,296,1,1628888721
6325,852,1,1622024970
6325,841,1,1598692066
6325,1014,1,1634466899
6325,253,1,1598072939
6325,645,1,1608343829
6326,852,1,1582010521
6326,285,1,1589699727
6326,658,1,1568890128
6326,336,1,1566509798
6326,200,1,1591551533
6326,732,1,1578199894
6327,852,1,1586122014
6327,671,1,1626606628
6327,1256,1,1583376548
6327,253,1,1591984144
6327,585,1,1587091787
6327,339,1,1584865225
6327,372,1,1591051988
6327,735,1,1587324358
6328,852,1,1570028857
6328,281,1,1566479092
6328,637,1,1568714299
6328,336,1,1564230273
6328,645,1,1568117067
6329,852,1,1570015889
6329,841,1,1564051908
6329,336,1,1564253817
6329,376,1,1574274866
6329,357,1,1564411368
6330,109,1,1636459029
6330,73,1,1642508264
6330,308,1,1630075226
6330,739,1,1622459379
6330,151,1,1575368790
6331,109,1,1636459456
6331,234,1,1598608906
6331,692,1,1609580908
6331,552,1,1612618511
6331,286,1,1575035617
6331,221,1,1579604781
6332,109,1,1636452200
6332,928,1,1636980220
6332,106,1,1636214615
6332,777,1,1640274484
6332,638,1,1584800677
6333,526,1,1626938173
6333,617,1,1640063239
6333,1232,1,1588344086
6333,282,1,1596985582
6333,1247,1,1632716898
6334,526,1,1607281213
6334,1235,1,1637927200
6334,150,1,1615098146
6334,1039,1,1617587044
6334,106,1,1614144724
6335,671,1,1625748078
6335,1164,1,1587800573
6335,1035,1,1621547983
6335,115,1,1613998275
6335,1300,1,1626324865
6336,671,1,1627008516
6336,295,1,1631465636
6336,1039,1,1617454626
6336,73,1,1642518756
6336,416,1,1633769249
6336,16,1,1638613381
6336,509,1,1635835486
6337,671,1,1626427245
6337,1099,1,1638021791
6337,386,1,1630240080
6337,510,1,1630384028
6337,989,1,1623854317
6338,671,1,1626252726
6338,658,1,1570343129
6338,947,1,1605710927
6338,155,1,1604845477
6338,660,1,1638067287
6338,283,1,1619433495
6339,671,1,1626021427
6339,528,1,1640490587
6339,508,1,1621052132
6339,660,1,1638369735
6339,509,1,1635769317
6340,671,1,1625902766
6340,858,1,1597998744
6340,1377,1,1603374036
6340,1199,1,1644548583
6340,78,1,1595344228
6341,671,1,1625855826
6341,662,1,1586169781
6341,786,1,1642424134
6341,973,1,1632989164
6341,187,1,1639974476
6341,989,1,1624024448
6342,964,1,1641148077
6342,1099,1,1641284928
6342,256,1,1644657765
6342,289,1,1630344377
6342,865,1,1591033071
6342,509,1,1646808648
6343,964,1,1635681814
6343,385,1,1631180099
6343,278,1,1573492821
6343,1390,1,1618886938
6343,81,1,1642071883
6343,1050,1,1626782500
6343,585,1,1586660618
6343,1071,1,1641779971
6343,101,1,1629439157
6343,357,1,1564498845
6343,509,1,1635748266
6344,964,1,1635591699
6344,15,1,1629626587
6344,336,1,1564223644
6344,563,1,1554208720
6344,283,1,1619178278
6345,964,1,1635577040
6345,257,1,1634620595
6345,1387,1,1633486820
6345,1050,1,1627884562
6345,17,1,1641745689
6346,853,1,1595954761
6346,1360,1,1644562264
6346,683,1,1645170658
6346,775,1,1616905411
6346,482,1,1597245730
6347,853,1,1572549401
6347,1152,1,1617032237
6347,15,1,1629625866
6347,282,1,1558788349
6347,30,1,1626358161
6348,853,1,1627042563
6348,59,1,1626601593
6348,229,1,1588756571
6348,372,1,1591432050
6348,101,1,1629506701
6348,1063,1,1629700390
6349,853,1,1595916231
6349,349,1,1638650558
6349,336,1,1564247396
6349,357,1,1564941389
6349,78,1,1596889857
6350,1235,1,1636728809
6350,81,1,1642585286
6350,509,1,1635745080
6350,283,1,1619177361
6350,1211,1,1642166907
6351,60,1,1620919131
6351,281,1,1570107048
6351,39,1,1600535740
6351,312,1,1589969833
6351,865,1,1596526202
6351,638,1,1572437665
6352,60,1,1624765639
6352,1099,1,1638193835
6352,928,1,1629478654
6352,39,1,1618489773
6352,30,1,1628730850
6352,13,1,1618478564
6352,883,1,1566315319
6353,60,1,1620995762
6353,171,1,1631348970
6353,39,1,1600852997
6353,16,1,1638765617
6353,30,1,1626346315
6353,739,1,1632204948
6354,609,1,1636650780
6354,289,1,1614499492
6354,1352,1,1633683347
6354,246,1,1601957806
6354,470,1,1624462432
6354,989,1,1623864781
6355,609,1,1636294849
6355,559,1,1644855635
6355,150,1,1615031445
6355,1076,1,1629889525
6355,339,1,1569942193
6355,373,1,1567691166
6355,883,1,1568631550
6356,1152,1,1616929754
6356,234,1,1598614950
6356,336,1,1564234426
6356,5,1,1641640185
6356,976,1,1643984312
6356,989,1,1623860774
6357,1152,1,1616929302
6357,559,1,1644655837
6357,73,1,1642504057
6357,296,1,1627287376
6357,134,1,1621591038
6358,385,1,1632403643
6358,336,1,1564280590
6358,672,1,1606587471
6358,865,1,1568957100
6358,989,1,1623919122
6359,385,1,1631332416
6359,559,1,1644654108
6359,1178,1,1642919690
6359,150,1,1615032256
6359,488,1,1609157918
6359,30,1,1627866397
6359,509,1,1635741008
6360,1099,1,1644554887
6360,658,1,1603514381
6360,1039,1,1617337185
6360,659,1,1601114869
6360,732,1,1604058038
6361,1099,1,1637923101
6361,1199,1,1643082570
6361,502,1,1642305237
6361,1043,1,1624819586
6361,31,1,1642996168
6362,1099,1,1637718181
6362,637,1,1568727465
6362,1257,1,1630771420
6362,282,1,1559487907
6362,646,1,1609869046
6362,989,1,1623898451
6362,602,1,1616845010
6363,1099,1,1637684241
6363,528,1,1640534979
6363,253,1,1592138401
6363,896,1,1615973117
6363,704,1,1606322178
6363,646,1,1624293019
6364,1099,1,1637675387
6364,281,1,1566475127
6364,336,1,1564224881
6364,363,1,1563334574
6364,1257,1,1566615404
6364,357,1,1564639225
6365,1099,1,1637673789
6365,928,1,1628163141
6365,285,1,1589520120
6365,732,1,1606064961
6365,134,1,1621603393
6366,1099,1,1637669957
6366,281,1,1566466287
6366,430,1,1564737240
6366,134,1,1621589502
6366,282,1,1558778162
6366,981,1,1636796285
6367,256,1,1642738754
6367,1467,1,1634471555
6367,150,1,1615134472
6367,133,1,1636192318
6367,253,1,1591962877
6367,509,1,1635740831
6368,256,1,1642734878
6368,416,1,1633766238
6368,376,1,1574220753
6368,155,1,1563887129
6368,128,1,1567766449
6369,256,1,1645026219
6369,638,1,1567590301
6369,357,1,1564564143
6369,246,1,1610728278
6369,739,1,1622464297
6370,473,1,1629640825
6370,23,1,1640774976
6370,777,1,1640250770
6370,510,1,1630314892
6370,509,1,1635736356
6371,1040,1,1615213224
6371,1256,1,1574502814
6371,206,1,1606986944
6371,972,1,1564882511
6371,672,1,1606555439
6371,134,1,1621596547
6372,1040,1,1615204406
6372,234,1,1598619157
6372,692,1,1609588357
6372,278,1,1573387986
6372,508,1,1623260031
6373,928,1,1632979265
6373,429,1,1633133850
6373,285,1,1612686548
6373,1252,1,1610214077
6373,187,1,1614091166
6374,928,1,1628160858
6374,312,1,1589991936
6374,296,1,1627290007
6374,350,1,1588535683
6374,134,1,1621594391
6374,115,1,1613126779
6375,928,1,1629319698
6375,827,1,1643470263
6375,1199,1,1643082881
6375,171,1,1631594890
6375,17,1,1641752685
6376,928,1,1629724045
6376,649,1,1627295525
6376,833,1,1621729291
6376,488,1,1609170610
6376,602,1,1615889697
6377,928,1,1628342184
6377,827,1,1576581339
6377,150,1,1615041539
6377,508,1,1621088044
6377,363,1,1571127661
6378,928,1,1628256490
6378,947,1,1607781338
6378,574,1,1642010944
6378,286,1,1574869627
6378,976,1,1641657390
6379,928,1,1628180136
6379,792,1,1634481850
6379,1326,1,1622274258
6379,488,1,1609152545
6379,1164,1,1587736775
6379,1079,1,1631461223
6379,660,1,1637945330
6380,1029,1,1628684098
6380,252,1,1631266550
6380,39,1,1600065341
6380,111,1,1605783981
6380,368,1,1630321639
6380,245,1,1599320537
6381,160,1,1597967873
6381,649,1,1628175323
6381,350,1,1597894555
6381,115,1,1628176208
6381,704,1,1606060007
6382,281,1,1581607123
6382,1257,1,1575657668
6382,510,1,1630333991
6382,660,1,1638008827
6382,31,1,1642996089
6383,281,1,1566467564
6383,336,1,1564225332
6383,972,1,1559832973
6383,508,1,1620999533
6383,363,1,1562323565
6383,312,1,1589974523
6383,732,1,1552061981
6383,376,1,1574234986
6383,246,1,1600490666
6383,509,1,1635738109
6383,989,1,1623833305
6384,281,1,1566637900
6384,658,1,1565961046
6384,336,1,1564346179
6384,357,1,1564395271
6384,373,1,1562691649
6385,281,1,1566470474
6385,336,1,1564227684
6385,363,1,1562329819
6385,638,1,1567645938
6385,989,1,1623862660
6386,281,1,1566469586
6386,278,1,1573378709
6386,336,1,1564223704
6386,282,1,1558778081
6386,357,1,1564395152
6387,281,1,1566468261
6387,637,1,1568773182
6387,413,1,1610875722
6387,645,1,1568128408
6387,646,1,1608628137
6388,281,1,1567821428
6388,127,1,1584021658
6388,363,1,1562377074
6388,638,1,1567868077
6388,357,1,1564418666
6389,281,1,1566518388
6389,1052,1,1604755387
6389,180,1,1616767573
6389,413,1,1610888843
6389,775,1,1616937732
6390,281,1,1566488490
6390,508,1,1621055710
6390,488,1,1609148856
6390,308,1,1630059282
6390,509,1,1635872218
6391,281,1,1566474352
6391,637,1,1568734697
6391,644,1,1611127060
6391,552,1,1612604905
6391,372,1,1590935589
6391,134,1,1621594240
6392,281,1,1566472911
6392,637,1,1568720937
6392,638,1,1567593850
6392,282,1,1558791237
6392,246,1,1600504843
6393,281,1,1566471831
6393,336,1,1564222848
6393,338,1,1552216941
6393,282,1,1558794780
6393,357,1,1564444280
6394,281,1,1566470964
6394,249,1,1570018927
6394,336,1,1564230780
6394,338,1,1552232784
6394,312,1,1589978787
6394,638,1,1567594017
6395,234,1,1599889051
6395,559,1,1644668221
6395,150,1,1615107341
6395,110,1,1627379935
6395,833,1,1619945199
6396,234,1,1598691717
6396,111,1,1605786068
6396,552,1,1612619722
6396,134,1,1621594214
6396,286,1,1574862586
6397,234,1,1598662289
6397,285,1,1589458177
6397,289,1,1614510210
6397,932,1,1628852555
6397,308,1,1630059516
6398,234,1,1598613685
6398,285,1,1589477731
6398,672,1,1606560045
6398,111,1,1605778466
6398,221,1,1579613458
6399,234,1,1607095875
6399,827,1,1606899298
6399,644,1,1611141165
6399,339,1,1637761335
6399,732,1,1605796830
6400,234,1,1598699488
6400,662,1,1586179940
6400,552,1,1612619689
6400,372,1,1591075944
6400,221,1,1579616997
6401,234,1,1598674463
6401,692,1,1609680651
6401,278,1,1573384764
6401,552,1,1612608213
6401,134,1,1621691025
6402,234,1,1598634255
6402,59,1,1631501598
6402,338,1,1552235679
6402,111,1,1605795169
6402,509,1,1636291974
6403,234,1,1598617203
6403,285,1,1589513315
6403,336,1,1564246503
6403,738,1,1585005378
6403,286,1,1574860405
6404,234,1,1598615529
6404,285,1,1589612070
6404,662,1,1586183198
6404,1003,1,1590159018
6404,372,1,1590922865
6405,234,1,1598612794
6405,692,1,1610366636
6405,1232,1,1614330919
6405,672,1,1606569861
6405,111,1,1606139353
6405,254,1,1640246931
6406,234,1,1598608916
6406,659,1,1601214537
6406,932,1,1628954873
6406,134,1,1621968878
6406,735,1,1597656497
6407,391,1,1636675330
6407,15,1,1629625365
6407,119,1,1643437222
6407,932,1,1628848658
6407,509,1,1635741311
6408,391,1,1636647744
6408,437,1,1621322383
6408,433,1,1608634578
6408,101,1,1629536102
6408,42,1,1615271634
6409,429,1,1510921485
6409,559,1,1644653172
6409,363,1,1562321967
6409,833,1,1619942555
6409,372,1,1590948930
6409,373,1,1562766581
6409,704,1,1605011914
6410,257,1,1634902472
6410,349,1,1633240353
6410,1199,1,1643108710
6410,416,1,1633796152
6410,659,1,1601128166
6411,295,1,1631453941
6411,416,1,1633766761
6411,932,1,1628860566
6411,16,1,1638608406
6411,283,1,1619178576
6412,295,1,1631441761
6412,521,1,1639483705
6412,16,1,1645659753
6412,509,1,1635736474
6412,221,1,1579608719
6413,349,1,1633148277
6413,285,1,1589458062
6413,841,1,1564053604
6413,659,1,1601115204
6413,134,1,1621602072
6413,286,1,1574847937
6414,349,1,1633165429
6414,662,1,1587228187
6414,644,1,1611126064
6414,372,1,1590933884
6414,134,1,1621612126
6414,646,1,1608656236
6415,349,1,1633152671
6415,285,1,1589601218
6415,972,1,1580503514
6415,73,1,1642498749
6415,229,1,1585856514
6416,349,1,1634624009
6416,285,1,1599669477
6416,644,1,1622011906
6416,111,1,1605806233
6416,134,1,1621859883
6417,349,1,1633208824
6417,289,1,1614491530
6417,644,1,1611137493
6417,1164,1,1587725270
6417,291,1,1612077504
6418,349,1,1633182967
6418,15,1,1629677120
6418,338,1,1552316169
6418,16,1,1638604490
6418,372,1,1591004404
6419,349,1,1633169606
6419,662,1,1586184618
6419,1351,1,1633464245
6419,97,1,1578155953
6419,602,1,1615476572
6420,251,1,1599568657
6420,274,1,1625916500
6420,252,1,1631142117
6420,368,1,1630155630
6420,413,1,1610876370
6421,251,1,1599575215
6421,274,1,1625925257
6421,662,1,1586164138
6421,312,1,1589970913
6421,372,1,1590920755
6421,368,1,1630149611
6422,251,1,1599566592
6422,426,1,1637418459
6422,274,1,1626021442
6422,252,1,1631446765
6422,368,1,1630169404
6423,1387,1,1632928717
6423,792,1,1632926200
6423,363,1,1569935848
6423,453,1,1597896266
6423,989,1,1623986990
6424,1387,1,1632755331
6424,792,1,1632754247
6424,528,1,1640933850
6424,115,1,1614955055
6424,221,1,1579950440
6425,127,1,1574602913
6425,200,1,1567810525
6425,373,1,1568725327
6425,290,1,1595801900
6425,976,1,1641423279
6426,127,1,1573312934
6426,111,1,1605786706
6426,552,1,1612615374
6426,134,1,1621607803
6426,291,1,1612065988
6427,127,1,1573308316
6427,1123,1,1593186114
6427,150,1,1615048520
6427,528,1,1640432011
6427,289,1,1614481958
6427,659,1,1601132167
6427,372,1,1590932760
6427,134,1,1621611786
6428,127,1,1573302269
6428,336,1,1564221908
6428,972,1,1577983599
6428,339,1,1569925112
6428,638,1,1567590223
6428,282,1,1558778158
6429,114,1,1612888930
6429,426,1,1637325098
6429,731,1,1603537716
6429,368,1,1630162870
6429,42,1,1615118878
6430,114,1,1612983164
6430,363,1,1562339541
6430,312,1,1591034175
6430,376,1,1574254964
6430,13,1,1636615545
6430,739,1,1624671876
6431,114,1,1612937170
6431,285,1,1622512358
6431,692,1,1632379298
6431,1003,1,1590297860
6431,739,1,1622459984
6432,114,1,1612888087
6432,285,1,1589473405
6432,252,1,1631116463
6432,585,1,1585811847
6432,672,1,1606583786
6433,1491,1,1628842167
6433,1199,1,1643099704
6433,427,1,1642029438
6433,510,1,1630335808
6433,653,1,1639627987
6434,285,1,1589453971
6434,249,1,1582218191
6434,16,1,1638605126
6434,143,1,1634217452
6434,859,1,1589984771
6434,246,1,1602414122
6435,285,1,1590369805
6435,508,1,1622868529
6435,672,1,1606564558
6435,552,1,1612604699
6435,134,1,1621646863
6436,285,1,1589553771
6436,16,1,1638614164
6436,128,1,1631338375
6436,976,1,1645367690
6436,187,1,1631345484
6437,792,1,1633823153
6437,1422,1,1637192585
6437,502,1,1642579480
6437,154,1,1599632640
6437,1326,1,1622311227
6438,792,1,1632501835
6438,289,1,1633615544
6438,282,1,1575375973
6438,357,1,1571292395
6438,883,1,1580461073
6439,792,1,1637884618
6439,559,1,1644721428
6439,15,1,1629627856
6439,16,1,1638633315
6439,976,1,1645362425
6440,792,1,1632536034
6440,1187,1,1616994072
6440,1278,1,1632786539
6440,416,1,1634483538
6440,1071,1,1641823798
6441,858,1,1598720899
6441,376,1,1574322759
6441,373,1,1568050579
6441,696,1,1642160489
6441,653,1,1639310328
6442,559,1,1644667964
6442,336,1,1564293488
6442,659,1,1601206798
6442,552,1,1612742933
6442,192,1,1596111742
6443,559,1,1644720142
6443,131,1,1638717343
6443,132,1,1640701656
6443,16,1,1638610585
6443,976,1,1645710341
6444,559,1,1644657298
6444,658,1,1565951202
6444,430,1,1564763352
6444,508,1,1620993639
6444,638,1,1567598983
6445,559,1,1644672487
6445,833,1,1619959926
6445,296,1,1627289894
6445,777,1,1640356052
6445,115,1,1613144583
6446,559,1,1644671503
6446,81,1,1642246800
6446,253,1,1591975718
6446,376,1,1574247588
6446,509,1,1635790451
6447,559,1,1644675813
6447,649,1,1617711636
6447,833,1,1619955569
6447,115,1,1613121711
6447,660,1,1638008088
6448,559,1,1644801430
6448,81,1,1642035598
6448,171,1,1631364837
6448,73,1,1642514042
6448,777,1,1640254420
6448,5,1,1644216384
6448,30,1,1626403763
6448,765,1,1643138709
6448,989,1,1623886655
6449,559,1,1644655946
6449,833,1,1619954669
6449,296,1,1627296921
6449,777,1,1640260129
6449,115,1,1613121029
6450,249,1,1570035617
6450,841,1,1564053013
6450,336,1,1564222467
6450,1577,1,1575192343
6450,338,1,1552216158
6450,357,1,1564395911
6451,249,1,1570031311
6451,637,1,1568722071
6451,732,1,1620736649
6451,552,1,1612606770
6451,645,1,1568281463
6452,1256,1,1573739685
6452,637,1,1568792693
6452,841,1,1564108569
6452,738,1,1584965379
6452,78,1,1598618933
6453,1256,1,1571125919
6453,336,1,1564229674
6453,338,1,1552224625
6453,180,1,1616761833
6453,509,1,1635743082
6453,128,1,1567776030
6454,1256,1,1565438290
6454,662,1,1586182865
6454,150,1,1615029270
6454,659,1,1601131171
6454,339,1,1569926153
6455,1256,1,1564248504
6455,87,1,1614914001
6455,289,1,1628001618
6455,510,1,1630334576
6455,1579,1,1616832308
6456,810,1,1541413835
6456,338,1,1552222407
6456,308,1,1630072132
6456,282,1,1558778881
6456,989,1,1623854853
6457,692,1,1609581867
6457,171,1,1631408785
6457,150,1,1615028537
6457,508,1,1620988608
6457,488,1,1609163930
6457,989,1,1623835077
6458,692,1,1609583442
6458,336,1,1564223269
6458,659,1,1601112781
6458,312,1,1589989312
6458,989,1,1623847996
6459,692,1,1609581875
6459,508,1,1620987690
6459,659,1,1601127313
6459,296,1,1627286866
6459,134,1,1621688609
6459,115,1,1613123573
6460,692,1,1628223681
6460,659,1,1601129830
6460,111,1,1628223952
6460,552,1,1628223380
6460,350,1,1589515123
6461,692,1,1609592010
6461,278,1,1573379635
6461,111,1,1605778331
6461,552,1,1612605931
6461,134,1,1621592932
6462,902,1,1599112187
6462,419,1,1645975361
6462,841,1,1564748670
6462,150,1,1615052131
6462,415,1,1599147778
6462,78,1,1596385234
6462,482,1,1598604841
6463,637,1,1571577908
6463,662,1,1586169315
6463,731,1,1603517430
6463,207,1,1605716828
6463,883,1,1561821707
6464,637,1,1568730395
6464,1232,1,1587908916
6464,289,1,1618308349
6464,488,1,1609159853
6464,638,1,1567607757
6464,246,1,1600520168
6464,1315,1,1629892523
6464,291,1,1612102570
6465,637,1,1578877499
6465,662,1,1586178342
6465,312,1,1591532285
6465,350,1,1588562867
6465,372,1,1590974577
6465,290,1,1594899093
6466,637,1,1568766193
6466,662,1,1586184993
6466,312,1,1589986347
6466,350,1,1590844472
6466,1211,1,1642346024
6467,637,1,1568730709
6467,1467,1,1634479272
6467,683,1,1644855709
6467,528,1,1643866416
6467,363,1,1562481089
6468,637,1,1568721170
6468,1390,1,1620572972
6468,372,1,1590938896
6468,192,1,1594999904
6468,453,1,1607865479
6469,637,1,1568720813
6469,889,1,1571845569
6469,508,1,1622280107
6469,267,1,1624853405
6469,1247,1,1631115495
6469,589,1,1642014248
6470,637,1,1568720467
6470,841,1,1564068335
6470,336,1,1564228211
6470,638,1,1567598391
6470,357,1,1564405590
6471,637,1,1568720095
6471,841,1,1564062952
6471,336,1,1564220553
6471,338,1,1552275701
6471,644,1,1611125964
6471,638,1,1567596808
6471,282,1,1558777717
6471,376,1,1574249609
6471,645,1,1575017839
6471,286,1,1575030552
6472,637,1,1568714265
6472,711,1,1611819532
6472,1199,1,1643099430
6472,289,1,1614510500
6472,291,1,1614461373
6473,658,1,1565970803
6473,445,1,1631806817
6473,111,1,1605790078
6473,761,1,1631439406
6473,509,1,1635737964
6474,658,1,1577688101
6474,1052,1,1614561554
6474,508,1,1620987685
6474,312,1,1589970517
6474,989,1,1623842359
6475,658,1,1571983946
6475,336,1,1564276564
6475,638,1,1567609431
6475,357,1,1564562584
6475,115,1,1613459208
6476,827,1,1576743238
6476,363,1,1562473212
6476,289,1,1614590206
6476,777,1,1640265210
6476,291,1,1612085145
6477,827,1,1576607248
6477,110,1,1627379367
6477,528,1,1640437635
6477,97,1,1576836032
6477,373,1,1561298276
6477,883,1,1561818933
6478,278,1,1573474237
6478,134,1,1623164868
6478,286,1,1574857036
6478,509,1,1635735852
6478,221,1,1580958872
6479,278,1,1573402163
6479,59,1,1619778347
6479,659,1,1601212554
6479,134,1,1622548114
6479,221,1,1579624666
6480,278,1,1573386553
6480,972,1,1565312672
6480,312,1,1589977219
6480,1164,1,1587722270
6480,1358,1,1645538189
6481,947,1,1605483873
6481,1390,1,1618884340
6481,150,1,1615190212
6481,488,1,1610620509
6481,638,1,1571334192
6481,602,1,1617157489
6482,947,1,1622695287
6482,1050,1,1626774831
6482,289,1,1617420199
6482,833,1,1619944924
6482,296,1,1627287302
6482,291,1,1612062437
6483,15,1,1629643083
6483,1039,1,1618623036
6483,416,1,1633778887
6483,932,1,1628910352
6483,16,1,1638622188
6484,15,1,1629788667
6484,150,1,1615123005
6484,416,1,1633772443
6484,339,1,1571376381
6484,306,1,1612958042
6484,151,1,1610889642
6485,711,1,1613532832
6485,761,1,1631699269
6485,267,1,1624153041
6485,646,1,1637382594
6485,976,1,1641214486
6485,589,1,1643370736
6486,426,1,1639579501
6486,252,1,1640347486
6486,1003,1,1590193708
6486,192,1,1597305967
6486,42,1,1615128074
6487,23,1,1640996252
6487,508,1,1621252728
6487,786,1,1619831681
6487,229,1,1586186239
6487,453,1,1607493548
6488,274,1,1628865795
6488,508,1,1625072051
6488,372,1,1596734201
6488,646,1,1608640667
6488,976,1,1641912630
6489,1123,1,1644719763
6489,289,1,1644167550
6489,5,1,1643121419
6489,290,1,1644721110
6489,765,1,1644347991
6490,1123,1,1619004061
6490,445,1,1646733439
6490,106,1,1612009614
6490,1164,1,1612013903
6490,290,1,1618915342
6491,1123,1,1593070405
6491,289,1,1614484670
6491,5,1,1641637659
6491,290,1,1585375262
6491,291,1,1612066382
6492,1123,1,1593069593
6492,289,1,1614483429
6492,5,1,1641656993
6492,290,1,1585372922
6492,291,1,1612065357
6493,1123,1,1593091712
6493,662,1,1586171210
6493,150,1,1615028831
6493,672,1,1606553172
6493,765,1,1643091368
6494,1199,1,1643536891
6494,725,1,1639634056
6494,363,1,1567340069
6494,416,1,1633879410
6494,989,1,1623870871
6495,1199,1,1643177911
6495,427,1,1641900592
6495,17,1,1640083873
6495,660,1,1637990054
6495,31,1,1643006695
6496,1199,1,1643084028
6496,111,1,1606561851
6496,267,1,1622756246
6496,290,1,1585393624
6496,696,1,1642224428
6497,502,1,1642306203
6497,1076,1,1643681783
6497,675,1,1641607600
6497,101,1,1629507817
6497,1211,1,1642068713
6498,502,1,1643937522
6498,585,1,1585800013
6498,659,1,1601481337
6498,350,1,1588547085
6498,207,1,1605926132
6499,502,1,1642313087
6499,453,1,1616669939
6499,981,1,1646475529
6499,1246,1,1646408886
6499,13,1,1638853909
6499,31,1,1643030690
6500,419,1,1646159347
6500,329,1,1629711379
6500,1076,1,1630067966
6500,675,1,1636515933
6500,143,1,1634301181
6501,59,1,1605954338
6501,336,1,1564617159
6501,338,1,1552215116
6501,508,1,1620997428
6501,638,1,1567598654
6502,59,1,1605917375
6502,427,1,1641691909
6502,976,1,1641254138
6502,653,1,1638575462
6502,989,1,1623981663
6503,59,1,1631255185
6503,289,1,1636378132
6503,1424,1,1641663096
6503,5,1,1641913318
6503,393,1,1639243668
6504,1050,1,1627096909
6504,725,1,1614524888
6504,339,1,1616920282
6504,78,1,1616684192
6504,13,1,1639891610
6505,1050,1,1627046585
6505,74,1,1633581695
6505,1079,1,1630242153
6505,453,1,1596511169
6505,1247,1,1631161474
6506,1050,1,1626770232
6506,521,1,1639478413
6506,1222,1,1638625523
6506,1166,1,1636888087
6506,508,1,1620987039
6506,16,1,1638609751
6507,662,1,1586163556
6507,1039,1,1617338008
6507,510,1,1630324325
6507,509,1,1635765927
6507,646,1,1608642754
6508,841,1,1564113849
6508,659,1,1601500010
6508,312,1,1589976068
6508,339,1,1578496109
6508,645,1,1568197197
6508,151,1,1575365615
6509,841,1,1564063138
6509,289,1,1614494472
6509,372,1,1591021356
6509,645,1,1568212810
6509,775,1,1618131725
6510,521,1,1639655115
6510,433,1,1607425921
6510,775,1,1616907039
6510,883,1,1561866553
6510,482,1,1597295437
6511,725,1,1616760397
6511,1522,1,1616760563
6511,1252,1,1612745148
6511,1035,1,1626149771
6511,653,1,1640336042
6512,1252,1,1617633735
6512,1164,1,1588418279
6512,552,1,1612612948
6512,134,1,1621601887
6512,509,1,1635742742
6513,649,1,1639881608
6513,296,1,1627287478
6513,803,1,1623757651
6513,115,1,1639881849
6513,151,1,1622195314
6514,150,1,1615079319
6514,433,1,1607425447
6514,101,1,1629637142
6514,180,1,1616759968
6514,42,1,1615117006
6515,150,1,1615041897
6515,110,1,1627399067
6515,528,1,1640467392
6515,155,1,1563885888
6515,602,1,1615544159
6516,150,1,1615038195
6516,693,1,1602417556
6516,312,1,1589985986
6516,192,1,1594994660
6516,433,1,1607430595
6516,101,1,1629371841
6516,42,1,1615113515
6516,482,1,1597245474
6517,150,1,1615025279
6517,229,1,1585819275
6517,437,1,1620919910
6517,433,1,1607419531
6517,101,1,1629372929
6517,42,1,1615120547
6518,131,1,1638713415
6518,363,1,1563645966
6518,738,1,1587207843
6518,30,1,1628753738
6518,976,1,1641966876
6519,338,1,1552437922
6519,200,1,1566395317
6519,78,1,1596810117
6519,1063,1,1629643094
6519,602,1,1615613861
6520,329,1,1629627067
6520,1076,1,1629902845
6520,376,1,1574221748
6520,155,1,1563902947
6520,128,1,1567773868
6521,87,1,1614254963
6521,972,1,1580283994
6521,508,1,1620987811
6521,732,1,1583582263
6521,286,1,1578057207
6521,267,1,1622981935
6521,78,1,1643518363
6521,775,1,1616907205
6522,683,1,1645721590
6522,644,1,1611155574
6522,672,1,1606932483
6522,312,1,1589988903
6522,111,1,1605806811
6523,683,1,1644484292
6523,312,1,1589971433
6523,134,1,1621592382
6523,101,1,1629368788
6523,42,1,1615110034
6524,683,1,1644574672
6524,644,1,1611126208
6524,373,1,1606262069
6524,115,1,1613116881
6524,884,1,1590160327
6524,735,1,1587192439
6525,528,1,1640445159
6525,1039,1,1617337218
6525,659,1,1601113336
6525,376,1,1574221015
6525,510,1,1630335484
6526,253,1,1592030522
6526,672,1,1606558870
6526,1082,1,1598768350
6526,221,1,1593668193
6526,291,1,1612344277
6527,430,1,1564738679
6527,732,1,1589266286
6527,350,1,1588764240
6527,981,1,1636264726
6527,31,1,1643202269
6527,589,1,1642065802
6528,430,1,1566794354
6528,1164,1,1590083121
6528,290,1,1585455075
6528,765,1,1644225721
6528,989,1,1623858226
6528,602,1,1618418203
6529,430,1,1566363063
6529,1336,1,1558845364
6529,453,1,1626395484
6529,78,1,1617806751
6529,510,1,1630395134
6529,775,1,1624356133
6530,430,1,1566306275
6530,732,1,1552389542
6530,282,1,1561390744
6530,357,1,1566090712
6530,283,1,1619221836
6531,972,1,1560169525
6531,1336,1,1495933743
6531,427,1,1644222458
6531,777,1,1640275174
6531,192,1,1595036777
6532,508,1,1621073922
6532,416,1,1634196446
6532,1071,1,1641728634
6532,732,1,1625326038
6532,78,1,1596958510
6533,289,1,1615468900
6533,552,1,1636711604
6533,155,1,1627461236
6533,78,1,1645538017
6533,1035,1,1636966787
6534,289,1,1614538404
6534,732,1,1599476765
6534,350,1,1588523455
6534,413,1,1610876969
6534,976,1,1643889915
6534,602,1,1615461065
6535,427,1,1640767677
6535,1315,1,1629858099
6535,976,1,1641544000
6535,989,1,1625128295
6535,589,1,1641983164
6536,644,1,1611125577
6536,659,1,1601114965
6536,672,1,1606553087
6536,111,1,1605783217
6536,646,1,1608630058
6537,644,1,1611139619
6537,445,1,1631979178
6537,509,1,1635737938
6537,646,1,1608630722
6537,482,1,1597239539
6537,884,1,1590382778
6538,416,1,1633766297
6538,932,1,1628847027
6538,16,1,1638607502
6538,675,1,1636530331
6538,1301,1,1583147010
6539,659,1,1601112913
6539,732,1,1564766992
6539,296,1,1627310472
6539,134,1,1621593302
6539,282,1,1558784241
6539,221,1,1579604983
6540,659,1,1601114447
6540,312,1,1589972925
6540,372,1,1590920397
6540,286,1,1574851854
6540,221,1,1579606514
6541,296,1,1627286908
6541,777,1,1640607899
6541,207,1,1605754850
6541,509,1,1637044658
6541,989,1,1623865250
6541,602,1,1615518542
6542,896,1,1615622282
6542,552,1,1612603869
6542,510,1,1630317566
6542,479,1,1596454004
6542,989,1,1623855536
6543,308,1,1642435254
6543,282,1,1558874773
6543,376,1,1574225918
6543,509,1,1635741968
6543,602,1,1615549159
6544,437,1,1620954127
6544,433,1,1607510210
6544,101,1,1629367551
6544,180,1,1616750064
6544,42,1,1615110530
6545,437,1,1620923298
6545,433,1,1607439808
6545,101,1,1631719158
6545,180,1,1616755285
6545,42,1,1615115662
6546,437,1,1620903321
6546,101,1,1629366843
6546,180,1,1621897737
6546,245,1,1598706546
6546,1246,1,1636188603
6547,437,1,1620917627
6547,433,1,1607420596
6547,180,1,1616773415
6547,42,1,1615153458
6547,482,1,1597290686
6548,437,1,1620906085
6548,433,1,1607439877
6548,101,1,1629381563
6548,180,1,1616775734
6548,42,1,1615128488
6549,155,1,1563938430
6549,415,1,1599130118
6549,128,1,1567773196
6549,283,1,1619178228
6549,739,1,1622465900
